[2026-07-27T19:13:11.978Z] [INFO] Collector enabled → binance-spot.BTCUSDT.collector.orderbook-depth
[2026-07-27T19:13:11.994Z] [INFO] Processor enabled → binance-spot.BTCUSDT.orderbook.depth-normalizer
[2026-07-27T19:13:11.994Z] [INFO] Processor enabled → binance-spot.BTCUSDT.orderbook.depth-speed
[2026-07-27T19:13:11.994Z] [INFO] Processor enabled → binance-spot.BTCUSDT.orderbook.depth-levels
[2026-07-27T19:13:11.995Z] [INFO] Processor enabled → binance-spot.BTCUSDT.orderbook.depth-liquidity
[2026-07-27T19:13:11.995Z] [INFO] Processor enabled → binance-spot.BTCUSDT.orderbook.depth-heatmap
[2026-07-27T19:13:11.995Z] [INFO] Processor enabled → binance-spot.BTCUSDT.orderbook.depth-imbalance
[2026-07-27T19:13:11.996Z] [INFO] Processor enabled → binance-spot.BTCUSDT.orderbook.depth-pressure
[2026-07-27T19:13:11.996Z] [INFO] Processor enabled → binance-spot.BTCUSDT.orderbook.depth-absorption
[2026-07-27T19:13:11.996Z] [INFO] Orchestrator starting...
[2026-07-27T19:13:53.595Z] [INFO] Orchestrator starting...
[2026-07-27T19:14:52.702Z] [INFO] Orchestrator starting...
[2026-07-27T19:59:16.746Z] [INFO] Orchestrator starting...
[2026-07-27T20:02:25.182Z] [INFO] Orchestrator starting...
[2026-07-27T20:04:07.912Z] [INFO] Orchestrator starting...
[2026-07-27T20:04:07.919Z] [INFO] SymbolEngine initialized.
[2026-07-27T20:04:07.919Z] [INFO] ModuleManager initialized.
[2026-07-27T20:04:07.920Z] [SUCCESS] Orchestrator fully initialized.
[2026-07-27T20:04:07.920Z] [INFO] Enabling module: binance-spot.BTCUSDT.collector.orderbook-depth
[2026-07-27T20:04:07.920Z] [SUCCESS] Module enabled: binance-spot.BTCUSDT.collector.orderbook-depth
[2026-07-27T20:04:07.920Z] [INFO] Collector enabled → binance-spot.BTCUSDT.collector.orderbook-depth
[2026-07-27T20:04:07.921Z] [INFO] Enabling module: binance-spot.BTCUSDT.orderbook.depth-normalizer
[2026-07-27T20:04:07.921Z] [SUCCESS] Module enabled: binance-spot.BTCUSDT.orderbook.depth-normalizer
[2026-07-27T20:04:07.921Z] [INFO] Processor enabled → binance-spot.BTCUSDT.orderbook.depth-normalizer
[2026-07-27T20:04:07.921Z] [INFO] Enabling module: binance-spot.BTCUSDT.orderbook.depth-speed
[2026-07-27T20:04:07.921Z] [SUCCESS] Module enabled: binance-spot.BTCUSDT.orderbook.depth-speed
[2026-07-27T20:04:07.922Z] [INFO] Processor enabled → binance-spot.BTCUSDT.orderbook.depth-speed
[2026-07-27T20:04:07.922Z] [INFO] Enabling module: binance-spot.BTCUSDT.orderbook.depth-levels
[2026-07-27T20:04:07.922Z] [SUCCESS] Module enabled: binance-spot.BTCUSDT.orderbook.depth-levels
[2026-07-27T20:04:07.922Z] [INFO] Processor enabled → binance-spot.BTCUSDT.orderbook.depth-levels
[2026-07-27T20:04:07.922Z] [INFO] Enabling module: binance-spot.BTCUSDT.orderbook.depth-liquidity
[2026-07-27T20:04:07.922Z] [SUCCESS] Module enabled: binance-spot.BTCUSDT.orderbook.depth-liquidity
[2026-07-27T20:04:07.923Z] [INFO] Processor enabled → binance-spot.BTCUSDT.orderbook.depth-liquidity
[2026-07-27T20:04:07.923Z] [INFO] Enabling module: binance-spot.BTCUSDT.orderbook.depth-heatmap
[2026-07-27T20:04:07.923Z] [SUCCESS] Module enabled: binance-spot.BTCUSDT.orderbook.depth-heatmap
[2026-07-27T20:04:07.923Z] [INFO] Processor enabled → binance-spot.BTCUSDT.orderbook.depth-heatmap
[2026-07-27T20:04:07.923Z] [INFO] Enabling module: binance-spot.BTCUSDT.orderbook.depth-imbalance
[2026-07-27T20:04:07.924Z] [SUCCESS] Module enabled: binance-spot.BTCUSDT.orderbook.depth-imbalance
[2026-07-27T20:04:07.924Z] [INFO] Processor enabled → binance-spot.BTCUSDT.orderbook.depth-imbalance
[2026-07-27T20:04:07.924Z] [INFO] Enabling module: binance-spot.BTCUSDT.orderbook.depth-pressure
[2026-07-27T20:04:07.924Z] [SUCCESS] Module enabled: binance-spot.BTCUSDT.orderbook.depth-pressure
[2026-07-27T20:04:07.924Z] [INFO] Processor enabled → binance-spot.BTCUSDT.orderbook.depth-pressure
[2026-07-27T20:04:07.924Z] [INFO] Enabling module: binance-spot.BTCUSDT.orderbook.depth-absorption
[2026-07-27T20:04:07.924Z] [SUCCESS] Module enabled: binance-spot.BTCUSDT.orderbook.depth-absorption
[2026-07-27T20:04:07.924Z] [INFO] Processor enabled → binance-spot.BTCUSDT.orderbook.depth-absorption
[2026-07-27T20:42:25.047Z] [INFO] Orchestrator starting...
[2026-07-27T20:42:25.062Z] [INFO] SymbolEngine initialized.
[2026-07-27T20:42:25.063Z] [INFO] ModuleManager initialized.
[2026-07-27T20:42:25.063Z] [SUCCESS] Orchestrator fully initialized.
[2026-07-27T20:42:25.063Z] [INFO] Enabling module: binance-spot.BTCUSDT.collector.orderbook-depth
[2026-07-27T20:42:25.233Z] [SUCCESS] Collector started → binance-spot.BTCUSDT.orderbook-depth
[2026-07-27T20:42:25.234Z] [SUCCESS] Module enabled: binance-spot.BTCUSDT.collector.orderbook-depth
[2026-07-27T20:42:25.234Z] [INFO] Collector enabled → binance-spot.BTCUSDT.collector.orderbook-depth
[2026-07-27T20:42:25.235Z] [INFO] Enabling module: binance-spot.BTCUSDT.orderbook.depth-normalizer
[2026-07-27T20:42:25.235Z] [SUCCESS] Module enabled: binance-spot.BTCUSDT.orderbook.depth-normalizer
[2026-07-27T20:42:25.235Z] [INFO] Processor enabled → binance-spot.BTCUSDT.orderbook.depth-normalizer
[2026-07-27T20:42:25.235Z] [INFO] Enabling module: binance-spot.BTCUSDT.orderbook.depth-speed
[2026-07-27T20:42:25.235Z] [SUCCESS] Module enabled: binance-spot.BTCUSDT.orderbook.depth-speed
[2026-07-27T20:42:25.236Z] [INFO] Processor enabled → binance-spot.BTCUSDT.orderbook.depth-speed
[2026-07-27T20:42:25.236Z] [INFO] Enabling module: binance-spot.BTCUSDT.orderbook.depth-levels
[2026-07-27T20:42:25.236Z] [SUCCESS] Module enabled: binance-spot.BTCUSDT.orderbook.depth-levels
[2026-07-27T20:42:25.236Z] [INFO] Processor enabled → binance-spot.BTCUSDT.orderbook.depth-levels
[2026-07-27T20:42:25.236Z] [INFO] Enabling module: binance-spot.BTCUSDT.orderbook.depth-liquidity
[2026-07-27T20:42:25.236Z] [SUCCESS] Module enabled: binance-spot.BTCUSDT.orderbook.depth-liquidity
[2026-07-27T20:42:25.237Z] [INFO] Processor enabled → binance-spot.BTCUSDT.orderbook.depth-liquidity
[2026-07-27T20:42:25.237Z] [INFO] Enabling module: binance-spot.BTCUSDT.orderbook.depth-heatmap
[2026-07-27T20:42:25.237Z] [SUCCESS] Module enabled: binance-spot.BTCUSDT.orderbook.depth-heatmap
[2026-07-27T20:42:25.237Z] [INFO] Processor enabled → binance-spot.BTCUSDT.orderbook.depth-heatmap
[2026-07-27T20:42:25.237Z] [INFO] Enabling module: binance-spot.BTCUSDT.orderbook.depth-imbalance
[2026-07-27T20:42:25.237Z] [SUCCESS] Module enabled: binance-spot.BTCUSDT.orderbook.depth-imbalance
[2026-07-27T20:42:25.238Z] [INFO] Processor enabled → binance-spot.BTCUSDT.orderbook.depth-imbalance
[2026-07-27T20:42:25.238Z] [INFO] Enabling module: binance-spot.BTCUSDT.orderbook.depth-pressure
[2026-07-27T20:42:25.238Z] [SUCCESS] Module enabled: binance-spot.BTCUSDT.orderbook.depth-pressure
[2026-07-27T20:42:25.238Z] [INFO] Processor enabled → binance-spot.BTCUSDT.orderbook.depth-pressure
[2026-07-27T20:42:25.238Z] [INFO] Enabling module: binance-spot.BTCUSDT.orderbook.depth-absorption
[2026-07-27T20:42:25.238Z] [SUCCESS] Module enabled: binance-spot.BTCUSDT.orderbook.depth-absorption
[2026-07-27T20:42:25.239Z] [INFO] Processor enabled → binance-spot.BTCUSDT.orderbook.depth-absorption
[2026-07-27T21:08:40.549Z] [INFO] Orchestrator starting...
[2026-07-27T21:08:40.569Z] [INFO] SymbolEngine initialized.
[2026-07-27T21:08:40.569Z] [INFO] ModuleManager initialized.
[2026-07-27T21:08:40.569Z] [SUCCESS] Orchestrator fully initialized.
[2026-07-27T21:08:40.569Z] [INFO] Enabling module: binance-spot.BTCUSDT.collector.orderbook-depth
[2026-07-27T21:08:40.740Z] [SUCCESS] Collector started → binance-spot.BTCUSDT.orderbook-depth
[2026-07-27T21:08:40.741Z] [SUCCESS] Module enabled: binance-spot.BTCUSDT.collector.orderbook-depth
[2026-07-27T21:08:40.741Z] [INFO] Collector enabled → binance-spot.BTCUSDT.collector.orderbook-depth
[2026-07-27T21:08:40.741Z] [INFO] Enabling module: binance-spot.BTCUSDT.orderbook.depth-normalizer
[2026-07-27T21:08:40.741Z] [SUCCESS] Module enabled: binance-spot.BTCUSDT.orderbook.depth-normalizer
[2026-07-27T21:08:40.741Z] [INFO] Processor enabled → binance-spot.BTCUSDT.orderbook.depth-normalizer
[2026-07-27T21:08:40.741Z] [INFO] Enabling module: binance-spot.BTCUSDT.orderbook.depth-speed
[2026-07-27T21:08:40.741Z] [SUCCESS] Module enabled: binance-spot.BTCUSDT.orderbook.depth-speed
[2026-07-27T21:08:40.741Z] [INFO] Processor enabled → binance-spot.BTCUSDT.orderbook.depth-speed
[2026-07-27T21:08:40.742Z] [INFO] Enabling module: binance-spot.BTCUSDT.orderbook.depth-levels
[2026-07-27T21:08:40.742Z] [SUCCESS] Module enabled: binance-spot.BTCUSDT.orderbook.depth-levels
[2026-07-27T21:08:40.742Z] [INFO] Processor enabled → binance-spot.BTCUSDT.orderbook.depth-levels
[2026-07-27T21:08:40.742Z] [INFO] Enabling module: binance-spot.BTCUSDT.orderbook.depth-liquidity
[2026-07-27T21:08:40.742Z] [SUCCESS] Module enabled: binance-spot.BTCUSDT.orderbook.depth-liquidity
[2026-07-27T21:08:40.742Z] [INFO] Processor enabled → binance-spot.BTCUSDT.orderbook.depth-liquidity
[2026-07-27T21:08:40.742Z] [INFO] Enabling module: binance-spot.BTCUSDT.orderbook.depth-heatmap
[2026-07-27T21:08:40.742Z] [SUCCESS] Module enabled: binance-spot.BTCUSDT.orderbook.depth-heatmap
[2026-07-27T21:08:40.742Z] [INFO] Processor enabled → binance-spot.BTCUSDT.orderbook.depth-heatmap
[2026-07-27T21:08:40.743Z] [INFO] Enabling module: binance-spot.BTCUSDT.orderbook.depth-imbalance
[2026-07-27T21:08:40.743Z] [SUCCESS] Module enabled: binance-spot.BTCUSDT.orderbook.depth-imbalance
[2026-07-27T21:08:40.743Z] [INFO] Processor enabled → binance-spot.BTCUSDT.orderbook.depth-imbalance
[2026-07-27T21:08:40.743Z] [INFO] Enabling module: binance-spot.BTCUSDT.orderbook.depth-pressure
[2026-07-27T21:08:40.743Z] [SUCCESS] Module enabled: binance-spot.BTCUSDT.orderbook.depth-pressure
[2026-07-27T21:08:40.743Z] [INFO] Processor enabled → binance-spot.BTCUSDT.orderbook.depth-pressure
[2026-07-27T21:08:40.743Z] [INFO] Enabling module: binance-spot.BTCUSDT.orderbook.depth-absorption
[2026-07-27T21:08:40.743Z] [SUCCESS] Module enabled: binance-spot.BTCUSDT.orderbook.depth-absorption
[2026-07-27T21:08:40.743Z] [INFO] Processor enabled → binance-spot.BTCUSDT.orderbook.depth-absorption
[2026-07-27T21:08:41.534Z] [ERROR] DepthCollector error → BTCUSDT: Cannot read properties of undefined (reading 'map')
[2026-07-27T21:08:41.630Z] [ERROR] DepthCollector error → BTCUSDT: Cannot read properties of undefined (reading 'map')
[2026-07-27T21:08:41.730Z] [ERROR] DepthCollector error → BTCUSDT: Cannot read properties of undefined (reading 'map')
[2026-07-27T21:08:41.830Z] [ERROR] DepthCollector error → BTCUSDT: Cannot read properties of undefined (reading 'map')
[2026-07-27T21:08:41.932Z] [ERROR] DepthCollector error → BTCUSDT: Cannot read properties of undefined (reading 'map')
[2026-07-27T21:08:42.031Z] [ERROR] DepthCollector error → BTCUSDT: Cannot read properties of undefined (reading 'map')
[2026-07-27T21:08:42.131Z] [ERROR] DepthCollector error → BTCUSDT: Cannot read properties of undefined (reading 'map')
[2026-07-27T21:08:42.230Z] [ERROR] DepthCollector error → BTCUSDT: Cannot read properties of undefined (reading 'map')
[2026-07-27T21:08:42.330Z] [ERROR] DepthCollector error → BTCUSDT: Cannot read properties of undefined (reading 'map')
[2026-07-27T21:08:42.430Z] [ERROR] DepthCollector error → BTCUSDT: Cannot read properties of undefined (reading 'map')
[2026-07-27T21:08:42.530Z] [ERROR] DepthCollector error → BTCUSDT: Cannot read properties of undefined (reading 'map')
[2026-07-27T21:08:42.631Z] [ERROR] DepthCollector error → BTCUSDT: Cannot read properties of undefined (reading 'map')
[2026-07-27T21:08:42.730Z] [ERROR] DepthCollector error → BTCUSDT: Cannot read properties of undefined (reading 'map')
[2026-07-27T21:08:42.830Z] [ERROR] DepthCollector error → BTCUSDT: Cannot read properties of undefined (reading 'map')
[2026-07-27T21:08:42.930Z] [ERROR] DepthCollector error → BTCUSDT: Cannot read properties of undefined (reading 'map')
[2026-07-27T21:08:43.030Z] [ERROR] DepthCollector error → BTCUSDT: Cannot read properties of undefined (reading 'map')
[2026-07-27T21:08:43.131Z] [ERROR] DepthCollector error → BTCUSDT: Cannot read properties of undefined (reading 'map')
[2026-07-27T21:08:43.231Z] [ERROR] DepthCollector error → BTCUSDT: Cannot read properties of undefined (reading 'map')
[2026-07-27T21:08:43.330Z] [ERROR] DepthCollector error → BTCUSDT: Cannot read properties of undefined (reading 'map')
[2026-07-27T21:08:43.430Z] [ERROR] DepthCollector error → BTCUSDT: Cannot read properties of undefined (reading 'map')
[2026-07-27T21:08:43.530Z] [ERROR] DepthCollector error → BTCUSDT: Cannot read properties of undefined (reading 'map')
[2026-07-27T21:08:43.631Z] [ERROR] DepthCollector error → BTCUSDT: Cannot read properties of undefined (reading 'map')
[2026-07-27T21:08:43.730Z] [ERROR] DepthCollector error → BTCUSDT: Cannot read properties of undefined (reading 'map')
[2026-07-27T21:08:43.830Z] [ERROR] DepthCollector error → BTCUSDT: Cannot read properties of undefined (reading 'map')
[2026-07-27T21:08:43.930Z] [ERROR] DepthCollector error → BTCUSDT: Cannot read properties of undefined (reading 'map')
[2026-07-27T21:08:44.030Z] [ERROR] DepthCollector error → BTCUSDT: Cannot read properties of undefined (reading 'map')
[2026-07-27T21:08:44.130Z] [ERROR] DepthCollector error → BTCUSDT: Cannot read properties of undefined (reading 'map')
[2026-07-27T21:08:44.230Z] [ERROR] DepthCollector error → BTCUSDT: Cannot read properties of undefined (reading 'map')
[2026-07-27T21:08:44.331Z] [ERROR] DepthCollector error → BTCUSDT: Cannot read properties of undefined (reading 'map')
[2026-07-27T21:08:44.431Z] [ERROR] DepthCollector error → BTCUSDT: Cannot read properties of undefined (reading 'map')
[2026-07-27T21:08:44.530Z] [ERROR] DepthCollector error → BTCUSDT: Cannot read properties of undefined (reading 'map')
[2026-07-27T21:08:44.631Z] [ERROR] DepthCollector error → BTCUSDT: Cannot read properties of undefined (reading 'map')
[2026-07-27T21:08:44.730Z] [ERROR] DepthCollector error → BTCUSDT: Cannot read properties of undefined (reading 'map')
[2026-07-27T21:08:44.830Z] [ERROR] DepthCollector error → BTCUSDT: Cannot read properties of undefined (reading 'map')
[2026-07-27T21:08:44.931Z] [ERROR] DepthCollector error → BTCUSDT: Cannot read properties of undefined (reading 'map')
[2026-07-27T21:08:45.032Z] [ERROR] DepthCollector error → BTCUSDT: Cannot read properties of undefined (reading 'map')
[2026-07-27T21:08:45.131Z] [ERROR] DepthCollector error → BTCUSDT: Cannot read properties of undefined (reading 'map')
[2026-07-27T21:08:45.231Z] [ERROR] DepthCollector error → BTCUSDT: Cannot read properties of undefined (reading 'map')
[2026-07-27T21:08:45.330Z] [ERROR] DepthCollector error → BTCUSDT: Cannot read properties of undefined (reading 'map')
[2026-07-27T21:08:45.431Z] [ERROR] DepthCollector error → BTCUSDT: Cannot read properties of undefined (reading 'map')
[2026-07-27T21:08:45.530Z] [ERROR] DepthCollector error → BTCUSDT: Cannot read properties of undefined (reading 'map')
[2026-07-27T21:08:45.630Z] [ERROR] DepthCollector error → BTCUSDT: Cannot read properties of undefined (reading 'map')
[2026-07-27T21:08:45.731Z] [ERROR] DepthCollector error → BTCUSDT: Cannot read properties of undefined (reading 'map')
[2026-07-27T21:08:45.831Z] [ERROR] DepthCollector error → BTCUSDT: Cannot read properties of undefined (reading 'map')
[2026-07-27T21:08:45.930Z] [ERROR] DepthCollector error → BTCUSDT: Cannot read properties of undefined (reading 'map')
[2026-07-27T21:08:46.032Z] [ERROR] DepthCollector error → BTCUSDT: Cannot read properties of undefined (reading 'map')
[2026-07-27T21:08:46.132Z] [ERROR] DepthCollector error → BTCUSDT: Cannot read properties of undefined (reading 'map')
[2026-07-27T21:08:46.230Z] [ERROR] DepthCollector error → BTCUSDT: Cannot read properties of undefined (reading 'map')
[2026-07-27T21:08:46.330Z] [ERROR] DepthCollector error → BTCUSDT: Cannot read properties of undefined (reading 'map')
[2026-07-27T21:08:46.430Z] [ERROR] DepthCollector error → BTCUSDT: Cannot read properties of undefined (reading 'map')
[2026-07-27T21:08:46.530Z] [ERROR] DepthCollector error → BTCUSDT: Cannot read properties of undefined (reading 'map')
[2026-07-27T21:08:46.631Z] [ERROR] DepthCollector error → BTCUSDT: Cannot read properties of undefined (reading 'map')
[2026-07-27T21:08:46.732Z] [ERROR] DepthCollector error → BTCUSDT: Cannot read properties of undefined (reading 'map')
[2026-07-27T21:08:46.830Z] [ERROR] DepthCollector error → BTCUSDT: Cannot read properties of undefined (reading 'map')
[2026-07-27T21:08:46.930Z] [ERROR] DepthCollector error → BTCUSDT: Cannot read properties of undefined (reading 'map')
[2026-07-27T21:08:47.030Z] [ERROR] DepthCollector error → BTCUSDT: Cannot read properties of undefined (reading 'map')
[2026-07-27T21:08:47.131Z] [ERROR] DepthCollector error → BTCUSDT: Cannot read properties of undefined (reading 'map')
[2026-07-27T21:08:47.231Z] [ERROR] DepthCollector error → BTCUSDT: Cannot read properties of undefined (reading 'map')
[2026-07-27T21:08:47.330Z] [ERROR] DepthCollector error → BTCUSDT: Cannot read properties of undefined (reading 'map')
[2026-07-27T21:08:47.430Z] [ERROR] DepthCollector error → BTCUSDT: Cannot read properties of undefined (reading 'map')
[2026-07-27T21:08:47.530Z] [ERROR] DepthCollector error → BTCUSDT: Cannot read properties of undefined (reading 'map')
[2026-07-27T21:08:47.631Z] [ERROR] DepthCollector error → BTCUSDT: Cannot read properties of undefined (reading 'map')
[2026-07-27T21:08:47.730Z] [ERROR] DepthCollector error → BTCUSDT: Cannot read properties of undefined (reading 'map')
[2026-07-27T21:08:47.830Z] [ERROR] DepthCollector error → BTCUSDT: Cannot read properties of undefined (reading 'map')
[2026-07-27T21:08:47.930Z] [ERROR] DepthCollector error → BTCUSDT: Cannot read properties of undefined (reading 'map')
[2026-07-27T21:08:48.031Z] [ERROR] DepthCollector error → BTCUSDT: Cannot read properties of undefined (reading 'map')
[2026-07-27T21:08:48.130Z] [ERROR] DepthCollector error → BTCUSDT: Cannot read properties of undefined (reading 'map')
[2026-07-27T21:08:48.230Z] [ERROR] DepthCollector error → BTCUSDT: Cannot read properties of undefined (reading 'map')
[2026-07-27T21:08:48.331Z] [ERROR] DepthCollector error → BTCUSDT: Cannot read properties of undefined (reading 'map')
[2026-07-27T21:08:48.431Z] [ERROR] DepthCollector error → BTCUSDT: Cannot read properties of undefined (reading 'map')
[2026-07-27T21:08:48.530Z] [ERROR] DepthCollector error → BTCUSDT: Cannot read properties of undefined (reading 'map')
[2026-07-27T21:08:48.630Z] [ERROR] DepthCollector error → BTCUSDT: Cannot read properties of undefined (reading 'map')
[2026-07-27T21:08:48.732Z] [ERROR] DepthCollector error → BTCUSDT: Cannot read properties of undefined (reading 'map')
[2026-07-27T21:08:48.830Z] [ERROR] DepthCollector error → BTCUSDT: Cannot read properties of undefined (reading 'map')
[2026-07-27T21:08:48.933Z] [ERROR] DepthCollector error → BTCUSDT: Cannot read properties of undefined (reading 'map')
[2026-07-27T21:08:49.031Z] [ERROR] DepthCollector error → BTCUSDT: Cannot read properties of undefined (reading 'map')
[2026-07-27T21:08:49.131Z] [ERROR] DepthCollector error → BTCUSDT: Cannot read properties of undefined (reading 'map')
[2026-07-27T21:08:49.230Z] [ERROR] DepthCollector error → BTCUSDT: Cannot read properties of undefined (reading 'map')
[2026-07-27T21:08:49.331Z] [ERROR] DepthCollector error → BTCUSDT: Cannot read properties of undefined (reading 'map')
[2026-07-27T21:08:49.430Z] [ERROR] DepthCollector error → BTCUSDT: Cannot read properties of undefined (reading 'map')
[2026-07-27T21:08:49.530Z] [ERROR] DepthCollector error → BTCUSDT: Cannot read properties of undefined (reading 'map')
[2026-07-27T21:08:49.630Z] [ERROR] DepthCollector error → BTCUSDT: Cannot read properties of undefined (reading 'map')
[2026-07-27T21:08:49.730Z] [ERROR] DepthCollector error → BTCUSDT: Cannot read properties of undefined (reading 'map')
[2026-07-27T21:08:49.830Z] [ERROR] DepthCollector error → BTCUSDT: Cannot read properties of undefined (reading 'map')
[2026-07-27T21:08:49.930Z] [ERROR] DepthCollector error → BTCUSDT: Cannot read properties of undefined (reading 'map')
[2026-07-27T21:08:50.030Z] [ERROR] DepthCollector error → BTCUSDT: Cannot read properties of undefined (reading 'map')
[2026-07-27T21:08:50.131Z] [ERROR] DepthCollector error → BTCUSDT: Cannot read properties of undefined (reading 'map')
[2026-07-27T21:08:50.230Z] [ERROR] DepthCollector error → BTCUSDT: Cannot read properties of undefined (reading 'map')
[2026-07-27T21:08:50.330Z] [ERROR] DepthCollector error → BTCUSDT: Cannot read properties of undefined (reading 'map')
[2026-07-27T21:08:50.430Z] [ERROR] DepthCollector error → BTCUSDT: Cannot read properties of undefined (reading 'map')
[2026-07-27T21:08:50.531Z] [ERROR] DepthCollector error → BTCUSDT: Cannot read properties of undefined (reading 'map')
[2026-07-27T21:08:50.630Z] [ERROR] DepthCollector error → BTCUSDT: Cannot read properties of undefined (reading 'map')
[2026-07-27T21:08:50.730Z] [ERROR] DepthCollector error → BTCUSDT: Cannot read properties of undefined (reading 'map')
[2026-07-27T21:08:50.831Z] [ERROR] DepthCollector error → BTCUSDT: Cannot read properties of undefined (reading 'map')
[2026-07-27T21:08:50.931Z] [ERROR] DepthCollector error → BTCUSDT: Cannot read properties of undefined (reading 'map')
[2026-07-27T21:08:51.030Z] [ERROR] DepthCollector error → BTCUSDT: Cannot read properties of undefined (reading 'map')
[2026-07-27T21:08:51.130Z] [ERROR] DepthCollector error → BTCUSDT: Cannot read properties of undefined (reading 'map')
[2026-07-27T21:08:51.230Z] [ERROR] DepthCollector error → BTCUSDT: Cannot read properties of undefined (reading 'map')
[2026-07-27T21:08:51.331Z] [ERROR] DepthCollector error → BTCUSDT: Cannot read properties of undefined (reading 'map')
[2026-07-27T21:08:51.430Z] [ERROR] DepthCollector error → BTCUSDT: Cannot read properties of undefined (reading 'map')
[2026-07-27T21:08:51.530Z] [ERROR] DepthCollector error → BTCUSDT: Cannot read properties of undefined (reading 'map')
[2026-07-27T21:08:51.630Z] [ERROR] DepthCollector error → BTCUSDT: Cannot read properties of undefined (reading 'map')
[2026-07-27T21:08:51.732Z] [ERROR] DepthCollector error → BTCUSDT: Cannot read properties of undefined (reading 'map')
[2026-07-27T21:08:51.830Z] [ERROR] DepthCollector error → BTCUSDT: Cannot read properties of undefined (reading 'map')
[2026-07-27T21:08:51.930Z] [ERROR] DepthCollector error → BTCUSDT: Cannot read properties of undefined (reading 'map')
[2026-07-27T21:08:52.030Z] [ERROR] DepthCollector error → BTCUSDT: Cannot read properties of undefined (reading 'map')
[2026-07-27T21:08:52.130Z] [ERROR] DepthCollector error → BTCUSDT: Cannot read properties of undefined (reading 'map')
[2026-07-27T21:08:52.230Z] [ERROR] DepthCollector error → BTCUSDT: Cannot read properties of undefined (reading 'map')
[2026-07-27T21:08:52.331Z] [ERROR] DepthCollector error → BTCUSDT: Cannot read properties of undefined (reading 'map')
[2026-07-27T21:08:52.430Z] [ERROR] DepthCollector error → BTCUSDT: Cannot read properties of undefined (reading 'map')
[2026-07-27T21:08:52.531Z] [ERROR] DepthCollector error → BTCUSDT: Cannot read properties of undefined (reading 'map')
[2026-07-27T21:08:52.630Z] [ERROR] DepthCollector error → BTCUSDT: Cannot read properties of undefined (reading 'map')
[2026-07-27T21:08:52.730Z] [ERROR] DepthCollector error → BTCUSDT: Cannot read properties of undefined (reading 'map')
[2026-07-27T21:08:52.830Z] [ERROR] DepthCollector error → BTCUSDT: Cannot read properties of undefined (reading 'map')
[2026-07-27T21:08:52.930Z] [ERROR] DepthCollector error → BTCUSDT: Cannot read properties of undefined (reading 'map')
[2026-07-27T21:08:53.031Z] [ERROR] DepthCollector error → BTCUSDT: Cannot read properties of undefined (reading 'map')
[2026-07-27T21:08:53.131Z] [ERROR] DepthCollector error → BTCUSDT: Cannot read properties of undefined (reading 'map')
[2026-07-27T21:08:53.231Z] [ERROR] DepthCollector error → BTCUSDT: Cannot read properties of undefined (reading 'map')
[2026-07-27T21:08:53.330Z] [ERROR] DepthCollector error → BTCUSDT: Cannot read properties of undefined (reading 'map')
[2026-07-27T21:08:53.430Z] [ERROR] DepthCollector error → BTCUSDT: Cannot read properties of undefined (reading 'map')
[2026-07-27T21:08:53.530Z] [ERROR] DepthCollector error → BTCUSDT: Cannot read properties of undefined (reading 'map')
[2026-07-27T21:08:53.631Z] [ERROR] DepthCollector error → BTCUSDT: Cannot read properties of undefined (reading 'map')
[2026-07-27T21:08:53.730Z] [ERROR] DepthCollector error → BTCUSDT: Cannot read properties of undefined (reading 'map')
[2026-07-27T21:08:53.831Z] [ERROR] DepthCollector error → BTCUSDT: Cannot read properties of undefined (reading 'map')
[2026-07-27T21:08:53.930Z] [ERROR] DepthCollector error → BTCUSDT: Cannot read properties of undefined (reading 'map')
[2026-07-27T21:08:54.030Z] [ERROR] DepthCollector error → BTCUSDT: Cannot read properties of undefined (reading 'map')
[2026-07-27T21:08:54.131Z] [ERROR] DepthCollector error → BTCUSDT: Cannot read properties of undefined (reading 'map')
[2026-07-27T21:08:54.231Z] [ERROR] DepthCollector error → BTCUSDT: Cannot read properties of undefined (reading 'map')
[2026-07-27T21:08:54.330Z] [ERROR] DepthCollector error → BTCUSDT: Cannot read properties of undefined (reading 'map')
[2026-07-27T21:08:54.431Z] [ERROR] DepthCollector error → BTCUSDT: Cannot read properties of undefined (reading 'map')
[2026-07-27T21:08:54.530Z] [ERROR] DepthCollector error → BTCUSDT: Cannot read properties of undefined (reading 'map')
[2026-07-27T21:08:54.630Z] [ERROR] DepthCollector error → BTCUSDT: Cannot read properties of undefined (reading 'map')
[2026-07-27T21:08:54.730Z] [ERROR] DepthCollector error → BTCUSDT: Cannot read properties of undefined (reading 'map')
[2026-07-27T21:08:54.830Z] [ERROR] DepthCollector error → BTCUSDT: Cannot read properties of undefined (reading 'map')
[2026-07-27T21:08:54.930Z] [ERROR] DepthCollector error → BTCUSDT: Cannot read properties of undefined (reading 'map')
[2026-07-27T21:08:55.030Z] [ERROR] DepthCollector error → BTCUSDT: Cannot read properties of undefined (reading 'map')
[2026-07-27T21:08:55.132Z] [ERROR] DepthCollector error → BTCUSDT: Cannot read properties of undefined (reading 'map')
[2026-07-27T21:08:55.230Z] [ERROR] DepthCollector error → BTCUSDT: Cannot read properties of undefined (reading 'map')
[2026-07-27T21:08:55.331Z] [ERROR] DepthCollector error → BTCUSDT: Cannot read properties of undefined (reading 'map')
[2026-07-27T21:08:55.430Z] [ERROR] DepthCollector error → BTCUSDT: Cannot read properties of undefined (reading 'map')
[2026-07-27T21:08:55.530Z] [ERROR] DepthCollector error → BTCUSDT: Cannot read properties of undefined (reading 'map')
[2026-07-27T21:08:55.631Z] [ERROR] DepthCollector error → BTCUSDT: Cannot read properties of undefined (reading 'map')
[2026-07-27T21:08:55.731Z] [ERROR] DepthCollector error → BTCUSDT: Cannot read properties of undefined (reading 'map')
[2026-07-27T21:08:55.830Z] [ERROR] DepthCollector error → BTCUSDT: Cannot read properties of undefined (reading 'map')
[2026-07-27T21:08:55.931Z] [ERROR] DepthCollector error → BTCUSDT: Cannot read properties of undefined (reading 'map')
[2026-07-27T21:08:56.031Z] [ERROR] DepthCollector error → BTCUSDT: Cannot read properties of undefined (reading 'map')
[2026-07-27T21:08:56.131Z] [ERROR] DepthCollector error → BTCUSDT: Cannot read properties of undefined (reading 'map')
[2026-07-27T21:08:56.230Z] [ERROR] DepthCollector error → BTCUSDT: Cannot read properties of undefined (reading 'map')
[2026-07-27T21:08:56.331Z] [ERROR] DepthCollector error → BTCUSDT: Cannot read properties of undefined (reading 'map')
[2026-07-27T21:08:56.430Z] [ERROR] DepthCollector error → BTCUSDT: Cannot read properties of undefined (reading 'map')
[2026-07-27T21:08:56.530Z] [ERROR] DepthCollector error → BTCUSDT: Cannot read properties of undefined (reading 'map')
[2026-07-27T21:08:56.630Z] [ERROR] DepthCollector error → BTCUSDT: Cannot read properties of undefined (reading 'map')
[2026-07-27T21:08:56.732Z] [ERROR] DepthCollector error → BTCUSDT: Cannot read properties of undefined (reading 'map')
[2026-07-27T21:08:56.830Z] [ERROR] DepthCollector error → BTCUSDT: Cannot read properties of undefined (reading 'map')
[2026-07-27T21:08:56.930Z] [ERROR] DepthCollector error → BTCUSDT: Cannot read properties of undefined (reading 'map')
[2026-07-27T21:08:57.030Z] [ERROR] DepthCollector error → BTCUSDT: Cannot read properties of undefined (reading 'map')
[2026-07-27T21:08:57.130Z] [ERROR] DepthCollector error → BTCUSDT: Cannot read properties of undefined (reading 'map')
[2026-07-27T21:08:57.231Z] [ERROR] DepthCollector error → BTCUSDT: Cannot read properties of undefined (reading 'map')
[2026-07-27T21:08:57.330Z] [ERROR] DepthCollector error → BTCUSDT: Cannot read properties of undefined (reading 'map')
[2026-07-27T21:08:57.430Z] [ERROR] DepthCollector error → BTCUSDT: Cannot read properties of undefined (reading 'map')
[2026-07-27T21:08:57.530Z] [ERROR] DepthCollector error → BTCUSDT: Cannot read properties of undefined (reading 'map')
[2026-07-27T21:08:57.630Z] [ERROR] DepthCollector error → BTCUSDT: Cannot read properties of undefined (reading 'map')
[2026-07-27T21:08:57.730Z] [ERROR] DepthCollector error → BTCUSDT: Cannot read properties of undefined (reading 'map')
[2026-07-27T21:08:57.830Z] [ERROR] DepthCollector error → BTCUSDT: Cannot read properties of undefined (reading 'map')
[2026-07-27T21:08:57.930Z] [ERROR] DepthCollector error → BTCUSDT: Cannot read properties of undefined (reading 'map')
[2026-07-27T21:08:58.031Z] [ERROR] DepthCollector error → BTCUSDT: Cannot read properties of undefined (reading 'map')
[2026-07-27T21:08:58.130Z] [ERROR] DepthCollector error → BTCUSDT: Cannot read properties of undefined (reading 'map')
[2026-07-27T21:08:58.231Z] [ERROR] DepthCollector error → BTCUSDT: Cannot read properties of undefined (reading 'map')
[2026-07-27T21:08:58.330Z] [ERROR] DepthCollector error → BTCUSDT: Cannot read properties of undefined (reading 'map')
[2026-07-27T21:08:58.430Z] [ERROR] DepthCollector error → BTCUSDT: Cannot read properties of undefined (reading 'map')
[2026-07-27T21:08:58.530Z] [ERROR] DepthCollector error → BTCUSDT: Cannot read properties of undefined (reading 'map')
[2026-07-27T21:08:58.630Z] [ERROR] DepthCollector error → BTCUSDT: Cannot read properties of undefined (reading 'map')
[2026-07-27T21:08:58.731Z] [ERROR] DepthCollector error → BTCUSDT: Cannot read properties of undefined (reading 'map')
[2026-07-27T21:08:58.831Z] [ERROR] DepthCollector error → BTCUSDT: Cannot read properties of undefined (reading 'map')
[2026-07-27T21:08:58.930Z] [ERROR] DepthCollector error → BTCUSDT: Cannot read properties of undefined (reading 'map')
[2026-07-27T21:08:59.030Z] [ERROR] DepthCollector error → BTCUSDT: Cannot read properties of undefined (reading 'map')
[2026-07-27T21:08:59.130Z] [ERROR] DepthCollector error → BTCUSDT: Cannot read properties of undefined (reading 'map')
[2026-07-27T21:08:59.230Z] [ERROR] DepthCollector error → BTCUSDT: Cannot read properties of undefined (reading 'map')
[2026-07-27T21:08:59.331Z] [ERROR] DepthCollector error → BTCUSDT: Cannot read properties of undefined (reading 'map')
[2026-07-27T21:08:59.431Z] [ERROR] DepthCollector error → BTCUSDT: Cannot read properties of undefined (reading 'map')
[2026-07-27T21:08:59.530Z] [ERROR] DepthCollector error → BTCUSDT: Cannot read properties of undefined (reading 'map')
[2026-07-27T21:08:59.630Z] [ERROR] DepthCollector error → BTCUSDT: Cannot read properties of undefined (reading 'map')
[2026-07-27T21:08:59.730Z] [ERROR] DepthCollector error → BTCUSDT: Cannot read properties of undefined (reading 'map')
[2026-07-27T21:08:59.831Z] [ERROR] DepthCollector error → BTCUSDT: Cannot read properties of undefined (reading 'map')
[2026-07-27T21:08:59.930Z] [ERROR] DepthCollector error → BTCUSDT: Cannot read properties of undefined (reading 'map')
[2026-07-27T21:09:00.030Z] [ERROR] DepthCollector error → BTCUSDT: Cannot read properties of undefined (reading 'map')
[2026-07-27T21:09:00.131Z] [ERROR] DepthCollector error → BTCUSDT: Cannot read properties of undefined (reading 'map')
[2026-07-27T21:09:00.230Z] [ERROR] DepthCollector error → BTCUSDT: Cannot read properties of undefined (reading 'map')
[2026-07-27T21:09:00.331Z] [ERROR] DepthCollector error → BTCUSDT: Cannot read properties of undefined (reading 'map')
[2026-07-27T21:09:00.430Z] [ERROR] DepthCollector error → BTCUSDT: Cannot read properties of undefined (reading 'map')
[2026-07-27T21:09:00.530Z] [ERROR] DepthCollector error → BTCUSDT: Cannot read properties of undefined (reading 'map')
[2026-07-27T21:09:00.630Z] [ERROR] DepthCollector error → BTCUSDT: Cannot read properties of undefined (reading 'map')
[2026-07-27T21:09:00.731Z] [ERROR] DepthCollector error → BTCUSDT: Cannot read properties of undefined (reading 'map')
[2026-07-27T21:09:00.831Z] [ERROR] DepthCollector error → BTCUSDT: Cannot read properties of undefined (reading 'map')
[2026-07-27T21:09:00.930Z] [ERROR] DepthCollector error → BTCUSDT: Cannot read properties of undefined (reading 'map')
[2026-07-27T21:09:01.033Z] [ERROR] DepthCollector error → BTCUSDT: Cannot read properties of undefined (reading 'map')
[2026-07-27T21:09:01.131Z] [ERROR] DepthCollector error → BTCUSDT: Cannot read properties of undefined (reading 'map')
[2026-07-27T21:09:01.231Z] [ERROR] DepthCollector error → BTCUSDT: Cannot read properties of undefined (reading 'map')
[2026-07-27T21:09:01.330Z] [ERROR] DepthCollector error → BTCUSDT: Cannot read properties of undefined (reading 'map')
[2026-07-27T21:09:01.431Z] [ERROR] DepthCollector error → BTCUSDT: Cannot read properties of undefined (reading 'map')
[2026-07-27T21:09:01.531Z] [ERROR] DepthCollector error → BTCUSDT: Cannot read properties of undefined (reading 'map')
[2026-07-27T21:09:01.631Z] [ERROR] DepthCollector error → BTCUSDT: Cannot read properties of undefined (reading 'map')
[2026-07-27T21:09:01.731Z] [ERROR] DepthCollector error → BTCUSDT: Cannot read properties of undefined (reading 'map')
[2026-07-27T21:09:01.830Z] [ERROR] DepthCollector error → BTCUSDT: Cannot read properties of undefined (reading 'map')
[2026-07-27T21:09:01.930Z] [ERROR] DepthCollector error → BTCUSDT: Cannot read properties of undefined (reading 'map')
[2026-07-27T21:09:02.030Z] [ERROR] DepthCollector error → BTCUSDT: Cannot read properties of undefined (reading 'map')
[2026-07-27T21:09:02.130Z] [ERROR] DepthCollector error → BTCUSDT: Cannot read properties of undefined (reading 'map')
[2026-07-27T21:09:02.231Z] [ERROR] DepthCollector error → BTCUSDT: Cannot read properties of undefined (reading 'map')
[2026-07-27T21:09:02.331Z] [ERROR] DepthCollector error → BTCUSDT: Cannot read properties of undefined (reading 'map')
[2026-07-27T21:09:02.430Z] [ERROR] DepthCollector error → BTCUSDT: Cannot read properties of undefined (reading 'map')
[2026-07-27T21:09:02.530Z] [ERROR] DepthCollector error → BTCUSDT: Cannot read properties of undefined (reading 'map')
[2026-07-27T21:09:02.630Z] [ERROR] DepthCollector error → BTCUSDT: Cannot read properties of undefined (reading 'map')
[2026-07-27T21:09:02.730Z] [ERROR] DepthCollector error → BTCUSDT: Cannot read properties of undefined (reading 'map')
[2026-07-27T21:09:02.830Z] [ERROR] DepthCollector error → BTCUSDT: Cannot read properties of undefined (reading 'map')
[2026-07-27T21:09:02.931Z] [ERROR] DepthCollector error → BTCUSDT: Cannot read properties of undefined (reading 'map')
[2026-07-27T21:09:03.031Z] [ERROR] DepthCollector error → BTCUSDT: Cannot read properties of undefined (reading 'map')
[2026-07-27T21:09:03.131Z] [ERROR] DepthCollector error → BTCUSDT: Cannot read properties of undefined (reading 'map')
[2026-07-27T21:09:03.231Z] [ERROR] DepthCollector error → BTCUSDT: Cannot read properties of undefined (reading 'map')
[2026-07-27T21:09:03.332Z] [ERROR] DepthCollector error → BTCUSDT: Cannot read properties of undefined (reading 'map')
[2026-07-27T21:10:27.472Z] [INFO] Orchestrator starting...
[2026-07-27T21:10:27.480Z] [INFO] SymbolEngine initialized.
[2026-07-27T21:10:27.480Z] [INFO] ModuleManager initialized.
[2026-07-27T21:10:27.480Z] [SUCCESS] Orchestrator fully initialized.
[2026-07-27T21:10:27.480Z] [INFO] Enabling module: binance-spot.BTCUSDT.collector.orderbook-depth
[2026-07-27T21:10:27.598Z] [SUCCESS] Collector started → binance-spot.BTCUSDT.orderbook-depth
[2026-07-27T21:10:27.598Z] [SUCCESS] Module enabled: binance-spot.BTCUSDT.collector.orderbook-depth
[2026-07-27T21:10:27.598Z] [INFO] Collector enabled → binance-spot.BTCUSDT.collector.orderbook-depth
[2026-07-27T21:10:27.599Z] [INFO] Enabling module: binance-spot.BTCUSDT.orderbook.depth-normalizer
[2026-07-27T21:10:27.599Z] [SUCCESS] Module enabled: binance-spot.BTCUSDT.orderbook.depth-normalizer
[2026-07-27T21:10:27.600Z] [INFO] Processor enabled → binance-spot.BTCUSDT.orderbook.depth-normalizer
[2026-07-27T21:10:27.600Z] [INFO] Enabling module: binance-spot.BTCUSDT.orderbook.depth-speed
[2026-07-27T21:10:27.600Z] [SUCCESS] Module enabled: binance-spot.BTCUSDT.orderbook.depth-speed
[2026-07-27T21:10:27.600Z] [INFO] Processor enabled → binance-spot.BTCUSDT.orderbook.depth-speed
[2026-07-27T21:10:27.601Z] [INFO] Enabling module: binance-spot.BTCUSDT.orderbook.depth-levels
[2026-07-27T21:10:27.601Z] [SUCCESS] Module enabled: binance-spot.BTCUSDT.orderbook.depth-levels
[2026-07-27T21:10:27.601Z] [INFO] Processor enabled → binance-spot.BTCUSDT.orderbook.depth-levels
[2026-07-27T21:10:27.601Z] [INFO] Enabling module: binance-spot.BTCUSDT.orderbook.depth-liquidity
[2026-07-27T21:10:27.601Z] [SUCCESS] Module enabled: binance-spot.BTCUSDT.orderbook.depth-liquidity
[2026-07-27T21:10:27.601Z] [INFO] Processor enabled → binance-spot.BTCUSDT.orderbook.depth-liquidity
[2026-07-27T21:10:27.602Z] [INFO] Enabling module: binance-spot.BTCUSDT.orderbook.depth-heatmap
[2026-07-27T21:10:27.602Z] [SUCCESS] Module enabled: binance-spot.BTCUSDT.orderbook.depth-heatmap
[2026-07-27T21:10:27.602Z] [INFO] Processor enabled → binance-spot.BTCUSDT.orderbook.depth-heatmap
[2026-07-27T21:10:27.602Z] [INFO] Enabling module: binance-spot.BTCUSDT.orderbook.depth-imbalance
[2026-07-27T21:10:27.602Z] [SUCCESS] Module enabled: binance-spot.BTCUSDT.orderbook.depth-imbalance
[2026-07-27T21:10:27.602Z] [INFO] Processor enabled → binance-spot.BTCUSDT.orderbook.depth-imbalance
[2026-07-27T21:10:27.602Z] [INFO] Enabling module: binance-spot.BTCUSDT.orderbook.depth-pressure
[2026-07-27T21:10:27.603Z] [SUCCESS] Module enabled: binance-spot.BTCUSDT.orderbook.depth-pressure
[2026-07-27T21:10:27.603Z] [INFO] Processor enabled → binance-spot.BTCUSDT.orderbook.depth-pressure
[2026-07-27T21:10:27.603Z] [INFO] Enabling module: binance-spot.BTCUSDT.orderbook.depth-absorption
[2026-07-27T21:10:27.603Z] [SUCCESS] Module enabled: binance-spot.BTCUSDT.orderbook.depth-absorption
[2026-07-27T21:10:27.603Z] [INFO] Processor enabled → binance-spot.BTCUSDT.orderbook.depth-absorption
[2026-07-27T21:12:16.285Z] [INFO] Orchestrator starting...
[2026-07-27T21:12:16.294Z] [INFO] SymbolEngine initialized.
[2026-07-27T21:12:16.295Z] [INFO] ModuleManager initialized.
[2026-07-27T21:12:16.295Z] [SUCCESS] Orchestrator fully initialized.
[2026-07-27T21:12:16.295Z] [INFO] Enabling module: binance-spot.BTCUSDT.collector.orderbook-depth
[2026-07-27T21:12:16.408Z] [SUCCESS] Collector started → binance-spot.BTCUSDT.orderbook-depth
[2026-07-27T21:12:16.409Z] [SUCCESS] Module enabled: binance-spot.BTCUSDT.collector.orderbook-depth
[2026-07-27T21:12:16.409Z] [INFO] Collector enabled → binance-spot.BTCUSDT.collector.orderbook-depth
[2026-07-27T21:12:16.409Z] [INFO] Enabling module: binance-spot.BTCUSDT.orderbook.depth-normalizer
[2026-07-27T21:12:16.409Z] [SUCCESS] Module enabled: binance-spot.BTCUSDT.orderbook.depth-normalizer
[2026-07-27T21:12:16.410Z] [INFO] Processor enabled → binance-spot.BTCUSDT.orderbook.depth-normalizer
[2026-07-27T21:12:16.410Z] [INFO] Enabling module: binance-spot.BTCUSDT.orderbook.depth-speed
[2026-07-27T21:12:16.410Z] [SUCCESS] Module enabled: binance-spot.BTCUSDT.orderbook.depth-speed
[2026-07-27T21:12:16.410Z] [INFO] Processor enabled → binance-spot.BTCUSDT.orderbook.depth-speed
[2026-07-27T21:12:16.410Z] [INFO] Enabling module: binance-spot.BTCUSDT.orderbook.depth-levels
[2026-07-27T21:12:16.410Z] [SUCCESS] Module enabled: binance-spot.BTCUSDT.orderbook.depth-levels
[2026-07-27T21:12:16.410Z] [INFO] Processor enabled → binance-spot.BTCUSDT.orderbook.depth-levels
[2026-07-27T21:12:16.411Z] [INFO] Enabling module: binance-spot.BTCUSDT.orderbook.depth-liquidity
[2026-07-27T21:12:16.411Z] [SUCCESS] Module enabled: binance-spot.BTCUSDT.orderbook.depth-liquidity
[2026-07-27T21:12:16.411Z] [INFO] Processor enabled → binance-spot.BTCUSDT.orderbook.depth-liquidity
[2026-07-27T21:12:16.411Z] [INFO] Enabling module: binance-spot.BTCUSDT.orderbook.depth-heatmap
[2026-07-27T21:12:16.411Z] [SUCCESS] Module enabled: binance-spot.BTCUSDT.orderbook.depth-heatmap
[2026-07-27T21:12:16.411Z] [INFO] Processor enabled → binance-spot.BTCUSDT.orderbook.depth-heatmap
[2026-07-27T21:12:16.411Z] [INFO] Enabling module: binance-spot.BTCUSDT.orderbook.depth-imbalance
[2026-07-27T21:12:16.412Z] [SUCCESS] Module enabled: binance-spot.BTCUSDT.orderbook.depth-imbalance
[2026-07-27T21:12:16.412Z] [INFO] Processor enabled → binance-spot.BTCUSDT.orderbook.depth-imbalance
[2026-07-27T21:12:16.412Z] [INFO] Enabling module: binance-spot.BTCUSDT.orderbook.depth-pressure
[2026-07-27T21:12:16.412Z] [SUCCESS] Module enabled: binance-spot.BTCUSDT.orderbook.depth-pressure
[2026-07-27T21:12:16.412Z] [INFO] Processor enabled → binance-spot.BTCUSDT.orderbook.depth-pressure
[2026-07-27T21:12:16.412Z] [INFO] Enabling module: binance-spot.BTCUSDT.orderbook.depth-absorption
[2026-07-27T21:12:16.412Z] [SUCCESS] Module enabled: binance-spot.BTCUSDT.orderbook.depth-absorption
[2026-07-27T21:12:16.412Z] [INFO] Processor enabled → binance-spot.BTCUSDT.orderbook.depth-absorption
[2026-07-27T21:13:04.462Z] [INFO] Orchestrator starting...
[2026-07-27T21:13:04.469Z] [INFO] SymbolEngine initialized.
[2026-07-27T21:13:04.469Z] [INFO] ModuleManager initialized.
[2026-07-27T21:13:04.470Z] [SUCCESS] Orchestrator fully initialized.
[2026-07-27T21:13:04.470Z] [INFO] Enabling module: binance-spot.BTCUSDT.collector.orderbook-depth
[2026-07-27T21:13:04.583Z] [SUCCESS] Collector started → binance-spot.BTCUSDT.orderbook-depth
[2026-07-27T21:13:04.584Z] [SUCCESS] Module enabled: binance-spot.BTCUSDT.collector.orderbook-depth
[2026-07-27T21:13:04.584Z] [INFO] Collector enabled → binance-spot.BTCUSDT.collector.orderbook-depth
[2026-07-27T21:13:04.585Z] [INFO] Enabling module: binance-spot.BTCUSDT.orderbook.depth-normalizer
[2026-07-27T21:13:04.585Z] [SUCCESS] Module enabled: binance-spot.BTCUSDT.orderbook.depth-normalizer
[2026-07-27T21:13:04.585Z] [INFO] Processor enabled → binance-spot.BTCUSDT.orderbook.depth-normalizer
[2026-07-27T21:13:04.585Z] [INFO] Enabling module: binance-spot.BTCUSDT.orderbook.depth-speed
[2026-07-27T21:13:04.586Z] [SUCCESS] Module enabled: binance-spot.BTCUSDT.orderbook.depth-speed
[2026-07-27T21:13:04.586Z] [INFO] Processor enabled → binance-spot.BTCUSDT.orderbook.depth-speed
[2026-07-27T21:13:04.586Z] [INFO] Enabling module: binance-spot.BTCUSDT.orderbook.depth-levels
[2026-07-27T21:13:04.586Z] [SUCCESS] Module enabled: binance-spot.BTCUSDT.orderbook.depth-levels
[2026-07-27T21:13:04.586Z] [INFO] Processor enabled → binance-spot.BTCUSDT.orderbook.depth-levels
[2026-07-27T21:13:04.587Z] [INFO] Enabling module: binance-spot.BTCUSDT.orderbook.depth-liquidity
[2026-07-27T21:13:04.587Z] [SUCCESS] Module enabled: binance-spot.BTCUSDT.orderbook.depth-liquidity
[2026-07-27T21:13:04.587Z] [INFO] Processor enabled → binance-spot.BTCUSDT.orderbook.depth-liquidity
[2026-07-27T21:13:04.587Z] [INFO] Enabling module: binance-spot.BTCUSDT.orderbook.depth-heatmap
[2026-07-27T21:13:04.587Z] [SUCCESS] Module enabled: binance-spot.BTCUSDT.orderbook.depth-heatmap
[2026-07-27T21:13:04.587Z] [INFO] Processor enabled → binance-spot.BTCUSDT.orderbook.depth-heatmap
[2026-07-27T21:13:04.588Z] [INFO] Enabling module: binance-spot.BTCUSDT.orderbook.depth-imbalance
[2026-07-27T21:13:04.588Z] [SUCCESS] Module enabled: binance-spot.BTCUSDT.orderbook.depth-imbalance
[2026-07-27T21:13:04.588Z] [INFO] Processor enabled → binance-spot.BTCUSDT.orderbook.depth-imbalance
[2026-07-27T21:13:04.588Z] [INFO] Enabling module: binance-spot.BTCUSDT.orderbook.depth-pressure
[2026-07-27T21:13:04.589Z] [SUCCESS] Module enabled: binance-spot.BTCUSDT.orderbook.depth-pressure
[2026-07-27T21:13:04.589Z] [INFO] Processor enabled → binance-spot.BTCUSDT.orderbook.depth-pressure
[2026-07-27T21:13:04.589Z] [INFO] Enabling module: binance-spot.BTCUSDT.orderbook.depth-absorption
[2026-07-27T21:13:04.589Z] [SUCCESS] Module enabled: binance-spot.BTCUSDT.orderbook.depth-absorption
[2026-07-27T21:13:04.590Z] [INFO] Processor enabled → binance-spot.BTCUSDT.orderbook.depth-absorption
[2026-07-27T21:20:02.850Z] [INFO] Orchestrator starting...
[2026-07-27T21:20:02.858Z] [INFO] SymbolEngine initialized.
[2026-07-27T21:20:02.858Z] [INFO] ModuleManager initialized.
[2026-07-27T21:20:02.858Z] [SUCCESS] Orchestrator fully initialized.
[2026-07-27T21:20:02.859Z] [INFO] Enabling module: binance-spot.BTCUSDT.collector.orderbook-depth
[2026-07-27T21:20:02.981Z] [SUCCESS] Collector started → binance-spot.BTCUSDT.orderbook-depth
[2026-07-27T21:20:02.982Z] [SUCCESS] Module enabled: binance-spot.BTCUSDT.collector.orderbook-depth
[2026-07-27T21:20:02.982Z] [INFO] Collector enabled → binance-spot.BTCUSDT.collector.orderbook-depth
[2026-07-27T21:20:02.982Z] [INFO] Enabling module: binance-spot.BTCUSDT.orderbook.depth-normalizer
[2026-07-27T21:20:02.983Z] [SUCCESS] Module enabled: binance-spot.BTCUSDT.orderbook.depth-normalizer
[2026-07-27T21:20:02.983Z] [INFO] Processor enabled → binance-spot.BTCUSDT.orderbook.depth-normalizer
[2026-07-27T21:20:02.984Z] [INFO] Enabling module: binance-spot.BTCUSDT.orderbook.depth-speed
[2026-07-27T21:20:02.985Z] [SUCCESS] Module enabled: binance-spot.BTCUSDT.orderbook.depth-speed
[2026-07-27T21:20:02.985Z] [INFO] Processor enabled → binance-spot.BTCUSDT.orderbook.depth-speed
[2026-07-27T21:20:02.985Z] [INFO] Enabling module: binance-spot.BTCUSDT.orderbook.depth-levels
[2026-07-27T21:20:02.988Z] [SUCCESS] Module enabled: binance-spot.BTCUSDT.orderbook.depth-levels
[2026-07-27T21:20:02.988Z] [INFO] Processor enabled → binance-spot.BTCUSDT.orderbook.depth-levels
[2026-07-27T21:20:02.989Z] [INFO] Enabling module: binance-spot.BTCUSDT.orderbook.depth-liquidity
[2026-07-27T21:20:02.989Z] [SUCCESS] Module enabled: binance-spot.BTCUSDT.orderbook.depth-liquidity
[2026-07-27T21:20:02.990Z] [INFO] Processor enabled → binance-spot.BTCUSDT.orderbook.depth-liquidity
[2026-07-27T21:20:02.990Z] [INFO] Enabling module: binance-spot.BTCUSDT.orderbook.depth-heatmap
[2026-07-27T21:20:02.991Z] [SUCCESS] Module enabled: binance-spot.BTCUSDT.orderbook.depth-heatmap
[2026-07-27T21:20:02.991Z] [INFO] Processor enabled → binance-spot.BTCUSDT.orderbook.depth-heatmap
[2026-07-27T21:20:02.991Z] [INFO] Enabling module: binance-spot.BTCUSDT.orderbook.depth-imbalance
[2026-07-27T21:20:02.992Z] [SUCCESS] Module enabled: binance-spot.BTCUSDT.orderbook.depth-imbalance
[2026-07-27T21:20:02.992Z] [INFO] Processor enabled → binance-spot.BTCUSDT.orderbook.depth-imbalance
[2026-07-27T21:20:02.992Z] [INFO] Enabling module: binance-spot.BTCUSDT.orderbook.depth-pressure
[2026-07-27T21:20:02.993Z] [SUCCESS] Module enabled: binance-spot.BTCUSDT.orderbook.depth-pressure
[2026-07-27T21:20:02.993Z] [INFO] Processor enabled → binance-spot.BTCUSDT.orderbook.depth-pressure
[2026-07-27T21:20:02.994Z] [INFO] Enabling module: binance-spot.BTCUSDT.orderbook.depth-absorption
[2026-07-27T21:20:02.994Z] [SUCCESS] Module enabled: binance-spot.BTCUSDT.orderbook.depth-absorption
[2026-07-27T21:20:02.995Z] [INFO] Processor enabled → binance-spot.BTCUSDT.orderbook.depth-absorption
[2026-07-27T21:21:41.101Z] [INFO] Orchestrator starting...
[2026-07-27T21:21:41.108Z] [INFO] SymbolEngine initialized.
[2026-07-27T21:21:41.108Z] [INFO] ModuleManager initialized.
[2026-07-27T21:21:41.108Z] [SUCCESS] Orchestrator fully initialized.
[2026-07-27T21:21:41.108Z] [INFO] Enabling module: binance-spot.BTCUSDT.collector.orderbook-depth
[2026-07-27T21:21:41.252Z] [SUCCESS] Collector started → binance-spot.BTCUSDT.orderbook-depth
[2026-07-27T21:21:41.252Z] [SUCCESS] Collector enabled → binance-spot.BTCUSDT.collector.orderbook-depth
[2026-07-27T21:21:41.252Z] [INFO] Collector enabled → binance-spot.BTCUSDT.collector.orderbook-depth
[2026-07-27T21:21:41.253Z] [INFO] Enabling module: binance-spot.BTCUSDT.orderbook.depth-normalizer
[2026-07-27T21:21:41.253Z] [SUCCESS] Processor enabled → binance-spot.BTCUSDT.orderbook.depth-normalizer
[2026-07-27T21:21:41.254Z] [INFO] Processor enabled → binance-spot.BTCUSDT.orderbook.depth-normalizer
[2026-07-27T21:21:41.254Z] [INFO] Enabling module: binance-spot.BTCUSDT.orderbook.depth-speed
[2026-07-27T21:21:41.255Z] [SUCCESS] Processor enabled → binance-spot.BTCUSDT.orderbook.depth-speed
[2026-07-27T21:21:41.255Z] [INFO] Processor enabled → binance-spot.BTCUSDT.orderbook.depth-speed
[2026-07-27T21:21:41.255Z] [INFO] Enabling module: binance-spot.BTCUSDT.orderbook.depth-levels
[2026-07-27T21:21:41.257Z] [SUCCESS] Processor enabled → binance-spot.BTCUSDT.orderbook.depth-levels
[2026-07-27T21:21:41.257Z] [INFO] Processor enabled → binance-spot.BTCUSDT.orderbook.depth-levels
[2026-07-27T21:21:41.257Z] [INFO] Enabling module: binance-spot.BTCUSDT.orderbook.depth-liquidity
[2026-07-27T21:21:41.258Z] [SUCCESS] Processor enabled → binance-spot.BTCUSDT.orderbook.depth-liquidity
[2026-07-27T21:21:41.258Z] [INFO] Processor enabled → binance-spot.BTCUSDT.orderbook.depth-liquidity
[2026-07-27T21:21:41.258Z] [INFO] Enabling module: binance-spot.BTCUSDT.orderbook.depth-heatmap
[2026-07-27T21:21:41.259Z] [SUCCESS] Processor enabled → binance-spot.BTCUSDT.orderbook.depth-heatmap
[2026-07-27T21:21:41.260Z] [INFO] Processor enabled → binance-spot.BTCUSDT.orderbook.depth-heatmap
[2026-07-27T21:21:41.260Z] [INFO] Enabling module: binance-spot.BTCUSDT.orderbook.depth-imbalance
[2026-07-27T21:21:41.260Z] [SUCCESS] Processor enabled → binance-spot.BTCUSDT.orderbook.depth-imbalance
[2026-07-27T21:21:41.260Z] [INFO] Processor enabled → binance-spot.BTCUSDT.orderbook.depth-imbalance
[2026-07-27T21:21:41.261Z] [INFO] Enabling module: binance-spot.BTCUSDT.orderbook.depth-pressure
[2026-07-27T21:21:41.261Z] [SUCCESS] Processor enabled → binance-spot.BTCUSDT.orderbook.depth-pressure
[2026-07-27T21:21:41.261Z] [INFO] Processor enabled → binance-spot.BTCUSDT.orderbook.depth-pressure
[2026-07-27T21:21:41.261Z] [INFO] Enabling module: binance-spot.BTCUSDT.orderbook.depth-absorption
[2026-07-27T21:21:41.262Z] [SUCCESS] Processor enabled → binance-spot.BTCUSDT.orderbook.depth-absorption
[2026-07-27T21:21:41.262Z] [INFO] Processor enabled → binance-spot.BTCUSDT.orderbook.depth-absorption
[2026-07-27T21:33:38.542Z] [INFO] Orchestrator starting...
[2026-07-27T21:33:38.549Z] [INFO] SymbolEngine initialized.
[2026-07-27T21:33:38.550Z] [INFO] ModuleManager initialized.
[2026-07-27T21:33:38.550Z] [SUCCESS] Orchestrator fully initialized.
[2026-07-27T21:33:38.550Z] [INFO] Enabling module: binance-spot.BTCUSDT.collector.orderbook-depth
[2026-07-27T21:33:38.688Z] [SUCCESS] Collector started → binance-spot.BTCUSDT.orderbook-depth
[2026-07-27T21:33:38.689Z] [SUCCESS] Collector enabled → binance-spot.BTCUSDT.collector.orderbook-depth
[2026-07-27T21:33:38.689Z] [INFO] Collector enabled → binance-spot.BTCUSDT.collector.orderbook-depth
[2026-07-27T21:33:38.689Z] [INFO] Enabling module: binance-spot.BTCUSDT.orderbook.depth-normalizer
[2026-07-27T21:33:38.690Z] [SUCCESS] Processor enabled → binance-spot.BTCUSDT.orderbook.depth-normalizer
[2026-07-27T21:33:38.690Z] [INFO] Processor enabled → binance-spot.BTCUSDT.orderbook.depth-normalizer
[2026-07-27T21:33:38.691Z] [INFO] Enabling module: binance-spot.BTCUSDT.orderbook.depth-speed
[2026-07-27T21:33:38.692Z] [SUCCESS] Processor enabled → binance-spot.BTCUSDT.orderbook.depth-speed
[2026-07-27T21:33:38.692Z] [INFO] Processor enabled → binance-spot.BTCUSDT.orderbook.depth-speed
[2026-07-27T21:33:38.692Z] [INFO] Enabling module: binance-spot.BTCUSDT.orderbook.depth-levels
[2026-07-27T21:33:38.693Z] [SUCCESS] Processor enabled → binance-spot.BTCUSDT.orderbook.depth-levels
[2026-07-27T21:33:38.693Z] [INFO] Processor enabled → binance-spot.BTCUSDT.orderbook.depth-levels
[2026-07-27T21:33:38.693Z] [INFO] Enabling module: binance-spot.BTCUSDT.orderbook.depth-liquidity
[2026-07-27T21:33:38.694Z] [SUCCESS] Processor enabled → binance-spot.BTCUSDT.orderbook.depth-liquidity
[2026-07-27T21:33:38.695Z] [INFO] Processor enabled → binance-spot.BTCUSDT.orderbook.depth-liquidity
[2026-07-27T21:33:38.695Z] [INFO] Enabling module: binance-spot.BTCUSDT.orderbook.depth-heatmap
[2026-07-27T21:33:38.698Z] [SUCCESS] Processor enabled → binance-spot.BTCUSDT.orderbook.depth-heatmap
[2026-07-27T21:33:38.698Z] [INFO] Processor enabled → binance-spot.BTCUSDT.orderbook.depth-heatmap
[2026-07-27T21:33:38.698Z] [INFO] Enabling module: binance-spot.BTCUSDT.orderbook.depth-imbalance
[2026-07-27T21:33:38.699Z] [SUCCESS] Processor enabled → binance-spot.BTCUSDT.orderbook.depth-imbalance
[2026-07-27T21:33:38.699Z] [INFO] Processor enabled → binance-spot.BTCUSDT.orderbook.depth-imbalance
[2026-07-27T21:33:38.700Z] [INFO] Enabling module: binance-spot.BTCUSDT.orderbook.depth-pressure
[2026-07-27T21:33:38.700Z] [SUCCESS] Processor enabled → binance-spot.BTCUSDT.orderbook.depth-pressure
[2026-07-27T21:33:38.701Z] [INFO] Processor enabled → binance-spot.BTCUSDT.orderbook.depth-pressure
[2026-07-27T21:33:38.701Z] [INFO] Enabling module: binance-spot.BTCUSDT.orderbook.depth-absorption
[2026-07-27T21:33:38.702Z] [SUCCESS] Processor enabled → binance-spot.BTCUSDT.orderbook.depth-absorption
[2026-07-27T21:33:38.702Z] [INFO] Processor enabled → binance-spot.BTCUSDT.orderbook.depth-absorption
[2026-07-27T21:38:02.822Z] [INFO] Orchestrator starting...
[2026-07-27T21:38:02.829Z] [INFO] SymbolEngine initialized.
[2026-07-27T21:38:02.830Z] [INFO] ModuleManager initialized.
[2026-07-27T21:38:02.830Z] [SUCCESS] Orchestrator fully initialized.
[2026-07-27T21:38:02.830Z] [INFO] Enabling module: binance-spot.BTCUSDT.collector.orderbook-depth
[2026-07-27T21:38:02.943Z] [SUCCESS] Collector started → binance-spot.BTCUSDT.orderbook-depth
[2026-07-27T21:38:02.943Z] [SUCCESS] Collector enabled → binance-spot.BTCUSDT.collector.orderbook-depth
[2026-07-27T21:38:02.943Z] [INFO] Collector enabled → binance-spot.BTCUSDT.collector.orderbook-depth
[2026-07-27T21:38:02.943Z] [INFO] Enabling module: binance-spot.BTCUSDT.orderbook.depth-normalizer
[2026-07-27T21:38:02.944Z] [SUCCESS] Processor enabled → binance-spot.BTCUSDT.orderbook.depth-normalizer
[2026-07-27T21:38:02.944Z] [INFO] Processor enabled → binance-spot.BTCUSDT.orderbook.depth-normalizer
[2026-07-27T21:38:02.945Z] [INFO] Enabling module: binance-spot.BTCUSDT.orderbook.depth-speed
[2026-07-27T21:38:02.945Z] [SUCCESS] Processor enabled → binance-spot.BTCUSDT.orderbook.depth-speed
[2026-07-27T21:38:02.945Z] [INFO] Processor enabled → binance-spot.BTCUSDT.orderbook.depth-speed
[2026-07-27T21:38:02.946Z] [INFO] Enabling module: binance-spot.BTCUSDT.orderbook.depth-levels
[2026-07-27T21:38:02.946Z] [SUCCESS] Processor enabled → binance-spot.BTCUSDT.orderbook.depth-levels
[2026-07-27T21:38:02.946Z] [INFO] Processor enabled → binance-spot.BTCUSDT.orderbook.depth-levels
[2026-07-27T21:38:02.946Z] [INFO] Enabling module: binance-spot.BTCUSDT.orderbook.depth-liquidity
[2026-07-27T21:38:02.947Z] [SUCCESS] Processor enabled → binance-spot.BTCUSDT.orderbook.depth-liquidity
[2026-07-27T21:38:02.947Z] [INFO] Processor enabled → binance-spot.BTCUSDT.orderbook.depth-liquidity
[2026-07-27T21:38:02.947Z] [INFO] Enabling module: binance-spot.BTCUSDT.orderbook.depth-heatmap
[2026-07-27T21:38:02.948Z] [SUCCESS] Processor enabled → binance-spot.BTCUSDT.orderbook.depth-heatmap
[2026-07-27T21:38:02.948Z] [INFO] Processor enabled → binance-spot.BTCUSDT.orderbook.depth-heatmap
[2026-07-27T21:38:02.948Z] [INFO] Enabling module: binance-spot.BTCUSDT.orderbook.depth-imbalance
[2026-07-27T21:38:02.949Z] [SUCCESS] Processor enabled → binance-spot.BTCUSDT.orderbook.depth-imbalance
[2026-07-27T21:38:02.949Z] [INFO] Processor enabled → binance-spot.BTCUSDT.orderbook.depth-imbalance
[2026-07-27T21:38:02.949Z] [INFO] Enabling module: binance-spot.BTCUSDT.orderbook.depth-pressure
[2026-07-27T21:38:02.949Z] [SUCCESS] Processor enabled → binance-spot.BTCUSDT.orderbook.depth-pressure
[2026-07-27T21:38:02.949Z] [INFO] Processor enabled → binance-spot.BTCUSDT.orderbook.depth-pressure
[2026-07-27T21:38:02.950Z] [INFO] Enabling module: binance-spot.BTCUSDT.orderbook.depth-absorption
[2026-07-27T21:38:02.952Z] [SUCCESS] Processor enabled → binance-spot.BTCUSDT.orderbook.depth-absorption
[2026-07-27T21:38:02.952Z] [INFO] Processor enabled → binance-spot.BTCUSDT.orderbook.depth-absorption
[2026-07-27T21:42:03.645Z] [INFO] Orchestrator starting...
[2026-07-27T21:42:03.653Z] [INFO] SymbolEngine initialized.
[2026-07-27T21:42:03.653Z] [INFO] ModuleManager initialized.
[2026-07-27T21:42:03.653Z] [SUCCESS] Orchestrator fully initialized.
[2026-07-27T21:42:03.654Z] [INFO] Enabling module: binance-spot.BTCUSDT.collector.orderbook-depth
[2026-07-27T21:42:03.770Z] [SUCCESS] Collector started → binance-spot.BTCUSDT.orderbook-depth
[2026-07-27T21:42:03.771Z] [SUCCESS] Collector enabled → binance-spot.BTCUSDT.collector.orderbook-depth
[2026-07-27T21:42:03.771Z] [INFO] Collector enabled → binance-spot.BTCUSDT.collector.orderbook-depth
[2026-07-27T21:42:03.771Z] [INFO] Enabling module: binance-spot.BTCUSDT.orderbook.depth-normalizer
[2026-07-27T21:42:03.772Z] [SUCCESS] Processor enabled → binance-spot.BTCUSDT.orderbook.depth-normalizer
[2026-07-27T21:42:03.772Z] [INFO] Processor enabled → binance-spot.BTCUSDT.orderbook.depth-normalizer
[2026-07-27T21:42:03.773Z] [INFO] Enabling module: binance-spot.BTCUSDT.orderbook.depth-speed
[2026-07-27T21:42:03.774Z] [SUCCESS] Processor enabled → binance-spot.BTCUSDT.orderbook.depth-speed
[2026-07-27T21:42:03.774Z] [INFO] Processor enabled → binance-spot.BTCUSDT.orderbook.depth-speed
[2026-07-27T21:42:03.774Z] [INFO] Enabling module: binance-spot.BTCUSDT.orderbook.depth-levels
[2026-07-27T21:42:03.775Z] [SUCCESS] Processor enabled → binance-spot.BTCUSDT.orderbook.depth-levels
[2026-07-27T21:42:03.775Z] [INFO] Processor enabled → binance-spot.BTCUSDT.orderbook.depth-levels
[2026-07-27T21:42:03.775Z] [INFO] Enabling module: binance-spot.BTCUSDT.orderbook.depth-liquidity
[2026-07-27T21:42:03.776Z] [SUCCESS] Processor enabled → binance-spot.BTCUSDT.orderbook.depth-liquidity
[2026-07-27T21:42:03.776Z] [INFO] Processor enabled → binance-spot.BTCUSDT.orderbook.depth-liquidity
[2026-07-27T21:42:03.776Z] [INFO] Enabling module: binance-spot.BTCUSDT.orderbook.depth-heatmap
[2026-07-27T21:42:03.777Z] [SUCCESS] Processor enabled → binance-spot.BTCUSDT.orderbook.depth-heatmap
[2026-07-27T21:42:03.777Z] [INFO] Processor enabled → binance-spot.BTCUSDT.orderbook.depth-heatmap
[2026-07-27T21:42:03.778Z] [INFO] Enabling module: binance-spot.BTCUSDT.orderbook.depth-imbalance
[2026-07-27T21:42:03.778Z] [SUCCESS] Processor enabled → binance-spot.BTCUSDT.orderbook.depth-imbalance
[2026-07-27T21:42:03.779Z] [INFO] Processor enabled → binance-spot.BTCUSDT.orderbook.depth-imbalance
[2026-07-27T21:42:03.779Z] [INFO] Enabling module: binance-spot.BTCUSDT.orderbook.depth-pressure
[2026-07-27T21:42:03.780Z] [SUCCESS] Processor enabled → binance-spot.BTCUSDT.orderbook.depth-pressure
[2026-07-27T21:42:03.780Z] [INFO] Processor enabled → binance-spot.BTCUSDT.orderbook.depth-pressure
[2026-07-27T21:42:03.780Z] [INFO] Enabling module: binance-spot.BTCUSDT.orderbook.depth-absorption
[2026-07-27T21:42:03.781Z] [SUCCESS] Processor enabled → binance-spot.BTCUSDT.orderbook.depth-absorption
[2026-07-27T21:42:03.781Z] [INFO] Processor enabled → binance-spot.BTCUSDT.orderbook.depth-absorption
[2026-07-27T21:42:54.243Z] [INFO] Orchestrator starting...
[2026-07-27T21:42:54.250Z] [INFO] SymbolEngine initialized.
[2026-07-27T21:42:54.250Z] [INFO] ModuleManager initialized.
[2026-07-27T21:42:54.251Z] [SUCCESS] Orchestrator fully initialized.
[2026-07-27T21:42:54.251Z] [INFO] Enabling module: binance-spot.BTCUSDT.collector.orderbook-depth
[2026-07-27T21:42:54.356Z] [SUCCESS] Collector started → binance-spot.BTCUSDT.orderbook-depth
[2026-07-27T21:42:54.357Z] [SUCCESS] Collector enabled → binance-spot.BTCUSDT.collector.orderbook-depth
[2026-07-27T21:42:54.357Z] [INFO] Collector enabled → binance-spot.BTCUSDT.collector.orderbook-depth
[2026-07-27T21:42:54.357Z] [INFO] Enabling module: binance-spot.BTCUSDT.orderbook.depth-normalizer
[2026-07-27T21:42:54.358Z] [SUCCESS] Processor enabled → binance-spot.BTCUSDT.orderbook.depth-normalizer
[2026-07-27T21:42:54.358Z] [INFO] Processor enabled → binance-spot.BTCUSDT.orderbook.depth-normalizer
[2026-07-27T21:42:54.358Z] [INFO] Enabling module: binance-spot.BTCUSDT.orderbook.depth-speed
[2026-07-27T21:42:54.358Z] [SUCCESS] Processor enabled → binance-spot.BTCUSDT.orderbook.depth-speed
[2026-07-27T21:42:54.359Z] [INFO] Processor enabled → binance-spot.BTCUSDT.orderbook.depth-speed
[2026-07-27T21:42:54.359Z] [INFO] Enabling module: binance-spot.BTCUSDT.orderbook.depth-levels
[2026-07-27T21:42:54.359Z] [SUCCESS] Processor enabled → binance-spot.BTCUSDT.orderbook.depth-levels
[2026-07-27T21:42:54.359Z] [INFO] Processor enabled → binance-spot.BTCUSDT.orderbook.depth-levels
[2026-07-27T21:42:54.359Z] [INFO] Enabling module: binance-spot.BTCUSDT.orderbook.depth-liquidity
[2026-07-27T21:42:54.360Z] [SUCCESS] Processor enabled → binance-spot.BTCUSDT.orderbook.depth-liquidity
[2026-07-27T21:42:54.360Z] [INFO] Processor enabled → binance-spot.BTCUSDT.orderbook.depth-liquidity
[2026-07-27T21:42:54.360Z] [INFO] Enabling module: binance-spot.BTCUSDT.orderbook.depth-heatmap
[2026-07-27T21:42:54.362Z] [SUCCESS] Processor enabled → binance-spot.BTCUSDT.orderbook.depth-heatmap
[2026-07-27T21:42:54.362Z] [INFO] Processor enabled → binance-spot.BTCUSDT.orderbook.depth-heatmap
[2026-07-27T21:42:54.362Z] [INFO] Enabling module: binance-spot.BTCUSDT.orderbook.depth-imbalance
[2026-07-27T21:42:54.363Z] [SUCCESS] Processor enabled → binance-spot.BTCUSDT.orderbook.depth-imbalance
[2026-07-27T21:42:54.363Z] [INFO] Processor enabled → binance-spot.BTCUSDT.orderbook.depth-imbalance
[2026-07-27T21:42:54.363Z] [INFO] Enabling module: binance-spot.BTCUSDT.orderbook.depth-pressure
[2026-07-27T21:42:54.363Z] [SUCCESS] Processor enabled → binance-spot.BTCUSDT.orderbook.depth-pressure
[2026-07-27T21:42:54.363Z] [INFO] Processor enabled → binance-spot.BTCUSDT.orderbook.depth-pressure
[2026-07-27T21:42:54.363Z] [INFO] Enabling module: binance-spot.BTCUSDT.orderbook.depth-absorption
[2026-07-27T21:42:54.364Z] [SUCCESS] Processor enabled → binance-spot.BTCUSDT.orderbook.depth-absorption
[2026-07-27T21:42:54.364Z] [INFO] Processor enabled → binance-spot.BTCUSDT.orderbook.depth-absorption
[2026-07-27T21:48:32.592Z] [INFO] Orchestrator starting...
[2026-07-27T21:48:32.600Z] [INFO] SymbolEngine initialized.
[2026-07-27T21:48:32.600Z] [INFO] ModuleManager initialized.
[2026-07-27T21:48:32.600Z] [SUCCESS] Orchestrator fully initialized.
[2026-07-27T21:48:32.601Z] [INFO] Enabling module: binance-spot.BTCUSDT.collector.orderbook-depth
[2026-07-27T21:48:32.712Z] [SUCCESS] Collector started → binance-spot.BTCUSDT.orderbook-depth
[2026-07-27T21:48:32.712Z] [SUCCESS] Collector enabled → binance-spot.BTCUSDT.collector.orderbook-depth
[2026-07-27T21:48:32.712Z] [INFO] Collector enabled → binance-spot.BTCUSDT.collector.orderbook-depth
[2026-07-27T21:48:32.713Z] [INFO] Enabling module: binance-spot.BTCUSDT.orderbook.depth-normalizer
[2026-07-27T21:48:32.713Z] [SUCCESS] Processor loaded (no routing) → binance-spot.BTCUSDT.orderbook.depth-normalizer
[2026-07-27T21:48:32.714Z] [INFO] Processor enabled → binance-spot.BTCUSDT.orderbook.depth-normalizer
[2026-07-27T21:48:32.714Z] [INFO] Enabling module: binance-spot.BTCUSDT.orderbook.depth-speed
[2026-07-27T21:48:32.714Z] [SUCCESS] Processor loaded (no routing) → binance-spot.BTCUSDT.orderbook.depth-speed
[2026-07-27T21:48:32.714Z] [INFO] Processor enabled → binance-spot.BTCUSDT.orderbook.depth-speed
[2026-07-27T21:48:32.715Z] [INFO] Enabling module: binance-spot.BTCUSDT.orderbook.depth-levels
[2026-07-27T21:48:32.717Z] [SUCCESS] Processor loaded (no routing) → binance-spot.BTCUSDT.orderbook.depth-levels
[2026-07-27T21:48:32.717Z] [INFO] Processor enabled → binance-spot.BTCUSDT.orderbook.depth-levels
[2026-07-27T21:48:32.717Z] [INFO] Enabling module: binance-spot.BTCUSDT.orderbook.depth-liquidity
[2026-07-27T21:48:32.718Z] [SUCCESS] Processor loaded (no routing) → binance-spot.BTCUSDT.orderbook.depth-liquidity
[2026-07-27T21:48:32.718Z] [INFO] Processor enabled → binance-spot.BTCUSDT.orderbook.depth-liquidity
[2026-07-27T21:48:32.718Z] [INFO] Enabling module: binance-spot.BTCUSDT.orderbook.depth-heatmap
[2026-07-27T21:48:32.718Z] [SUCCESS] Processor loaded (no routing) → binance-spot.BTCUSDT.orderbook.depth-heatmap
[2026-07-27T21:48:32.718Z] [INFO] Processor enabled → binance-spot.BTCUSDT.orderbook.depth-heatmap
[2026-07-27T21:48:32.719Z] [INFO] Enabling module: binance-spot.BTCUSDT.orderbook.depth-imbalance
[2026-07-27T21:48:32.719Z] [SUCCESS] Processor loaded (no routing) → binance-spot.BTCUSDT.orderbook.depth-imbalance
[2026-07-27T21:48:32.719Z] [INFO] Processor enabled → binance-spot.BTCUSDT.orderbook.depth-imbalance
[2026-07-27T21:48:32.720Z] [INFO] Enabling module: binance-spot.BTCUSDT.orderbook.depth-pressure
[2026-07-27T21:48:32.720Z] [SUCCESS] Processor loaded (no routing) → binance-spot.BTCUSDT.orderbook.depth-pressure
[2026-07-27T21:48:32.720Z] [INFO] Processor enabled → binance-spot.BTCUSDT.orderbook.depth-pressure
[2026-07-27T21:48:32.720Z] [INFO] Enabling module: binance-spot.BTCUSDT.orderbook.depth-absorption
[2026-07-27T21:48:32.720Z] [SUCCESS] Processor loaded (no routing) → binance-spot.BTCUSDT.orderbook.depth-absorption
[2026-07-27T21:48:32.721Z] [INFO] Processor enabled → binance-spot.BTCUSDT.orderbook.depth-absorption
[2026-07-27T21:52:05.954Z] [INFO] Orchestrator starting...
[2026-07-27T21:52:05.963Z] [INFO] SymbolEngine initialized.
[2026-07-27T21:52:05.963Z] [INFO] ModuleManager initialized.
[2026-07-27T21:52:05.963Z] [SUCCESS] Orchestrator fully initialized.
[2026-07-27T21:52:05.964Z] [INFO] Enabling module: binance-spot.BTCUSDT.collector.orderbook-depth
[2026-07-27T21:52:06.098Z] [SUCCESS] Collector started → binance-spot.BTCUSDT.orderbook-depth
[2026-07-27T21:52:06.098Z] [SUCCESS] Collector enabled → binance-spot.BTCUSDT.collector.orderbook-depth
[2026-07-27T21:52:06.098Z] [INFO] Collector enabled → binance-spot.BTCUSDT.collector.orderbook-depth
[2026-07-27T21:52:06.099Z] [INFO] Enabling module: binance-spot.BTCUSDT.orderbook.depth-normalizer
[2026-07-27T21:52:06.099Z] [SUCCESS] Processor loaded (no routing) → binance-spot.BTCUSDT.orderbook.depth-normalizer
[2026-07-27T21:52:06.099Z] [INFO] Processor enabled → binance-spot.BTCUSDT.orderbook.depth-normalizer
[2026-07-27T21:52:06.099Z] [INFO] Enabling module: binance-spot.BTCUSDT.orderbook.depth-speed
[2026-07-27T21:52:06.100Z] [SUCCESS] Processor loaded (no routing) → binance-spot.BTCUSDT.orderbook.depth-speed
[2026-07-27T21:52:06.100Z] [INFO] Processor enabled → binance-spot.BTCUSDT.orderbook.depth-speed
[2026-07-27T21:52:06.100Z] [INFO] Enabling module: binance-spot.BTCUSDT.orderbook.depth-levels
[2026-07-27T21:52:06.102Z] [SUCCESS] Processor loaded (no routing) → binance-spot.BTCUSDT.orderbook.depth-levels
[2026-07-27T21:52:06.102Z] [INFO] Processor enabled → binance-spot.BTCUSDT.orderbook.depth-levels
[2026-07-27T21:52:06.102Z] [INFO] Enabling module: binance-spot.BTCUSDT.orderbook.depth-liquidity
[2026-07-27T21:52:06.103Z] [SUCCESS] Processor loaded (no routing) → binance-spot.BTCUSDT.orderbook.depth-liquidity
[2026-07-27T21:52:06.103Z] [INFO] Processor enabled → binance-spot.BTCUSDT.orderbook.depth-liquidity
[2026-07-27T21:52:06.103Z] [INFO] Enabling module: binance-spot.BTCUSDT.orderbook.depth-heatmap
[2026-07-27T21:52:06.103Z] [SUCCESS] Processor loaded (no routing) → binance-spot.BTCUSDT.orderbook.depth-heatmap
[2026-07-27T21:52:06.104Z] [INFO] Processor enabled → binance-spot.BTCUSDT.orderbook.depth-heatmap
[2026-07-27T21:52:06.104Z] [INFO] Enabling module: binance-spot.BTCUSDT.orderbook.depth-imbalance
[2026-07-27T21:52:06.104Z] [SUCCESS] Processor loaded (no routing) → binance-spot.BTCUSDT.orderbook.depth-imbalance
[2026-07-27T21:52:06.104Z] [INFO] Processor enabled → binance-spot.BTCUSDT.orderbook.depth-imbalance
[2026-07-27T21:52:06.104Z] [INFO] Enabling module: binance-spot.BTCUSDT.orderbook.depth-pressure
[2026-07-27T21:52:06.104Z] [SUCCESS] Processor loaded (no routing) → binance-spot.BTCUSDT.orderbook.depth-pressure
[2026-07-27T21:52:06.104Z] [INFO] Processor enabled → binance-spot.BTCUSDT.orderbook.depth-pressure
[2026-07-27T21:52:06.105Z] [INFO] Enabling module: binance-spot.BTCUSDT.orderbook.depth-absorption
[2026-07-27T21:52:06.105Z] [SUCCESS] Processor loaded (no routing) → binance-spot.BTCUSDT.orderbook.depth-absorption
[2026-07-27T21:52:06.105Z] [INFO] Processor enabled → binance-spot.BTCUSDT.orderbook.depth-absorption
[2026-07-27T21:56:46.444Z] [INFO] Orchestrator starting...
[2026-07-27T21:56:46.451Z] [INFO] SymbolEngine initialized.
[2026-07-27T21:56:46.451Z] [INFO] ModuleManager initialized.
[2026-07-27T21:56:46.451Z] [SUCCESS] Orchestrator fully initialized.
[2026-07-27T21:56:46.452Z] [INFO] Enabling module: binance-spot.BTCUSDT.collector.orderbook-depth
[2026-07-27T21:56:46.562Z] [SUCCESS] Collector started → binance-spot.BTCUSDT.orderbook-depth
[2026-07-27T21:56:46.562Z] [SUCCESS] Collector enabled → binance-spot.BTCUSDT.collector.orderbook-depth
[2026-07-27T21:56:46.563Z] [INFO] Collector enabled → binance-spot.BTCUSDT.collector.orderbook-depth
[2026-07-27T21:56:46.563Z] [INFO] Enabling module: binance-spot.BTCUSDT.orderbook.depth-normalizer
[2026-07-27T21:56:46.564Z] [SUCCESS] Processor loaded (no routing) → binance-spot.BTCUSDT.orderbook.depth-normalizer
[2026-07-27T21:56:46.564Z] [INFO] Processor enabled → binance-spot.BTCUSDT.orderbook.depth-normalizer
[2026-07-27T21:56:46.564Z] [INFO] Enabling module: binance-spot.BTCUSDT.orderbook.depth-speed
[2026-07-27T21:56:46.565Z] [SUCCESS] Processor loaded (no routing) → binance-spot.BTCUSDT.orderbook.depth-speed
[2026-07-27T21:56:46.565Z] [INFO] Processor enabled → binance-spot.BTCUSDT.orderbook.depth-speed
[2026-07-27T21:56:46.566Z] [INFO] Enabling module: binance-spot.BTCUSDT.orderbook.depth-levels
[2026-07-27T21:56:46.568Z] [SUCCESS] Processor loaded (no routing) → binance-spot.BTCUSDT.orderbook.depth-levels
[2026-07-27T21:56:46.568Z] [INFO] Processor enabled → binance-spot.BTCUSDT.orderbook.depth-levels
[2026-07-27T21:56:46.569Z] [INFO] Enabling module: binance-spot.BTCUSDT.orderbook.depth-liquidity
[2026-07-27T21:56:46.569Z] [SUCCESS] Processor loaded (no routing) → binance-spot.BTCUSDT.orderbook.depth-liquidity
[2026-07-27T21:56:46.569Z] [INFO] Processor enabled → binance-spot.BTCUSDT.orderbook.depth-liquidity
[2026-07-27T21:56:46.570Z] [INFO] Enabling module: binance-spot.BTCUSDT.orderbook.depth-heatmap
[2026-07-27T21:56:46.571Z] [SUCCESS] Processor loaded (no routing) → binance-spot.BTCUSDT.orderbook.depth-heatmap
[2026-07-27T21:56:46.571Z] [INFO] Processor enabled → binance-spot.BTCUSDT.orderbook.depth-heatmap
[2026-07-27T21:56:46.571Z] [INFO] Enabling module: binance-spot.BTCUSDT.orderbook.depth-imbalance
[2026-07-27T21:56:46.572Z] [SUCCESS] Processor loaded (no routing) → binance-spot.BTCUSDT.orderbook.depth-imbalance
[2026-07-27T21:56:46.572Z] [INFO] Processor enabled → binance-spot.BTCUSDT.orderbook.depth-imbalance
[2026-07-27T21:56:46.572Z] [INFO] Enabling module: binance-spot.BTCUSDT.orderbook.depth-pressure
[2026-07-27T21:56:46.573Z] [SUCCESS] Processor loaded (no routing) → binance-spot.BTCUSDT.orderbook.depth-pressure
[2026-07-27T21:56:46.573Z] [INFO] Processor enabled → binance-spot.BTCUSDT.orderbook.depth-pressure
[2026-07-27T21:56:46.573Z] [INFO] Enabling module: binance-spot.BTCUSDT.orderbook.depth-absorption
[2026-07-27T21:56:46.574Z] [SUCCESS] Processor loaded (no routing) → binance-spot.BTCUSDT.orderbook.depth-absorption
[2026-07-27T21:56:46.574Z] [INFO] Processor enabled → binance-spot.BTCUSDT.orderbook.depth-absorption
[2026-07-27T21:56:47.437Z] [ERROR] DepthSpeed error → BTCUSDT: Cannot read properties of undefined (reading 'bids')
[2026-07-27T21:56:47.437Z] [ERROR] DepthLevels error → BTCUSDT: Cannot read properties of undefined (reading 'bids')
[2026-07-27T21:56:47.438Z] [ERROR] DepthLiquidity error → BTCUSDT: Cannot read properties of undefined (reading 'midprice')
[2026-07-27T21:56:47.438Z] [ERROR] DepthHeatmap error → BTCUSDT: Cannot read properties of undefined (reading 'midprice')
[2026-07-27T21:56:47.438Z] [ERROR] DepthImbalance error → BTCUSDT: Cannot read properties of undefined (reading 'levels')
[2026-07-27T21:56:47.438Z] [ERROR] DepthPressure error → BTCUSDT: Cannot read properties of undefined (reading 'midprice')
[2026-07-27T21:56:47.439Z] [ERROR] DepthAbsorption error → BTCUSDT: Cannot read properties of undefined (reading 'midprice')
[2026-07-27T21:56:47.532Z] [ERROR] DepthSpeed error → BTCUSDT: Cannot read properties of undefined (reading 'bids')
[2026-07-27T21:56:47.532Z] [ERROR] DepthLevels error → BTCUSDT: Cannot read properties of undefined (reading 'bids')
[2026-07-27T21:56:47.532Z] [ERROR] DepthLiquidity error → BTCUSDT: Cannot read properties of undefined (reading 'midprice')
[2026-07-27T21:56:47.533Z] [ERROR] DepthHeatmap error → BTCUSDT: Cannot read properties of undefined (reading 'midprice')
[2026-07-27T21:56:47.533Z] [ERROR] DepthImbalance error → BTCUSDT: Cannot read properties of undefined (reading 'levels')
[2026-07-27T21:56:47.533Z] [ERROR] DepthPressure error → BTCUSDT: Cannot read properties of undefined (reading 'midprice')
[2026-07-27T21:56:47.533Z] [ERROR] DepthAbsorption error → BTCUSDT: Cannot read properties of undefined (reading 'midprice')
[2026-07-27T21:56:47.633Z] [ERROR] DepthSpeed error → BTCUSDT: Cannot read properties of undefined (reading 'bids')
[2026-07-27T21:56:47.633Z] [ERROR] DepthLevels error → BTCUSDT: Cannot read properties of undefined (reading 'bids')
[2026-07-27T21:56:47.634Z] [ERROR] DepthLiquidity error → BTCUSDT: Cannot read properties of undefined (reading 'midprice')
[2026-07-27T21:56:47.634Z] [ERROR] DepthHeatmap error → BTCUSDT: Cannot read properties of undefined (reading 'midprice')
[2026-07-27T21:56:47.634Z] [ERROR] DepthImbalance error → BTCUSDT: Cannot read properties of undefined (reading 'levels')
[2026-07-27T21:56:47.634Z] [ERROR] DepthPressure error → BTCUSDT: Cannot read properties of undefined (reading 'midprice')
[2026-07-27T21:56:47.634Z] [ERROR] DepthAbsorption error → BTCUSDT: Cannot read properties of undefined (reading 'midprice')
[2026-07-27T21:56:47.733Z] [ERROR] DepthSpeed error → BTCUSDT: Cannot read properties of undefined (reading 'bids')
[2026-07-27T21:56:47.733Z] [ERROR] DepthLevels error → BTCUSDT: Cannot read properties of undefined (reading 'bids')
[2026-07-27T21:56:47.733Z] [ERROR] DepthLiquidity error → BTCUSDT: Cannot read properties of undefined (reading 'midprice')
[2026-07-27T21:56:47.734Z] [ERROR] DepthHeatmap error → BTCUSDT: Cannot read properties of undefined (reading 'midprice')
[2026-07-27T21:56:47.734Z] [ERROR] DepthImbalance error → BTCUSDT: Cannot read properties of undefined (reading 'levels')
[2026-07-27T21:56:47.734Z] [ERROR] DepthPressure error → BTCUSDT: Cannot read properties of undefined (reading 'midprice')
[2026-07-27T21:56:47.734Z] [ERROR] DepthAbsorption error → BTCUSDT: Cannot read properties of undefined (reading 'midprice')
[2026-07-27T21:56:47.831Z] [ERROR] DepthSpeed error → BTCUSDT: Cannot read properties of undefined (reading 'bids')
[2026-07-27T21:56:47.832Z] [ERROR] DepthLevels error → BTCUSDT: Cannot read properties of undefined (reading 'bids')
[2026-07-27T21:56:47.832Z] [ERROR] DepthLiquidity error → BTCUSDT: Cannot read properties of undefined (reading 'midprice')
[2026-07-27T21:56:47.832Z] [ERROR] DepthHeatmap error → BTCUSDT: Cannot read properties of undefined (reading 'midprice')
[2026-07-27T21:56:47.833Z] [ERROR] DepthImbalance error → BTCUSDT: Cannot read properties of undefined (reading 'levels')
[2026-07-27T21:56:47.833Z] [ERROR] DepthPressure error → BTCUSDT: Cannot read properties of undefined (reading 'midprice')
[2026-07-27T21:56:47.833Z] [ERROR] DepthAbsorption error → BTCUSDT: Cannot read properties of undefined (reading 'midprice')
[2026-07-27T21:56:47.931Z] [ERROR] DepthSpeed error → BTCUSDT: Cannot read properties of undefined (reading 'bids')
[2026-07-27T21:56:47.931Z] [ERROR] DepthLevels error → BTCUSDT: Cannot read properties of undefined (reading 'bids')
[2026-07-27T21:56:47.931Z] [ERROR] DepthLiquidity error → BTCUSDT: Cannot read properties of undefined (reading 'midprice')
[2026-07-27T21:56:47.931Z] [ERROR] DepthHeatmap error → BTCUSDT: Cannot read properties of undefined (reading 'midprice')
[2026-07-27T21:56:47.932Z] [ERROR] DepthImbalance error → BTCUSDT: Cannot read properties of undefined (reading 'levels')
[2026-07-27T21:56:47.932Z] [ERROR] DepthPressure error → BTCUSDT: Cannot read properties of undefined (reading 'midprice')
[2026-07-27T21:56:47.932Z] [ERROR] DepthAbsorption error → BTCUSDT: Cannot read properties of undefined (reading 'midprice')
[2026-07-27T21:56:48.032Z] [ERROR] DepthSpeed error → BTCUSDT: Cannot read properties of undefined (reading 'bids')
[2026-07-27T21:56:48.032Z] [ERROR] DepthLevels error → BTCUSDT: Cannot read properties of undefined (reading 'bids')
[2026-07-27T21:56:48.033Z] [ERROR] DepthLiquidity error → BTCUSDT: Cannot read properties of undefined (reading 'midprice')
[2026-07-27T21:56:48.033Z] [ERROR] DepthHeatmap error → BTCUSDT: Cannot read properties of undefined (reading 'midprice')
[2026-07-27T21:56:48.033Z] [ERROR] DepthImbalance error → BTCUSDT: Cannot read properties of undefined (reading 'levels')
[2026-07-27T21:56:48.033Z] [ERROR] DepthPressure error → BTCUSDT: Cannot read properties of undefined (reading 'midprice')
[2026-07-27T21:56:48.033Z] [ERROR] DepthAbsorption error → BTCUSDT: Cannot read properties of undefined (reading 'midprice')
[2026-07-27T21:56:48.131Z] [ERROR] DepthSpeed error → BTCUSDT: Cannot read properties of undefined (reading 'bids')
[2026-07-27T21:56:48.132Z] [ERROR] DepthLevels error → BTCUSDT: Cannot read properties of undefined (reading 'bids')
[2026-07-27T21:56:48.132Z] [ERROR] DepthLiquidity error → BTCUSDT: Cannot read properties of undefined (reading 'midprice')
[2026-07-27T21:56:48.132Z] [ERROR] DepthHeatmap error → BTCUSDT: Cannot read properties of undefined (reading 'midprice')
[2026-07-27T21:56:48.133Z] [ERROR] DepthImbalance error → BTCUSDT: Cannot read properties of undefined (reading 'levels')
[2026-07-27T21:56:48.133Z] [ERROR] DepthPressure error → BTCUSDT: Cannot read properties of undefined (reading 'midprice')
[2026-07-27T21:56:48.133Z] [ERROR] DepthAbsorption error → BTCUSDT: Cannot read properties of undefined (reading 'midprice')
[2026-07-27T21:56:48.231Z] [ERROR] DepthSpeed error → BTCUSDT: Cannot read properties of undefined (reading 'bids')
[2026-07-27T21:56:48.232Z] [ERROR] DepthLevels error → BTCUSDT: Cannot read properties of undefined (reading 'bids')
[2026-07-27T21:56:48.232Z] [ERROR] DepthLiquidity error → BTCUSDT: Cannot read properties of undefined (reading 'midprice')
[2026-07-27T21:56:48.232Z] [ERROR] DepthHeatmap error → BTCUSDT: Cannot read properties of undefined (reading 'midprice')
[2026-07-27T21:56:48.232Z] [ERROR] DepthImbalance error → BTCUSDT: Cannot read properties of undefined (reading 'levels')
[2026-07-27T21:56:48.233Z] [ERROR] DepthPressure error → BTCUSDT: Cannot read properties of undefined (reading 'midprice')
[2026-07-27T21:56:48.233Z] [ERROR] DepthAbsorption error → BTCUSDT: Cannot read properties of undefined (reading 'midprice')
[2026-07-27T21:56:48.331Z] [ERROR] DepthSpeed error → BTCUSDT: Cannot read properties of undefined (reading 'bids')
[2026-07-27T21:56:48.332Z] [ERROR] DepthLevels error → BTCUSDT: Cannot read properties of undefined (reading 'bids')
[2026-07-27T21:56:48.333Z] [ERROR] DepthLiquidity error → BTCUSDT: Cannot read properties of undefined (reading 'midprice')
[2026-07-27T21:56:48.333Z] [ERROR] DepthHeatmap error → BTCUSDT: Cannot read properties of undefined (reading 'midprice')
[2026-07-27T21:56:48.333Z] [ERROR] DepthImbalance error → BTCUSDT: Cannot read properties of undefined (reading 'levels')
[2026-07-27T21:56:48.334Z] [ERROR] DepthPressure error → BTCUSDT: Cannot read properties of undefined (reading 'midprice')
[2026-07-27T21:56:48.334Z] [ERROR] DepthAbsorption error → BTCUSDT: Cannot read properties of undefined (reading 'midprice')
[2026-07-27T21:56:48.430Z] [ERROR] DepthSpeed error → BTCUSDT: Cannot read properties of undefined (reading 'bids')
[2026-07-27T21:56:48.431Z] [ERROR] DepthLevels error → BTCUSDT: Cannot read properties of undefined (reading 'bids')
[2026-07-27T21:56:48.431Z] [ERROR] DepthLiquidity error → BTCUSDT: Cannot read properties of undefined (reading 'midprice')
[2026-07-27T21:56:48.432Z] [ERROR] DepthHeatmap error → BTCUSDT: Cannot read properties of undefined (reading 'midprice')
[2026-07-27T21:56:48.432Z] [ERROR] DepthImbalance error → BTCUSDT: Cannot read properties of undefined (reading 'levels')
[2026-07-27T21:56:48.432Z] [ERROR] DepthPressure error → BTCUSDT: Cannot read properties of undefined (reading 'midprice')
[2026-07-27T21:56:48.432Z] [ERROR] DepthAbsorption error → BTCUSDT: Cannot read properties of undefined (reading 'midprice')
[2026-07-27T21:56:48.531Z] [ERROR] DepthSpeed error → BTCUSDT: Cannot read properties of undefined (reading 'bids')
[2026-07-27T21:56:48.532Z] [ERROR] DepthLevels error → BTCUSDT: Cannot read properties of undefined (reading 'bids')
[2026-07-27T21:56:48.532Z] [ERROR] DepthLiquidity error → BTCUSDT: Cannot read properties of undefined (reading 'midprice')
[2026-07-27T21:56:48.532Z] [ERROR] DepthHeatmap error → BTCUSDT: Cannot read properties of undefined (reading 'midprice')
[2026-07-27T21:56:48.532Z] [ERROR] DepthImbalance error → BTCUSDT: Cannot read properties of undefined (reading 'levels')
[2026-07-27T21:56:48.532Z] [ERROR] DepthPressure error → BTCUSDT: Cannot read properties of undefined (reading 'midprice')
[2026-07-27T21:56:48.533Z] [ERROR] DepthAbsorption error → BTCUSDT: Cannot read properties of undefined (reading 'midprice')
[2026-07-27T21:56:48.631Z] [ERROR] DepthSpeed error → BTCUSDT: Cannot read properties of undefined (reading 'bids')
[2026-07-27T21:56:48.631Z] [ERROR] DepthLevels error → BTCUSDT: Cannot read properties of undefined (reading 'bids')
[2026-07-27T21:56:48.631Z] [ERROR] DepthLiquidity error → BTCUSDT: Cannot read properties of undefined (reading 'midprice')
[2026-07-27T21:56:48.631Z] [ERROR] DepthHeatmap error → BTCUSDT: Cannot read properties of undefined (reading 'midprice')
[2026-07-27T21:56:48.631Z] [ERROR] DepthImbalance error → BTCUSDT: Cannot read properties of undefined (reading 'levels')
[2026-07-27T21:56:48.632Z] [ERROR] DepthPressure error → BTCUSDT: Cannot read properties of undefined (reading 'midprice')
[2026-07-27T21:56:48.632Z] [ERROR] DepthAbsorption error → BTCUSDT: Cannot read properties of undefined (reading 'midprice')
[2026-07-27T21:56:48.731Z] [ERROR] DepthSpeed error → BTCUSDT: Cannot read properties of undefined (reading 'bids')
[2026-07-27T21:56:48.731Z] [ERROR] DepthLevels error → BTCUSDT: Cannot read properties of undefined (reading 'bids')
[2026-07-27T21:56:48.732Z] [ERROR] DepthLiquidity error → BTCUSDT: Cannot read properties of undefined (reading 'midprice')
[2026-07-27T21:56:48.732Z] [ERROR] DepthHeatmap error → BTCUSDT: Cannot read properties of undefined (reading 'midprice')
[2026-07-27T21:56:48.732Z] [ERROR] DepthImbalance error → BTCUSDT: Cannot read properties of undefined (reading 'levels')
[2026-07-27T21:56:48.732Z] [ERROR] DepthPressure error → BTCUSDT: Cannot read properties of undefined (reading 'midprice')
[2026-07-27T21:56:48.733Z] [ERROR] DepthAbsorption error → BTCUSDT: Cannot read properties of undefined (reading 'midprice')
[2026-07-27T21:56:48.831Z] [ERROR] DepthSpeed error → BTCUSDT: Cannot read properties of undefined (reading 'bids')
[2026-07-27T21:56:48.831Z] [ERROR] DepthLevels error → BTCUSDT: Cannot read properties of undefined (reading 'bids')
[2026-07-27T21:56:48.832Z] [ERROR] DepthLiquidity error → BTCUSDT: Cannot read properties of undefined (reading 'midprice')
[2026-07-27T21:56:48.832Z] [ERROR] DepthHeatmap error → BTCUSDT: Cannot read properties of undefined (reading 'midprice')
[2026-07-27T21:56:48.832Z] [ERROR] DepthImbalance error → BTCUSDT: Cannot read properties of undefined (reading 'levels')
[2026-07-27T21:56:48.832Z] [ERROR] DepthPressure error → BTCUSDT: Cannot read properties of undefined (reading 'midprice')
[2026-07-27T21:56:48.832Z] [ERROR] DepthAbsorption error → BTCUSDT: Cannot read properties of undefined (reading 'midprice')
[2026-07-27T21:56:48.931Z] [ERROR] DepthSpeed error → BTCUSDT: Cannot read properties of undefined (reading 'bids')
[2026-07-27T21:56:48.932Z] [ERROR] DepthLevels error → BTCUSDT: Cannot read properties of undefined (reading 'bids')
[2026-07-27T21:56:48.932Z] [ERROR] DepthLiquidity error → BTCUSDT: Cannot read properties of undefined (reading 'midprice')
[2026-07-27T21:56:48.932Z] [ERROR] DepthHeatmap error → BTCUSDT: Cannot read properties of undefined (reading 'midprice')
[2026-07-27T21:56:48.932Z] [ERROR] DepthImbalance error → BTCUSDT: Cannot read properties of undefined (reading 'levels')
[2026-07-27T21:56:48.933Z] [ERROR] DepthPressure error → BTCUSDT: Cannot read properties of undefined (reading 'midprice')
[2026-07-27T21:56:48.933Z] [ERROR] DepthAbsorption error → BTCUSDT: Cannot read properties of undefined (reading 'midprice')
[2026-07-27T21:56:49.031Z] [ERROR] DepthSpeed error → BTCUSDT: Cannot read properties of undefined (reading 'bids')
[2026-07-27T21:56:49.031Z] [ERROR] DepthLevels error → BTCUSDT: Cannot read properties of undefined (reading 'bids')
[2026-07-27T21:56:49.031Z] [ERROR] DepthLiquidity error → BTCUSDT: Cannot read properties of undefined (reading 'midprice')
[2026-07-27T21:56:49.031Z] [ERROR] DepthHeatmap error → BTCUSDT: Cannot read properties of undefined (reading 'midprice')
[2026-07-27T21:56:49.032Z] [ERROR] DepthImbalance error → BTCUSDT: Cannot read properties of undefined (reading 'levels')
[2026-07-27T21:56:49.032Z] [ERROR] DepthPressure error → BTCUSDT: Cannot read properties of undefined (reading 'midprice')
[2026-07-27T21:56:49.032Z] [ERROR] DepthAbsorption error → BTCUSDT: Cannot read properties of undefined (reading 'midprice')
[2026-07-27T21:56:49.131Z] [ERROR] DepthSpeed error → BTCUSDT: Cannot read properties of undefined (reading 'bids')
[2026-07-27T21:56:49.132Z] [ERROR] DepthLevels error → BTCUSDT: Cannot read properties of undefined (reading 'bids')
[2026-07-27T21:56:49.132Z] [ERROR] DepthLiquidity error → BTCUSDT: Cannot read properties of undefined (reading 'midprice')
[2026-07-27T21:56:49.132Z] [ERROR] DepthHeatmap error → BTCUSDT: Cannot read properties of undefined (reading 'midprice')
[2026-07-27T21:56:49.132Z] [ERROR] DepthImbalance error → BTCUSDT: Cannot read properties of undefined (reading 'levels')
[2026-07-27T21:56:49.132Z] [ERROR] DepthPressure error → BTCUSDT: Cannot read properties of undefined (reading 'midprice')
[2026-07-27T21:56:49.132Z] [ERROR] DepthAbsorption error → BTCUSDT: Cannot read properties of undefined (reading 'midprice')
[2026-07-27T21:56:49.231Z] [ERROR] DepthSpeed error → BTCUSDT: Cannot read properties of undefined (reading 'bids')
[2026-07-27T21:56:49.231Z] [ERROR] DepthLevels error → BTCUSDT: Cannot read properties of undefined (reading 'bids')
[2026-07-27T21:56:49.231Z] [ERROR] DepthLiquidity error → BTCUSDT: Cannot read properties of undefined (reading 'midprice')
[2026-07-27T21:56:49.231Z] [ERROR] DepthHeatmap error → BTCUSDT: Cannot read properties of undefined (reading 'midprice')
[2026-07-27T21:56:49.232Z] [ERROR] DepthImbalance error → BTCUSDT: Cannot read properties of undefined (reading 'levels')
[2026-07-27T21:56:49.232Z] [ERROR] DepthPressure error → BTCUSDT: Cannot read properties of undefined (reading 'midprice')
[2026-07-27T21:56:49.232Z] [ERROR] DepthAbsorption error → BTCUSDT: Cannot read properties of undefined (reading 'midprice')
[2026-07-27T21:56:49.331Z] [ERROR] DepthSpeed error → BTCUSDT: Cannot read properties of undefined (reading 'bids')
[2026-07-27T21:56:49.331Z] [ERROR] DepthLevels error → BTCUSDT: Cannot read properties of undefined (reading 'bids')
[2026-07-27T21:56:49.331Z] [ERROR] DepthLiquidity error → BTCUSDT: Cannot read properties of undefined (reading 'midprice')
[2026-07-27T21:56:49.332Z] [ERROR] DepthHeatmap error → BTCUSDT: Cannot read properties of undefined (reading 'midprice')
[2026-07-27T21:56:49.332Z] [ERROR] DepthImbalance error → BTCUSDT: Cannot read properties of undefined (reading 'levels')
[2026-07-27T21:56:49.332Z] [ERROR] DepthPressure error → BTCUSDT: Cannot read properties of undefined (reading 'midprice')
[2026-07-27T21:56:49.332Z] [ERROR] DepthAbsorption error → BTCUSDT: Cannot read properties of undefined (reading 'midprice')
[2026-07-27T21:56:49.431Z] [ERROR] DepthSpeed error → BTCUSDT: Cannot read properties of undefined (reading 'bids')
[2026-07-27T21:56:49.431Z] [ERROR] DepthLevels error → BTCUSDT: Cannot read properties of undefined (reading 'bids')
[2026-07-27T21:56:49.431Z] [ERROR] DepthLiquidity error → BTCUSDT: Cannot read properties of undefined (reading 'midprice')
[2026-07-27T21:56:49.431Z] [ERROR] DepthHeatmap error → BTCUSDT: Cannot read properties of undefined (reading 'midprice')
[2026-07-27T21:56:49.432Z] [ERROR] DepthImbalance error → BTCUSDT: Cannot read properties of undefined (reading 'levels')
[2026-07-27T21:56:49.432Z] [ERROR] DepthPressure error → BTCUSDT: Cannot read properties of undefined (reading 'midprice')
[2026-07-27T21:56:49.432Z] [ERROR] DepthAbsorption error → BTCUSDT: Cannot read properties of undefined (reading 'midprice')
[2026-07-27T21:56:49.531Z] [ERROR] DepthSpeed error → BTCUSDT: Cannot read properties of undefined (reading 'bids')
[2026-07-27T21:56:49.531Z] [ERROR] DepthLevels error → BTCUSDT: Cannot read properties of undefined (reading 'bids')
[2026-07-27T21:56:49.531Z] [ERROR] DepthLiquidity error → BTCUSDT: Cannot read properties of undefined (reading 'midprice')
[2026-07-27T21:56:49.531Z] [ERROR] DepthHeatmap error → BTCUSDT: Cannot read properties of undefined (reading 'midprice')
[2026-07-27T21:56:49.532Z] [ERROR] DepthImbalance error → BTCUSDT: Cannot read properties of undefined (reading 'levels')
[2026-07-27T21:56:49.532Z] [ERROR] DepthPressure error → BTCUSDT: Cannot read properties of undefined (reading 'midprice')
[2026-07-27T21:56:49.532Z] [ERROR] DepthAbsorption error → BTCUSDT: Cannot read properties of undefined (reading 'midprice')
[2026-07-27T21:56:49.631Z] [ERROR] DepthSpeed error → BTCUSDT: Cannot read properties of undefined (reading 'bids')
[2026-07-27T21:56:49.632Z] [ERROR] DepthLevels error → BTCUSDT: Cannot read properties of undefined (reading 'bids')
[2026-07-27T21:56:49.632Z] [ERROR] DepthLiquidity error → BTCUSDT: Cannot read properties of undefined (reading 'midprice')
[2026-07-27T21:56:49.632Z] [ERROR] DepthHeatmap error → BTCUSDT: Cannot read properties of undefined (reading 'midprice')
[2026-07-27T21:56:49.632Z] [ERROR] DepthImbalance error → BTCUSDT: Cannot read properties of undefined (reading 'levels')
[2026-07-27T21:56:49.632Z] [ERROR] DepthPressure error → BTCUSDT: Cannot read properties of undefined (reading 'midprice')
[2026-07-27T21:56:49.633Z] [ERROR] DepthAbsorption error → BTCUSDT: Cannot read properties of undefined (reading 'midprice')
[2026-07-27T21:56:49.732Z] [ERROR] DepthSpeed error → BTCUSDT: Cannot read properties of undefined (reading 'bids')
[2026-07-27T21:56:49.732Z] [ERROR] DepthLevels error → BTCUSDT: Cannot read properties of undefined (reading 'bids')
[2026-07-27T21:56:49.732Z] [ERROR] DepthLiquidity error → BTCUSDT: Cannot read properties of undefined (reading 'midprice')
[2026-07-27T21:56:49.732Z] [ERROR] DepthHeatmap error → BTCUSDT: Cannot read properties of undefined (reading 'midprice')
[2026-07-27T21:56:49.733Z] [ERROR] DepthImbalance error → BTCUSDT: Cannot read properties of undefined (reading 'levels')
[2026-07-27T21:56:49.733Z] [ERROR] DepthPressure error → BTCUSDT: Cannot read properties of undefined (reading 'midprice')
[2026-07-27T21:56:49.733Z] [ERROR] DepthAbsorption error → BTCUSDT: Cannot read properties of undefined (reading 'midprice')
[2026-07-27T21:56:49.832Z] [ERROR] DepthSpeed error → BTCUSDT: Cannot read properties of undefined (reading 'bids')
[2026-07-27T21:56:49.833Z] [ERROR] DepthLevels error → BTCUSDT: Cannot read properties of undefined (reading 'bids')
[2026-07-27T21:56:49.833Z] [ERROR] DepthLiquidity error → BTCUSDT: Cannot read properties of undefined (reading 'midprice')
[2026-07-27T21:56:49.833Z] [ERROR] DepthHeatmap error → BTCUSDT: Cannot read properties of undefined (reading 'midprice')
[2026-07-27T21:56:49.833Z] [ERROR] DepthImbalance error → BTCUSDT: Cannot read properties of undefined (reading 'levels')
[2026-07-27T21:56:49.834Z] [ERROR] DepthPressure error → BTCUSDT: Cannot read properties of undefined (reading 'midprice')
[2026-07-27T21:56:49.834Z] [ERROR] DepthAbsorption error → BTCUSDT: Cannot read properties of undefined (reading 'midprice')
[2026-07-27T21:56:49.931Z] [ERROR] DepthSpeed error → BTCUSDT: Cannot read properties of undefined (reading 'bids')
[2026-07-27T21:56:49.932Z] [ERROR] DepthLevels error → BTCUSDT: Cannot read properties of undefined (reading 'bids')
[2026-07-27T21:56:49.932Z] [ERROR] DepthLiquidity error → BTCUSDT: Cannot read properties of undefined (reading 'midprice')
[2026-07-27T21:56:49.932Z] [ERROR] DepthHeatmap error → BTCUSDT: Cannot read properties of undefined (reading 'midprice')
[2026-07-27T21:56:49.932Z] [ERROR] DepthImbalance error → BTCUSDT: Cannot read properties of undefined (reading 'levels')
[2026-07-27T21:56:49.933Z] [ERROR] DepthPressure error → BTCUSDT: Cannot read properties of undefined (reading 'midprice')
[2026-07-27T21:56:49.933Z] [ERROR] DepthAbsorption error → BTCUSDT: Cannot read properties of undefined (reading 'midprice')
[2026-07-27T21:56:50.030Z] [ERROR] DepthSpeed error → BTCUSDT: Cannot read properties of undefined (reading 'bids')
[2026-07-27T21:56:50.031Z] [ERROR] DepthLevels error → BTCUSDT: Cannot read properties of undefined (reading 'bids')
[2026-07-27T21:56:50.031Z] [ERROR] DepthLiquidity error → BTCUSDT: Cannot read properties of undefined (reading 'midprice')
[2026-07-27T21:56:50.032Z] [ERROR] DepthHeatmap error → BTCUSDT: Cannot read properties of undefined (reading 'midprice')
[2026-07-27T21:56:50.032Z] [ERROR] DepthImbalance error → BTCUSDT: Cannot read properties of undefined (reading 'levels')
[2026-07-27T21:56:50.032Z] [ERROR] DepthPressure error → BTCUSDT: Cannot read properties of undefined (reading 'midprice')
[2026-07-27T21:56:50.032Z] [ERROR] DepthAbsorption error → BTCUSDT: Cannot read properties of undefined (reading 'midprice')
[2026-07-27T21:56:50.132Z] [ERROR] DepthSpeed error → BTCUSDT: Cannot read properties of undefined (reading 'bids')
[2026-07-27T21:56:50.132Z] [ERROR] DepthLevels error → BTCUSDT: Cannot read properties of undefined (reading 'bids')
[2026-07-27T21:56:50.132Z] [ERROR] DepthLiquidity error → BTCUSDT: Cannot read properties of undefined (reading 'midprice')
[2026-07-27T21:56:50.133Z] [ERROR] DepthHeatmap error → BTCUSDT: Cannot read properties of undefined (reading 'midprice')
[2026-07-27T21:56:50.133Z] [ERROR] DepthImbalance error → BTCUSDT: Cannot read properties of undefined (reading 'levels')
[2026-07-27T21:56:50.133Z] [ERROR] DepthPressure error → BTCUSDT: Cannot read properties of undefined (reading 'midprice')
[2026-07-27T21:56:50.133Z] [ERROR] DepthAbsorption error → BTCUSDT: Cannot read properties of undefined (reading 'midprice')
[2026-07-27T21:56:50.231Z] [ERROR] DepthSpeed error → BTCUSDT: Cannot read properties of undefined (reading 'bids')
[2026-07-27T21:56:50.231Z] [ERROR] DepthLevels error → BTCUSDT: Cannot read properties of undefined (reading 'bids')
[2026-07-27T21:56:50.232Z] [ERROR] DepthLiquidity error → BTCUSDT: Cannot read properties of undefined (reading 'midprice')
[2026-07-27T21:56:50.232Z] [ERROR] DepthHeatmap error → BTCUSDT: Cannot read properties of undefined (reading 'midprice')
[2026-07-27T21:56:50.232Z] [ERROR] DepthImbalance error → BTCUSDT: Cannot read properties of undefined (reading 'levels')
[2026-07-27T21:56:50.232Z] [ERROR] DepthPressure error → BTCUSDT: Cannot read properties of undefined (reading 'midprice')
[2026-07-27T21:56:50.233Z] [ERROR] DepthAbsorption error → BTCUSDT: Cannot read properties of undefined (reading 'midprice')
[2026-07-27T21:56:50.331Z] [ERROR] DepthSpeed error → BTCUSDT: Cannot read properties of undefined (reading 'bids')
[2026-07-27T21:56:50.331Z] [ERROR] DepthLevels error → BTCUSDT: Cannot read properties of undefined (reading 'bids')
[2026-07-27T21:56:50.332Z] [ERROR] DepthLiquidity error → BTCUSDT: Cannot read properties of undefined (reading 'midprice')
[2026-07-27T21:56:50.332Z] [ERROR] DepthHeatmap error → BTCUSDT: Cannot read properties of undefined (reading 'midprice')
[2026-07-27T21:56:50.332Z] [ERROR] DepthImbalance error → BTCUSDT: Cannot read properties of undefined (reading 'levels')
[2026-07-27T21:56:50.333Z] [ERROR] DepthPressure error → BTCUSDT: Cannot read properties of undefined (reading 'midprice')
[2026-07-27T21:56:50.333Z] [ERROR] DepthAbsorption error → BTCUSDT: Cannot read properties of undefined (reading 'midprice')
[2026-07-27T21:56:50.433Z] [ERROR] DepthSpeed error → BTCUSDT: Cannot read properties of undefined (reading 'bids')
[2026-07-27T21:56:50.433Z] [ERROR] DepthLevels error → BTCUSDT: Cannot read properties of undefined (reading 'bids')
[2026-07-27T21:56:50.433Z] [ERROR] DepthLiquidity error → BTCUSDT: Cannot read properties of undefined (reading 'midprice')
[2026-07-27T21:56:50.433Z] [ERROR] DepthHeatmap error → BTCUSDT: Cannot read properties of undefined (reading 'midprice')
[2026-07-27T21:56:50.434Z] [ERROR] DepthImbalance error → BTCUSDT: Cannot read properties of undefined (reading 'levels')
[2026-07-27T21:56:50.434Z] [ERROR] DepthPressure error → BTCUSDT: Cannot read properties of undefined (reading 'midprice')
[2026-07-27T21:56:50.434Z] [ERROR] DepthAbsorption error → BTCUSDT: Cannot read properties of undefined (reading 'midprice')
[2026-07-27T21:56:50.538Z] [ERROR] DepthSpeed error → BTCUSDT: Cannot read properties of undefined (reading 'bids')
[2026-07-27T21:56:50.539Z] [ERROR] DepthLevels error → BTCUSDT: Cannot read properties of undefined (reading 'bids')
[2026-07-27T21:56:50.539Z] [ERROR] DepthLiquidity error → BTCUSDT: Cannot read properties of undefined (reading 'midprice')
[2026-07-27T21:56:50.539Z] [ERROR] DepthHeatmap error → BTCUSDT: Cannot read properties of undefined (reading 'midprice')
[2026-07-27T21:56:50.540Z] [ERROR] DepthImbalance error → BTCUSDT: Cannot read properties of undefined (reading 'levels')
[2026-07-27T21:56:50.540Z] [ERROR] DepthPressure error → BTCUSDT: Cannot read properties of undefined (reading 'midprice')
[2026-07-27T21:56:50.540Z] [ERROR] DepthAbsorption error → BTCUSDT: Cannot read properties of undefined (reading 'midprice')
[2026-07-27T21:56:50.638Z] [ERROR] DepthSpeed error → BTCUSDT: Cannot read properties of undefined (reading 'bids')
[2026-07-27T21:56:50.639Z] [ERROR] DepthLevels error → BTCUSDT: Cannot read properties of undefined (reading 'bids')
[2026-07-27T21:56:50.639Z] [ERROR] DepthLiquidity error → BTCUSDT: Cannot read properties of undefined (reading 'midprice')
[2026-07-27T21:56:50.639Z] [ERROR] DepthHeatmap error → BTCUSDT: Cannot read properties of undefined (reading 'midprice')
[2026-07-27T21:56:50.640Z] [ERROR] DepthImbalance error → BTCUSDT: Cannot read properties of undefined (reading 'levels')
[2026-07-27T21:56:50.640Z] [ERROR] DepthPressure error → BTCUSDT: Cannot read properties of undefined (reading 'midprice')
[2026-07-27T21:56:50.640Z] [ERROR] DepthAbsorption error → BTCUSDT: Cannot read properties of undefined (reading 'midprice')
[2026-07-27T21:56:50.734Z] [ERROR] DepthSpeed error → BTCUSDT: Cannot read properties of undefined (reading 'bids')
[2026-07-27T21:56:50.734Z] [ERROR] DepthLevels error → BTCUSDT: Cannot read properties of undefined (reading 'bids')
[2026-07-27T21:56:50.735Z] [ERROR] DepthLiquidity error → BTCUSDT: Cannot read properties of undefined (reading 'midprice')
[2026-07-27T21:56:50.735Z] [ERROR] DepthHeatmap error → BTCUSDT: Cannot read properties of undefined (reading 'midprice')
[2026-07-27T21:56:50.735Z] [ERROR] DepthImbalance error → BTCUSDT: Cannot read properties of undefined (reading 'levels')
[2026-07-27T21:56:50.735Z] [ERROR] DepthPressure error → BTCUSDT: Cannot read properties of undefined (reading 'midprice')
[2026-07-27T21:56:50.735Z] [ERROR] DepthAbsorption error → BTCUSDT: Cannot read properties of undefined (reading 'midprice')
[2026-07-27T21:56:50.833Z] [ERROR] DepthSpeed error → BTCUSDT: Cannot read properties of undefined (reading 'bids')
[2026-07-27T21:56:50.833Z] [ERROR] DepthLevels error → BTCUSDT: Cannot read properties of undefined (reading 'bids')
[2026-07-27T21:56:50.833Z] [ERROR] DepthLiquidity error → BTCUSDT: Cannot read properties of undefined (reading 'midprice')
[2026-07-27T21:56:50.833Z] [ERROR] DepthHeatmap error → BTCUSDT: Cannot read properties of undefined (reading 'midprice')
[2026-07-27T21:56:50.833Z] [ERROR] DepthImbalance error → BTCUSDT: Cannot read properties of undefined (reading 'levels')
[2026-07-27T21:56:50.834Z] [ERROR] DepthPressure error → BTCUSDT: Cannot read properties of undefined (reading 'midprice')
[2026-07-27T21:56:50.834Z] [ERROR] DepthAbsorption error → BTCUSDT: Cannot read properties of undefined (reading 'midprice')
[2026-07-27T21:56:50.931Z] [ERROR] DepthSpeed error → BTCUSDT: Cannot read properties of undefined (reading 'bids')
[2026-07-27T21:56:50.931Z] [ERROR] DepthLevels error → BTCUSDT: Cannot read properties of undefined (reading 'bids')
[2026-07-27T21:56:50.932Z] [ERROR] DepthLiquidity error → BTCUSDT: Cannot read properties of undefined (reading 'midprice')
[2026-07-27T21:56:50.932Z] [ERROR] DepthHeatmap error → BTCUSDT: Cannot read properties of undefined (reading 'midprice')
[2026-07-27T21:56:50.932Z] [ERROR] DepthImbalance error → BTCUSDT: Cannot read properties of undefined (reading 'levels')
[2026-07-27T21:56:50.932Z] [ERROR] DepthPressure error → BTCUSDT: Cannot read properties of undefined (reading 'midprice')
[2026-07-27T21:56:50.933Z] [ERROR] DepthAbsorption error → BTCUSDT: Cannot read properties of undefined (reading 'midprice')
[2026-07-27T21:56:51.030Z] [ERROR] DepthSpeed error → BTCUSDT: Cannot read properties of undefined (reading 'bids')
[2026-07-27T21:56:51.031Z] [ERROR] DepthLevels error → BTCUSDT: Cannot read properties of undefined (reading 'bids')
[2026-07-27T21:56:51.031Z] [ERROR] DepthLiquidity error → BTCUSDT: Cannot read properties of undefined (reading 'midprice')
[2026-07-27T21:56:51.031Z] [ERROR] DepthHeatmap error → BTCUSDT: Cannot read properties of undefined (reading 'midprice')
[2026-07-27T21:56:51.032Z] [ERROR] DepthImbalance error → BTCUSDT: Cannot read properties of undefined (reading 'levels')
[2026-07-27T21:56:51.032Z] [ERROR] DepthPressure error → BTCUSDT: Cannot read properties of undefined (reading 'midprice')
[2026-07-27T21:56:51.032Z] [ERROR] DepthAbsorption error → BTCUSDT: Cannot read properties of undefined (reading 'midprice')
[2026-07-27T21:56:51.132Z] [ERROR] DepthSpeed error → BTCUSDT: Cannot read properties of undefined (reading 'bids')
[2026-07-27T21:56:51.132Z] [ERROR] DepthLevels error → BTCUSDT: Cannot read properties of undefined (reading 'bids')
[2026-07-27T21:56:51.132Z] [ERROR] DepthLiquidity error → BTCUSDT: Cannot read properties of undefined (reading 'midprice')
[2026-07-27T21:56:51.133Z] [ERROR] DepthHeatmap error → BTCUSDT: Cannot read properties of undefined (reading 'midprice')
[2026-07-27T21:56:51.133Z] [ERROR] DepthImbalance error → BTCUSDT: Cannot read properties of undefined (reading 'levels')
[2026-07-27T21:56:51.133Z] [ERROR] DepthPressure error → BTCUSDT: Cannot read properties of undefined (reading 'midprice')
[2026-07-27T21:56:51.133Z] [ERROR] DepthAbsorption error → BTCUSDT: Cannot read properties of undefined (reading 'midprice')
[2026-07-27T21:56:51.231Z] [ERROR] DepthSpeed error → BTCUSDT: Cannot read properties of undefined (reading 'bids')
[2026-07-27T21:56:51.232Z] [ERROR] DepthLevels error → BTCUSDT: Cannot read properties of undefined (reading 'bids')
[2026-07-27T21:56:51.232Z] [ERROR] DepthLiquidity error → BTCUSDT: Cannot read properties of undefined (reading 'midprice')
[2026-07-27T21:56:51.233Z] [ERROR] DepthHeatmap error → BTCUSDT: Cannot read properties of undefined (reading 'midprice')
[2026-07-27T21:56:51.233Z] [ERROR] DepthImbalance error → BTCUSDT: Cannot read properties of undefined (reading 'levels')
[2026-07-27T21:56:51.233Z] [ERROR] DepthPressure error → BTCUSDT: Cannot read properties of undefined (reading 'midprice')
[2026-07-27T21:56:51.233Z] [ERROR] DepthAbsorption error → BTCUSDT: Cannot read properties of undefined (reading 'midprice')
[2026-07-27T21:56:51.331Z] [ERROR] DepthSpeed error → BTCUSDT: Cannot read properties of undefined (reading 'bids')
[2026-07-27T21:56:51.331Z] [ERROR] DepthLevels error → BTCUSDT: Cannot read properties of undefined (reading 'bids')
[2026-07-27T21:56:51.332Z] [ERROR] DepthLiquidity error → BTCUSDT: Cannot read properties of undefined (reading 'midprice')
[2026-07-27T21:56:51.332Z] [ERROR] DepthHeatmap error → BTCUSDT: Cannot read properties of undefined (reading 'midprice')
[2026-07-27T21:56:51.332Z] [ERROR] DepthImbalance error → BTCUSDT: Cannot read properties of undefined (reading 'levels')
[2026-07-27T21:56:51.333Z] [ERROR] DepthPressure error → BTCUSDT: Cannot read properties of undefined (reading 'midprice')
[2026-07-27T21:56:51.333Z] [ERROR] DepthAbsorption error → BTCUSDT: Cannot read properties of undefined (reading 'midprice')
[2026-07-27T21:56:51.430Z] [ERROR] DepthSpeed error → BTCUSDT: Cannot read properties of undefined (reading 'bids')
[2026-07-27T21:56:51.431Z] [ERROR] DepthLevels error → BTCUSDT: Cannot read properties of undefined (reading 'bids')
[2026-07-27T21:56:51.431Z] [ERROR] DepthLiquidity error → BTCUSDT: Cannot read properties of undefined (reading 'midprice')
[2026-07-27T21:56:51.431Z] [ERROR] DepthHeatmap error → BTCUSDT: Cannot read properties of undefined (reading 'midprice')
[2026-07-27T21:56:51.432Z] [ERROR] DepthImbalance error → BTCUSDT: Cannot read properties of undefined (reading 'levels')
[2026-07-27T21:56:51.432Z] [ERROR] DepthPressure error → BTCUSDT: Cannot read properties of undefined (reading 'midprice')
[2026-07-27T21:56:51.432Z] [ERROR] DepthAbsorption error → BTCUSDT: Cannot read properties of undefined (reading 'midprice')
[2026-07-27T21:56:51.532Z] [ERROR] DepthSpeed error → BTCUSDT: Cannot read properties of undefined (reading 'bids')
[2026-07-27T21:56:51.532Z] [ERROR] DepthLevels error → BTCUSDT: Cannot read properties of undefined (reading 'bids')
[2026-07-27T21:56:51.533Z] [ERROR] DepthLiquidity error → BTCUSDT: Cannot read properties of undefined (reading 'midprice')
[2026-07-27T21:56:51.533Z] [ERROR] DepthHeatmap error → BTCUSDT: Cannot read properties of undefined (reading 'midprice')
[2026-07-27T21:56:51.533Z] [ERROR] DepthImbalance error → BTCUSDT: Cannot read properties of undefined (reading 'levels')
[2026-07-27T21:56:51.533Z] [ERROR] DepthPressure error → BTCUSDT: Cannot read properties of undefined (reading 'midprice')
[2026-07-27T21:56:51.533Z] [ERROR] DepthAbsorption error → BTCUSDT: Cannot read properties of undefined (reading 'midprice')
[2026-07-27T21:56:51.631Z] [ERROR] DepthSpeed error → BTCUSDT: Cannot read properties of undefined (reading 'bids')
[2026-07-27T21:56:51.631Z] [ERROR] DepthLevels error → BTCUSDT: Cannot read properties of undefined (reading 'bids')
[2026-07-27T21:56:51.631Z] [ERROR] DepthLiquidity error → BTCUSDT: Cannot read properties of undefined (reading 'midprice')
[2026-07-27T21:56:51.631Z] [ERROR] DepthHeatmap error → BTCUSDT: Cannot read properties of undefined (reading 'midprice')
[2026-07-27T21:56:51.632Z] [ERROR] DepthImbalance error → BTCUSDT: Cannot read properties of undefined (reading 'levels')
[2026-07-27T21:56:51.632Z] [ERROR] DepthPressure error → BTCUSDT: Cannot read properties of undefined (reading 'midprice')
[2026-07-27T21:56:51.632Z] [ERROR] DepthAbsorption error → BTCUSDT: Cannot read properties of undefined (reading 'midprice')
[2026-07-27T21:56:51.730Z] [ERROR] DepthSpeed error → BTCUSDT: Cannot read properties of undefined (reading 'bids')
[2026-07-27T21:56:51.731Z] [ERROR] DepthLevels error → BTCUSDT: Cannot read properties of undefined (reading 'bids')
[2026-07-27T21:56:51.731Z] [ERROR] DepthLiquidity error → BTCUSDT: Cannot read properties of undefined (reading 'midprice')
[2026-07-27T21:56:51.732Z] [ERROR] DepthHeatmap error → BTCUSDT: Cannot read properties of undefined (reading 'midprice')
[2026-07-27T21:56:51.732Z] [ERROR] DepthImbalance error → BTCUSDT: Cannot read properties of undefined (reading 'levels')
[2026-07-27T21:56:51.732Z] [ERROR] DepthPressure error → BTCUSDT: Cannot read properties of undefined (reading 'midprice')
[2026-07-27T21:56:51.732Z] [ERROR] DepthAbsorption error → BTCUSDT: Cannot read properties of undefined (reading 'midprice')
[2026-07-27T21:56:51.831Z] [ERROR] DepthSpeed error → BTCUSDT: Cannot read properties of undefined (reading 'bids')
[2026-07-27T21:56:51.831Z] [ERROR] DepthLevels error → BTCUSDT: Cannot read properties of undefined (reading 'bids')
[2026-07-27T21:56:51.832Z] [ERROR] DepthLiquidity error → BTCUSDT: Cannot read properties of undefined (reading 'midprice')
[2026-07-27T21:56:51.832Z] [ERROR] DepthHeatmap error → BTCUSDT: Cannot read properties of undefined (reading 'midprice')
[2026-07-27T21:56:51.832Z] [ERROR] DepthImbalance error → BTCUSDT: Cannot read properties of undefined (reading 'levels')
[2026-07-27T21:56:51.832Z] [ERROR] DepthPressure error → BTCUSDT: Cannot read properties of undefined (reading 'midprice')
[2026-07-27T21:56:51.833Z] [ERROR] DepthAbsorption error → BTCUSDT: Cannot read properties of undefined (reading 'midprice')
[2026-07-27T21:56:51.931Z] [ERROR] DepthSpeed error → BTCUSDT: Cannot read properties of undefined (reading 'bids')
[2026-07-27T21:56:51.931Z] [ERROR] DepthLevels error → BTCUSDT: Cannot read properties of undefined (reading 'bids')
[2026-07-27T21:56:51.931Z] [ERROR] DepthLiquidity error → BTCUSDT: Cannot read properties of undefined (reading 'midprice')
[2026-07-27T21:56:51.931Z] [ERROR] DepthHeatmap error → BTCUSDT: Cannot read properties of undefined (reading 'midprice')
[2026-07-27T21:56:51.932Z] [ERROR] DepthImbalance error → BTCUSDT: Cannot read properties of undefined (reading 'levels')
[2026-07-27T21:56:51.932Z] [ERROR] DepthPressure error → BTCUSDT: Cannot read properties of undefined (reading 'midprice')
[2026-07-27T21:56:51.932Z] [ERROR] DepthAbsorption error → BTCUSDT: Cannot read properties of undefined (reading 'midprice')
[2026-07-27T21:56:52.031Z] [ERROR] DepthSpeed error → BTCUSDT: Cannot read properties of undefined (reading 'bids')
[2026-07-27T21:56:52.032Z] [ERROR] DepthLevels error → BTCUSDT: Cannot read properties of undefined (reading 'bids')
[2026-07-27T21:56:52.032Z] [ERROR] DepthLiquidity error → BTCUSDT: Cannot read properties of undefined (reading 'midprice')
[2026-07-27T21:56:52.032Z] [ERROR] DepthHeatmap error → BTCUSDT: Cannot read properties of undefined (reading 'midprice')
[2026-07-27T21:56:52.033Z] [ERROR] DepthImbalance error → BTCUSDT: Cannot read properties of undefined (reading 'levels')
[2026-07-27T21:56:52.033Z] [ERROR] DepthPressure error → BTCUSDT: Cannot read properties of undefined (reading 'midprice')
[2026-07-27T21:56:52.033Z] [ERROR] DepthAbsorption error → BTCUSDT: Cannot read properties of undefined (reading 'midprice')
[2026-07-27T21:56:52.131Z] [ERROR] DepthSpeed error → BTCUSDT: Cannot read properties of undefined (reading 'bids')
[2026-07-27T21:56:52.131Z] [ERROR] DepthLevels error → BTCUSDT: Cannot read properties of undefined (reading 'bids')
[2026-07-27T21:56:52.131Z] [ERROR] DepthLiquidity error → BTCUSDT: Cannot read properties of undefined (reading 'midprice')
[2026-07-27T21:56:52.131Z] [ERROR] DepthHeatmap error → BTCUSDT: Cannot read properties of undefined (reading 'midprice')
[2026-07-27T21:56:52.132Z] [ERROR] DepthImbalance error → BTCUSDT: Cannot read properties of undefined (reading 'levels')
[2026-07-27T21:56:52.132Z] [ERROR] DepthPressure error → BTCUSDT: Cannot read properties of undefined (reading 'midprice')
[2026-07-27T21:56:52.132Z] [ERROR] DepthAbsorption error → BTCUSDT: Cannot read properties of undefined (reading 'midprice')
[2026-07-27T21:56:52.230Z] [ERROR] DepthSpeed error → BTCUSDT: Cannot read properties of undefined (reading 'bids')
[2026-07-27T21:56:52.231Z] [ERROR] DepthLevels error → BTCUSDT: Cannot read properties of undefined (reading 'bids')
[2026-07-27T21:56:52.231Z] [ERROR] DepthLiquidity error → BTCUSDT: Cannot read properties of undefined (reading 'midprice')
[2026-07-27T21:56:52.231Z] [ERROR] DepthHeatmap error → BTCUSDT: Cannot read properties of undefined (reading 'midprice')
[2026-07-27T21:56:52.232Z] [ERROR] DepthImbalance error → BTCUSDT: Cannot read properties of undefined (reading 'levels')
[2026-07-27T21:56:52.232Z] [ERROR] DepthPressure error → BTCUSDT: Cannot read properties of undefined (reading 'midprice')
[2026-07-27T21:56:52.232Z] [ERROR] DepthAbsorption error → BTCUSDT: Cannot read properties of undefined (reading 'midprice')
[2026-07-27T21:56:52.331Z] [ERROR] DepthSpeed error → BTCUSDT: Cannot read properties of undefined (reading 'bids')
[2026-07-27T21:56:52.331Z] [ERROR] DepthLevels error → BTCUSDT: Cannot read properties of undefined (reading 'bids')
[2026-07-27T21:56:52.331Z] [ERROR] DepthLiquidity error → BTCUSDT: Cannot read properties of undefined (reading 'midprice')
[2026-07-27T21:56:52.332Z] [ERROR] DepthHeatmap error → BTCUSDT: Cannot read properties of undefined (reading 'midprice')
[2026-07-27T21:56:52.332Z] [ERROR] DepthImbalance error → BTCUSDT: Cannot read properties of undefined (reading 'levels')
[2026-07-27T21:56:52.332Z] [ERROR] DepthPressure error → BTCUSDT: Cannot read properties of undefined (reading 'midprice')
[2026-07-27T21:56:52.332Z] [ERROR] DepthAbsorption error → BTCUSDT: Cannot read properties of undefined (reading 'midprice')
[2026-07-27T21:56:52.430Z] [ERROR] DepthSpeed error → BTCUSDT: Cannot read properties of undefined (reading 'bids')
[2026-07-27T21:56:52.431Z] [ERROR] DepthLevels error → BTCUSDT: Cannot read properties of undefined (reading 'bids')
[2026-07-27T21:56:52.431Z] [ERROR] DepthLiquidity error → BTCUSDT: Cannot read properties of undefined (reading 'midprice')
[2026-07-27T21:56:52.431Z] [ERROR] DepthHeatmap error → BTCUSDT: Cannot read properties of undefined (reading 'midprice')
[2026-07-27T21:56:52.431Z] [ERROR] DepthImbalance error → BTCUSDT: Cannot read properties of undefined (reading 'levels')
[2026-07-27T21:56:52.432Z] [ERROR] DepthPressure error → BTCUSDT: Cannot read properties of undefined (reading 'midprice')
[2026-07-27T21:56:52.432Z] [ERROR] DepthAbsorption error → BTCUSDT: Cannot read properties of undefined (reading 'midprice')
[2026-07-27T21:56:52.531Z] [ERROR] DepthSpeed error → BTCUSDT: Cannot read properties of undefined (reading 'bids')
[2026-07-27T21:56:52.531Z] [ERROR] DepthLevels error → BTCUSDT: Cannot read properties of undefined (reading 'bids')
[2026-07-27T21:56:52.532Z] [ERROR] DepthLiquidity error → BTCUSDT: Cannot read properties of undefined (reading 'midprice')
[2026-07-27T21:56:52.532Z] [ERROR] DepthHeatmap error → BTCUSDT: Cannot read properties of undefined (reading 'midprice')
[2026-07-27T21:56:52.532Z] [ERROR] DepthImbalance error → BTCUSDT: Cannot read properties of undefined (reading 'levels')
[2026-07-27T21:56:52.532Z] [ERROR] DepthPressure error → BTCUSDT: Cannot read properties of undefined (reading 'midprice')
[2026-07-27T21:56:52.532Z] [ERROR] DepthAbsorption error → BTCUSDT: Cannot read properties of undefined (reading 'midprice')
[2026-07-27T21:56:52.635Z] [ERROR] DepthSpeed error → BTCUSDT: Cannot read properties of undefined (reading 'bids')
[2026-07-27T21:56:52.635Z] [ERROR] DepthLevels error → BTCUSDT: Cannot read properties of undefined (reading 'bids')
[2026-07-27T21:56:52.635Z] [ERROR] DepthLiquidity error → BTCUSDT: Cannot read properties of undefined (reading 'midprice')
[2026-07-27T21:56:52.635Z] [ERROR] DepthHeatmap error → BTCUSDT: Cannot read properties of undefined (reading 'midprice')
[2026-07-27T21:56:52.636Z] [ERROR] DepthImbalance error → BTCUSDT: Cannot read properties of undefined (reading 'levels')
[2026-07-27T21:56:52.636Z] [ERROR] DepthPressure error → BTCUSDT: Cannot read properties of undefined (reading 'midprice')
[2026-07-27T21:56:52.636Z] [ERROR] DepthAbsorption error → BTCUSDT: Cannot read properties of undefined (reading 'midprice')
[2026-07-27T21:56:52.732Z] [ERROR] DepthSpeed error → BTCUSDT: Cannot read properties of undefined (reading 'bids')
[2026-07-27T21:56:52.732Z] [ERROR] DepthLevels error → BTCUSDT: Cannot read properties of undefined (reading 'bids')
[2026-07-27T21:56:52.733Z] [ERROR] DepthLiquidity error → BTCUSDT: Cannot read properties of undefined (reading 'midprice')
[2026-07-27T21:56:52.733Z] [ERROR] DepthHeatmap error → BTCUSDT: Cannot read properties of undefined (reading 'midprice')
[2026-07-27T21:56:52.733Z] [ERROR] DepthImbalance error → BTCUSDT: Cannot read properties of undefined (reading 'levels')
[2026-07-27T21:56:52.733Z] [ERROR] DepthPressure error → BTCUSDT: Cannot read properties of undefined (reading 'midprice')
[2026-07-27T21:56:52.734Z] [ERROR] DepthAbsorption error → BTCUSDT: Cannot read properties of undefined (reading 'midprice')
[2026-07-27T21:56:52.831Z] [ERROR] DepthSpeed error → BTCUSDT: Cannot read properties of undefined (reading 'bids')
[2026-07-27T21:56:52.831Z] [ERROR] DepthLevels error → BTCUSDT: Cannot read properties of undefined (reading 'bids')
[2026-07-27T21:56:52.832Z] [ERROR] DepthLiquidity error → BTCUSDT: Cannot read properties of undefined (reading 'midprice')
[2026-07-27T21:56:52.832Z] [ERROR] DepthHeatmap error → BTCUSDT: Cannot read properties of undefined (reading 'midprice')
[2026-07-27T21:56:52.832Z] [ERROR] DepthImbalance error → BTCUSDT: Cannot read properties of undefined (reading 'levels')
[2026-07-27T21:56:52.832Z] [ERROR] DepthPressure error → BTCUSDT: Cannot read properties of undefined (reading 'midprice')
[2026-07-27T21:56:52.832Z] [ERROR] DepthAbsorption error → BTCUSDT: Cannot read properties of undefined (reading 'midprice')
[2026-07-27T21:56:52.930Z] [ERROR] DepthSpeed error → BTCUSDT: Cannot read properties of undefined (reading 'bids')
[2026-07-27T21:56:52.931Z] [ERROR] DepthLevels error → BTCUSDT: Cannot read properties of undefined (reading 'bids')
[2026-07-27T21:56:52.931Z] [ERROR] DepthLiquidity error → BTCUSDT: Cannot read properties of undefined (reading 'midprice')
[2026-07-27T21:56:52.931Z] [ERROR] DepthHeatmap error → BTCUSDT: Cannot read properties of undefined (reading 'midprice')
[2026-07-27T21:56:52.931Z] [ERROR] DepthImbalance error → BTCUSDT: Cannot read properties of undefined (reading 'levels')
[2026-07-27T21:56:52.931Z] [ERROR] DepthPressure error → BTCUSDT: Cannot read properties of undefined (reading 'midprice')
[2026-07-27T21:56:52.931Z] [ERROR] DepthAbsorption error → BTCUSDT: Cannot read properties of undefined (reading 'midprice')
[2026-07-27T21:56:53.031Z] [ERROR] DepthSpeed error → BTCUSDT: Cannot read properties of undefined (reading 'bids')
[2026-07-27T21:56:53.031Z] [ERROR] DepthLevels error → BTCUSDT: Cannot read properties of undefined (reading 'bids')
[2026-07-27T21:56:53.031Z] [ERROR] DepthLiquidity error → BTCUSDT: Cannot read properties of undefined (reading 'midprice')
[2026-07-27T21:56:53.031Z] [ERROR] DepthHeatmap error → BTCUSDT: Cannot read properties of undefined (reading 'midprice')
[2026-07-27T21:56:53.032Z] [ERROR] DepthImbalance error → BTCUSDT: Cannot read properties of undefined (reading 'levels')
[2026-07-27T21:56:53.032Z] [ERROR] DepthPressure error → BTCUSDT: Cannot read properties of undefined (reading 'midprice')
[2026-07-27T21:56:53.032Z] [ERROR] DepthAbsorption error → BTCUSDT: Cannot read properties of undefined (reading 'midprice')
[2026-07-27T21:56:53.132Z] [ERROR] DepthSpeed error → BTCUSDT: Cannot read properties of undefined (reading 'bids')
[2026-07-27T21:56:53.133Z] [ERROR] DepthLevels error → BTCUSDT: Cannot read properties of undefined (reading 'bids')
[2026-07-27T21:56:53.134Z] [ERROR] DepthLiquidity error → BTCUSDT: Cannot read properties of undefined (reading 'midprice')
[2026-07-27T21:56:53.134Z] [ERROR] DepthHeatmap error → BTCUSDT: Cannot read properties of undefined (reading 'midprice')
[2026-07-27T21:56:53.134Z] [ERROR] DepthImbalance error → BTCUSDT: Cannot read properties of undefined (reading 'levels')
[2026-07-27T21:56:53.134Z] [ERROR] DepthPressure error → BTCUSDT: Cannot read properties of undefined (reading 'midprice')
[2026-07-27T21:56:53.134Z] [ERROR] DepthAbsorption error → BTCUSDT: Cannot read properties of undefined (reading 'midprice')
[2026-07-27T21:56:53.231Z] [ERROR] DepthSpeed error → BTCUSDT: Cannot read properties of undefined (reading 'bids')
[2026-07-27T21:56:53.231Z] [ERROR] DepthLevels error → BTCUSDT: Cannot read properties of undefined (reading 'bids')
[2026-07-27T21:56:53.232Z] [ERROR] DepthLiquidity error → BTCUSDT: Cannot read properties of undefined (reading 'midprice')
[2026-07-27T21:56:53.232Z] [ERROR] DepthHeatmap error → BTCUSDT: Cannot read properties of undefined (reading 'midprice')
[2026-07-27T21:56:53.232Z] [ERROR] DepthImbalance error → BTCUSDT: Cannot read properties of undefined (reading 'levels')
[2026-07-27T21:56:53.232Z] [ERROR] DepthPressure error → BTCUSDT: Cannot read properties of undefined (reading 'midprice')
[2026-07-27T21:56:53.232Z] [ERROR] DepthAbsorption error → BTCUSDT: Cannot read properties of undefined (reading 'midprice')
[2026-07-27T21:56:53.331Z] [ERROR] DepthSpeed error → BTCUSDT: Cannot read properties of undefined (reading 'bids')
[2026-07-27T21:56:53.331Z] [ERROR] DepthLevels error → BTCUSDT: Cannot read properties of undefined (reading 'bids')
[2026-07-27T21:56:53.331Z] [ERROR] DepthLiquidity error → BTCUSDT: Cannot read properties of undefined (reading 'midprice')
[2026-07-27T21:56:53.331Z] [ERROR] DepthHeatmap error → BTCUSDT: Cannot read properties of undefined (reading 'midprice')
[2026-07-27T21:56:53.332Z] [ERROR] DepthImbalance error → BTCUSDT: Cannot read properties of undefined (reading 'levels')
[2026-07-27T21:56:53.332Z] [ERROR] DepthPressure error → BTCUSDT: Cannot read properties of undefined (reading 'midprice')
[2026-07-27T21:56:53.332Z] [ERROR] DepthAbsorption error → BTCUSDT: Cannot read properties of undefined (reading 'midprice')
[2026-07-27T21:56:53.431Z] [ERROR] DepthSpeed error → BTCUSDT: Cannot read properties of undefined (reading 'bids')
[2026-07-27T21:56:53.432Z] [ERROR] DepthLevels error → BTCUSDT: Cannot read properties of undefined (reading 'bids')
[2026-07-27T21:56:53.432Z] [ERROR] DepthLiquidity error → BTCUSDT: Cannot read properties of undefined (reading 'midprice')
[2026-07-27T21:56:53.432Z] [ERROR] DepthHeatmap error → BTCUSDT: Cannot read properties of undefined (reading 'midprice')
[2026-07-27T21:56:53.432Z] [ERROR] DepthImbalance error → BTCUSDT: Cannot read properties of undefined (reading 'levels')
[2026-07-27T21:56:53.432Z] [ERROR] DepthPressure error → BTCUSDT: Cannot read properties of undefined (reading 'midprice')
[2026-07-27T21:56:53.433Z] [ERROR] DepthAbsorption error → BTCUSDT: Cannot read properties of undefined (reading 'midprice')
[2026-07-27T21:56:53.531Z] [ERROR] DepthSpeed error → BTCUSDT: Cannot read properties of undefined (reading 'bids')
[2026-07-27T21:56:53.531Z] [ERROR] DepthLevels error → BTCUSDT: Cannot read properties of undefined (reading 'bids')
[2026-07-27T21:56:53.531Z] [ERROR] DepthLiquidity error → BTCUSDT: Cannot read properties of undefined (reading 'midprice')
[2026-07-27T21:56:53.531Z] [ERROR] DepthHeatmap error → BTCUSDT: Cannot read properties of undefined (reading 'midprice')
[2026-07-27T21:56:53.532Z] [ERROR] DepthImbalance error → BTCUSDT: Cannot read properties of undefined (reading 'levels')
[2026-07-27T21:56:53.532Z] [ERROR] DepthPressure error → BTCUSDT: Cannot read properties of undefined (reading 'midprice')
[2026-07-27T21:56:53.532Z] [ERROR] DepthAbsorption error → BTCUSDT: Cannot read properties of undefined (reading 'midprice')
[2026-07-27T21:56:53.632Z] [ERROR] DepthSpeed error → BTCUSDT: Cannot read properties of undefined (reading 'bids')
[2026-07-27T21:56:53.633Z] [ERROR] DepthLevels error → BTCUSDT: Cannot read properties of undefined (reading 'bids')
[2026-07-27T21:56:53.633Z] [ERROR] DepthLiquidity error → BTCUSDT: Cannot read properties of undefined (reading 'midprice')
[2026-07-27T21:56:53.633Z] [ERROR] DepthHeatmap error → BTCUSDT: Cannot read properties of undefined (reading 'midprice')
[2026-07-27T21:56:53.633Z] [ERROR] DepthImbalance error → BTCUSDT: Cannot read properties of undefined (reading 'levels')
[2026-07-27T21:56:53.634Z] [ERROR] DepthPressure error → BTCUSDT: Cannot read properties of undefined (reading 'midprice')
[2026-07-27T21:56:53.634Z] [ERROR] DepthAbsorption error → BTCUSDT: Cannot read properties of undefined (reading 'midprice')
[2026-07-27T21:56:53.731Z] [ERROR] DepthSpeed error → BTCUSDT: Cannot read properties of undefined (reading 'bids')
[2026-07-27T21:56:53.732Z] [ERROR] DepthLevels error → BTCUSDT: Cannot read properties of undefined (reading 'bids')
[2026-07-27T21:56:53.732Z] [ERROR] DepthLiquidity error → BTCUSDT: Cannot read properties of undefined (reading 'midprice')
[2026-07-27T21:56:53.732Z] [ERROR] DepthHeatmap error → BTCUSDT: Cannot read properties of undefined (reading 'midprice')
[2026-07-27T21:56:53.733Z] [ERROR] DepthImbalance error → BTCUSDT: Cannot read properties of undefined (reading 'levels')
[2026-07-27T21:56:53.733Z] [ERROR] DepthPressure error → BTCUSDT: Cannot read properties of undefined (reading 'midprice')
[2026-07-27T21:56:53.733Z] [ERROR] DepthAbsorption error → BTCUSDT: Cannot read properties of undefined (reading 'midprice')
[2026-07-27T21:56:53.836Z] [ERROR] DepthSpeed error → BTCUSDT: Cannot read properties of undefined (reading 'bids')
[2026-07-27T21:56:53.836Z] [ERROR] DepthLevels error → BTCUSDT: Cannot read properties of undefined (reading 'bids')
[2026-07-27T21:56:53.836Z] [ERROR] DepthLiquidity error → BTCUSDT: Cannot read properties of undefined (reading 'midprice')
[2026-07-27T21:56:53.837Z] [ERROR] DepthHeatmap error → BTCUSDT: Cannot read properties of undefined (reading 'midprice')
[2026-07-27T21:56:53.837Z] [ERROR] DepthImbalance error → BTCUSDT: Cannot read properties of undefined (reading 'levels')
[2026-07-27T21:56:53.837Z] [ERROR] DepthPressure error → BTCUSDT: Cannot read properties of undefined (reading 'midprice')
[2026-07-27T21:56:53.837Z] [ERROR] DepthAbsorption error → BTCUSDT: Cannot read properties of undefined (reading 'midprice')
[2026-07-27T21:56:53.933Z] [ERROR] DepthSpeed error → BTCUSDT: Cannot read properties of undefined (reading 'bids')
[2026-07-27T21:56:53.934Z] [ERROR] DepthLevels error → BTCUSDT: Cannot read properties of undefined (reading 'bids')
[2026-07-27T21:56:53.934Z] [ERROR] DepthLiquidity error → BTCUSDT: Cannot read properties of undefined (reading 'midprice')
[2026-07-27T21:56:53.934Z] [ERROR] DepthHeatmap error → BTCUSDT: Cannot read properties of undefined (reading 'midprice')
[2026-07-27T21:56:53.934Z] [ERROR] DepthImbalance error → BTCUSDT: Cannot read properties of undefined (reading 'levels')
[2026-07-27T21:56:53.934Z] [ERROR] DepthPressure error → BTCUSDT: Cannot read properties of undefined (reading 'midprice')
[2026-07-27T21:56:53.934Z] [ERROR] DepthAbsorption error → BTCUSDT: Cannot read properties of undefined (reading 'midprice')
[2026-07-27T21:56:54.034Z] [ERROR] DepthSpeed error → BTCUSDT: Cannot read properties of undefined (reading 'bids')
[2026-07-27T21:56:54.035Z] [ERROR] DepthLevels error → BTCUSDT: Cannot read properties of undefined (reading 'bids')
[2026-07-27T21:56:54.035Z] [ERROR] DepthLiquidity error → BTCUSDT: Cannot read properties of undefined (reading 'midprice')
[2026-07-27T21:56:54.035Z] [ERROR] DepthHeatmap error → BTCUSDT: Cannot read properties of undefined (reading 'midprice')
[2026-07-27T21:56:54.035Z] [ERROR] DepthImbalance error → BTCUSDT: Cannot read properties of undefined (reading 'levels')
[2026-07-27T21:56:54.036Z] [ERROR] DepthPressure error → BTCUSDT: Cannot read properties of undefined (reading 'midprice')
[2026-07-27T21:56:54.036Z] [ERROR] DepthAbsorption error → BTCUSDT: Cannot read properties of undefined (reading 'midprice')
[2026-07-27T21:56:54.132Z] [ERROR] DepthSpeed error → BTCUSDT: Cannot read properties of undefined (reading 'bids')
[2026-07-27T21:56:54.133Z] [ERROR] DepthLevels error → BTCUSDT: Cannot read properties of undefined (reading 'bids')
[2026-07-27T21:56:54.133Z] [ERROR] DepthLiquidity error → BTCUSDT: Cannot read properties of undefined (reading 'midprice')
[2026-07-27T21:56:54.133Z] [ERROR] DepthHeatmap error → BTCUSDT: Cannot read properties of undefined (reading 'midprice')
[2026-07-27T21:56:54.134Z] [ERROR] DepthImbalance error → BTCUSDT: Cannot read properties of undefined (reading 'levels')
[2026-07-27T21:56:54.134Z] [ERROR] DepthPressure error → BTCUSDT: Cannot read properties of undefined (reading 'midprice')
[2026-07-27T21:56:54.134Z] [ERROR] DepthAbsorption error → BTCUSDT: Cannot read properties of undefined (reading 'midprice')
[2026-07-27T21:56:54.231Z] [ERROR] DepthSpeed error → BTCUSDT: Cannot read properties of undefined (reading 'bids')
[2026-07-27T21:56:54.231Z] [ERROR] DepthLevels error → BTCUSDT: Cannot read properties of undefined (reading 'bids')
[2026-07-27T21:56:54.232Z] [ERROR] DepthLiquidity error → BTCUSDT: Cannot read properties of undefined (reading 'midprice')
[2026-07-27T21:56:54.232Z] [ERROR] DepthHeatmap error → BTCUSDT: Cannot read properties of undefined (reading 'midprice')
[2026-07-27T21:56:54.233Z] [ERROR] DepthImbalance error → BTCUSDT: Cannot read properties of undefined (reading 'levels')
[2026-07-27T21:56:54.233Z] [ERROR] DepthPressure error → BTCUSDT: Cannot read properties of undefined (reading 'midprice')
[2026-07-27T21:56:54.233Z] [ERROR] DepthAbsorption error → BTCUSDT: Cannot read properties of undefined (reading 'midprice')
[2026-07-27T21:56:54.331Z] [ERROR] DepthSpeed error → BTCUSDT: Cannot read properties of undefined (reading 'bids')
[2026-07-27T21:56:54.332Z] [ERROR] DepthLevels error → BTCUSDT: Cannot read properties of undefined (reading 'bids')
[2026-07-27T21:56:54.332Z] [ERROR] DepthLiquidity error → BTCUSDT: Cannot read properties of undefined (reading 'midprice')
[2026-07-27T21:56:54.332Z] [ERROR] DepthHeatmap error → BTCUSDT: Cannot read properties of undefined (reading 'midprice')
[2026-07-27T21:56:54.333Z] [ERROR] DepthImbalance error → BTCUSDT: Cannot read properties of undefined (reading 'levels')
[2026-07-27T21:56:54.333Z] [ERROR] DepthPressure error → BTCUSDT: Cannot read properties of undefined (reading 'midprice')
[2026-07-27T21:56:54.333Z] [ERROR] DepthAbsorption error → BTCUSDT: Cannot read properties of undefined (reading 'midprice')
[2026-07-27T21:58:51.029Z] [INFO] Orchestrator starting...
[2026-07-27T21:58:51.038Z] [INFO] SymbolEngine initialized.
[2026-07-27T21:58:51.038Z] [INFO] ModuleManager initialized.
[2026-07-27T21:58:51.039Z] [SUCCESS] Orchestrator fully initialized.
[2026-07-27T21:58:51.039Z] [INFO] Enabling module: binance-spot.BTCUSDT.collector.orderbook-depth
[2026-07-27T21:58:51.194Z] [SUCCESS] Collector started → binance-spot.BTCUSDT.orderbook-depth
[2026-07-27T21:58:51.194Z] [SUCCESS] Collector enabled → binance-spot.BTCUSDT.collector.orderbook-depth
[2026-07-27T21:58:51.194Z] [INFO] Collector enabled → binance-spot.BTCUSDT.collector.orderbook-depth
[2026-07-27T21:58:51.194Z] [INFO] Enabling module: binance-spot.BTCUSDT.orderbook.depth-normalizer
[2026-07-27T21:58:51.195Z] [SUCCESS] Processor loaded (no routing) → binance-spot.BTCUSDT.orderbook.depth-normalizer
[2026-07-27T21:58:51.196Z] [INFO] Processor enabled → binance-spot.BTCUSDT.orderbook.depth-normalizer
[2026-07-27T21:58:51.196Z] [INFO] Enabling module: binance-spot.BTCUSDT.orderbook.depth-speed
[2026-07-27T21:58:51.197Z] [SUCCESS] Processor loaded (no routing) → binance-spot.BTCUSDT.orderbook.depth-speed
[2026-07-27T21:58:51.198Z] [INFO] Processor enabled → binance-spot.BTCUSDT.orderbook.depth-speed
[2026-07-27T21:58:51.198Z] [INFO] Enabling module: binance-spot.BTCUSDT.orderbook.depth-levels
[2026-07-27T21:58:51.199Z] [SUCCESS] Processor loaded (no routing) → binance-spot.BTCUSDT.orderbook.depth-levels
[2026-07-27T21:58:51.199Z] [INFO] Processor enabled → binance-spot.BTCUSDT.orderbook.depth-levels
[2026-07-27T21:58:51.200Z] [INFO] Enabling module: binance-spot.BTCUSDT.orderbook.depth-liquidity
[2026-07-27T21:58:51.203Z] [SUCCESS] Processor loaded (no routing) → binance-spot.BTCUSDT.orderbook.depth-liquidity
[2026-07-27T21:58:51.203Z] [INFO] Processor enabled → binance-spot.BTCUSDT.orderbook.depth-liquidity
[2026-07-27T21:58:51.203Z] [INFO] Enabling module: binance-spot.BTCUSDT.orderbook.depth-heatmap
[2026-07-27T21:58:51.204Z] [SUCCESS] Processor loaded (no routing) → binance-spot.BTCUSDT.orderbook.depth-heatmap
[2026-07-27T21:58:51.205Z] [INFO] Processor enabled → binance-spot.BTCUSDT.orderbook.depth-heatmap
[2026-07-27T21:58:51.205Z] [INFO] Enabling module: binance-spot.BTCUSDT.orderbook.depth-imbalance
[2026-07-27T21:58:51.206Z] [SUCCESS] Processor loaded (no routing) → binance-spot.BTCUSDT.orderbook.depth-imbalance
[2026-07-27T21:58:51.206Z] [INFO] Processor enabled → binance-spot.BTCUSDT.orderbook.depth-imbalance
[2026-07-27T21:58:51.206Z] [INFO] Enabling module: binance-spot.BTCUSDT.orderbook.depth-pressure
[2026-07-27T21:58:51.207Z] [SUCCESS] Processor loaded (no routing) → binance-spot.BTCUSDT.orderbook.depth-pressure
[2026-07-27T21:58:51.207Z] [INFO] Processor enabled → binance-spot.BTCUSDT.orderbook.depth-pressure
[2026-07-27T21:58:51.207Z] [INFO] Enabling module: binance-spot.BTCUSDT.orderbook.depth-absorption
[2026-07-27T21:58:51.208Z] [SUCCESS] Processor loaded (no routing) → binance-spot.BTCUSDT.orderbook.depth-absorption
[2026-07-27T21:58:51.208Z] [INFO] Processor enabled → binance-spot.BTCUSDT.orderbook.depth-absorption
[2026-07-27T21:58:52.034Z] [ERROR] DepthLiquidity error → BTCUSDT: levels is not iterable
[2026-07-27T21:58:52.035Z] [ERROR] DepthHeatmap error → BTCUSDT: Cannot read properties of undefined (reading 'map')
[2026-07-27T21:58:52.035Z] [ERROR] DepthImbalance error → BTCUSDT: levels is not iterable
[2026-07-27T21:58:52.035Z] [ERROR] DepthPressure error → BTCUSDT: levels is not iterable
[2026-07-27T21:58:52.035Z] [ERROR] DepthAbsorption error → BTCUSDT: levels is not iterable
[2026-07-27T21:58:52.131Z] [ERROR] DepthLiquidity error → BTCUSDT: levels is not iterable
[2026-07-27T21:58:52.131Z] [ERROR] DepthHeatmap error → BTCUSDT: Cannot read properties of undefined (reading 'map')
[2026-07-27T21:58:52.131Z] [ERROR] DepthImbalance error → BTCUSDT: levels is not iterable
[2026-07-27T21:58:52.132Z] [ERROR] DepthPressure error → BTCUSDT: levels is not iterable
[2026-07-27T21:58:52.132Z] [ERROR] DepthAbsorption error → BTCUSDT: levels is not iterable
[2026-07-27T21:58:52.230Z] [ERROR] DepthLiquidity error → BTCUSDT: levels is not iterable
[2026-07-27T21:58:52.231Z] [ERROR] DepthHeatmap error → BTCUSDT: Cannot read properties of undefined (reading 'map')
[2026-07-27T21:58:52.231Z] [ERROR] DepthImbalance error → BTCUSDT: levels is not iterable
[2026-07-27T21:58:52.231Z] [ERROR] DepthPressure error → BTCUSDT: levels is not iterable
[2026-07-27T21:58:52.231Z] [ERROR] DepthAbsorption error → BTCUSDT: levels is not iterable
[2026-07-27T21:58:52.330Z] [ERROR] DepthLiquidity error → BTCUSDT: levels is not iterable
[2026-07-27T21:58:52.331Z] [ERROR] DepthHeatmap error → BTCUSDT: Cannot read properties of undefined (reading 'map')
[2026-07-27T21:58:52.331Z] [ERROR] DepthImbalance error → BTCUSDT: levels is not iterable
[2026-07-27T21:58:52.331Z] [ERROR] DepthPressure error → BTCUSDT: levels is not iterable
[2026-07-27T21:58:52.331Z] [ERROR] DepthAbsorption error → BTCUSDT: levels is not iterable
[2026-07-27T21:58:52.430Z] [ERROR] DepthLiquidity error → BTCUSDT: levels is not iterable
[2026-07-27T21:58:52.431Z] [ERROR] DepthHeatmap error → BTCUSDT: Cannot read properties of undefined (reading 'map')
[2026-07-27T21:58:52.431Z] [ERROR] DepthImbalance error → BTCUSDT: levels is not iterable
[2026-07-27T21:58:52.431Z] [ERROR] DepthPressure error → BTCUSDT: levels is not iterable
[2026-07-27T21:58:52.431Z] [ERROR] DepthAbsorption error → BTCUSDT: levels is not iterable
[2026-07-27T21:58:52.531Z] [ERROR] DepthLiquidity error → BTCUSDT: levels is not iterable
[2026-07-27T21:58:52.531Z] [ERROR] DepthHeatmap error → BTCUSDT: Cannot read properties of undefined (reading 'map')
[2026-07-27T21:58:52.531Z] [ERROR] DepthImbalance error → BTCUSDT: levels is not iterable
[2026-07-27T21:58:52.531Z] [ERROR] DepthPressure error → BTCUSDT: levels is not iterable
[2026-07-27T21:58:52.532Z] [ERROR] DepthAbsorption error → BTCUSDT: levels is not iterable
[2026-07-27T21:58:52.630Z] [ERROR] DepthLiquidity error → BTCUSDT: levels is not iterable
[2026-07-27T21:58:52.631Z] [ERROR] DepthHeatmap error → BTCUSDT: Cannot read properties of undefined (reading 'map')
[2026-07-27T21:58:52.631Z] [ERROR] DepthImbalance error → BTCUSDT: levels is not iterable
[2026-07-27T21:58:52.631Z] [ERROR] DepthPressure error → BTCUSDT: levels is not iterable
[2026-07-27T21:58:52.631Z] [ERROR] DepthAbsorption error → BTCUSDT: levels is not iterable
[2026-07-27T21:58:52.730Z] [ERROR] DepthLiquidity error → BTCUSDT: levels is not iterable
[2026-07-27T21:58:52.730Z] [ERROR] DepthHeatmap error → BTCUSDT: Cannot read properties of undefined (reading 'map')
[2026-07-27T21:58:52.730Z] [ERROR] DepthImbalance error → BTCUSDT: levels is not iterable
[2026-07-27T21:58:52.731Z] [ERROR] DepthPressure error → BTCUSDT: levels is not iterable
[2026-07-27T21:58:52.731Z] [ERROR] DepthAbsorption error → BTCUSDT: levels is not iterable
[2026-07-27T21:58:52.830Z] [ERROR] DepthLiquidity error → BTCUSDT: levels is not iterable
[2026-07-27T21:58:52.831Z] [ERROR] DepthHeatmap error → BTCUSDT: Cannot read properties of undefined (reading 'map')
[2026-07-27T21:58:52.831Z] [ERROR] DepthImbalance error → BTCUSDT: levels is not iterable
[2026-07-27T21:58:52.831Z] [ERROR] DepthPressure error → BTCUSDT: levels is not iterable
[2026-07-27T21:58:52.831Z] [ERROR] DepthAbsorption error → BTCUSDT: levels is not iterable
[2026-07-27T21:58:52.930Z] [ERROR] DepthLiquidity error → BTCUSDT: levels is not iterable
[2026-07-27T21:58:52.931Z] [ERROR] DepthHeatmap error → BTCUSDT: Cannot read properties of undefined (reading 'map')
[2026-07-27T21:58:52.931Z] [ERROR] DepthImbalance error → BTCUSDT: levels is not iterable
[2026-07-27T21:58:52.931Z] [ERROR] DepthPressure error → BTCUSDT: levels is not iterable
[2026-07-27T21:58:52.931Z] [ERROR] DepthAbsorption error → BTCUSDT: levels is not iterable
[2026-07-27T21:58:53.032Z] [ERROR] DepthLiquidity error → BTCUSDT: levels is not iterable
[2026-07-27T21:58:53.032Z] [ERROR] DepthHeatmap error → BTCUSDT: Cannot read properties of undefined (reading 'map')
[2026-07-27T21:58:53.032Z] [ERROR] DepthImbalance error → BTCUSDT: levels is not iterable
[2026-07-27T21:58:53.032Z] [ERROR] DepthPressure error → BTCUSDT: levels is not iterable
[2026-07-27T21:58:53.032Z] [ERROR] DepthAbsorption error → BTCUSDT: levels is not iterable
[2026-07-27T21:58:53.131Z] [ERROR] DepthLiquidity error → BTCUSDT: levels is not iterable
[2026-07-27T21:58:53.131Z] [ERROR] DepthHeatmap error → BTCUSDT: Cannot read properties of undefined (reading 'map')
[2026-07-27T21:58:53.131Z] [ERROR] DepthImbalance error → BTCUSDT: levels is not iterable
[2026-07-27T21:58:53.131Z] [ERROR] DepthPressure error → BTCUSDT: levels is not iterable
[2026-07-27T21:58:53.131Z] [ERROR] DepthAbsorption error → BTCUSDT: levels is not iterable
[2026-07-27T21:58:53.230Z] [ERROR] DepthLiquidity error → BTCUSDT: levels is not iterable
[2026-07-27T21:58:53.230Z] [ERROR] DepthHeatmap error → BTCUSDT: Cannot read properties of undefined (reading 'map')
[2026-07-27T21:58:53.231Z] [ERROR] DepthImbalance error → BTCUSDT: levels is not iterable
[2026-07-27T21:58:53.231Z] [ERROR] DepthPressure error → BTCUSDT: levels is not iterable
[2026-07-27T21:58:53.231Z] [ERROR] DepthAbsorption error → BTCUSDT: levels is not iterable
[2026-07-27T21:58:53.331Z] [ERROR] DepthLiquidity error → BTCUSDT: levels is not iterable
[2026-07-27T21:58:53.332Z] [ERROR] DepthHeatmap error → BTCUSDT: Cannot read properties of undefined (reading 'map')
[2026-07-27T21:58:53.332Z] [ERROR] DepthImbalance error → BTCUSDT: levels is not iterable
[2026-07-27T21:58:53.332Z] [ERROR] DepthPressure error → BTCUSDT: levels is not iterable
[2026-07-27T21:58:53.333Z] [ERROR] DepthAbsorption error → BTCUSDT: levels is not iterable
[2026-07-27T21:58:53.431Z] [ERROR] DepthLiquidity error → BTCUSDT: levels is not iterable
[2026-07-27T21:58:53.432Z] [ERROR] DepthHeatmap error → BTCUSDT: Cannot read properties of undefined (reading 'map')
[2026-07-27T21:58:53.432Z] [ERROR] DepthImbalance error → BTCUSDT: levels is not iterable
[2026-07-27T21:58:53.432Z] [ERROR] DepthPressure error → BTCUSDT: levels is not iterable
[2026-07-27T21:58:53.432Z] [ERROR] DepthAbsorption error → BTCUSDT: levels is not iterable
[2026-07-27T21:58:53.531Z] [ERROR] DepthLiquidity error → BTCUSDT: levels is not iterable
[2026-07-27T21:58:53.531Z] [ERROR] DepthHeatmap error → BTCUSDT: Cannot read properties of undefined (reading 'map')
[2026-07-27T21:58:53.531Z] [ERROR] DepthImbalance error → BTCUSDT: levels is not iterable
[2026-07-27T21:58:53.531Z] [ERROR] DepthPressure error → BTCUSDT: levels is not iterable
[2026-07-27T21:58:53.531Z] [ERROR] DepthAbsorption error → BTCUSDT: levels is not iterable
[2026-07-27T21:58:53.631Z] [ERROR] DepthLiquidity error → BTCUSDT: levels is not iterable
[2026-07-27T21:58:53.632Z] [ERROR] DepthHeatmap error → BTCUSDT: Cannot read properties of undefined (reading 'map')
[2026-07-27T21:58:53.633Z] [ERROR] DepthImbalance error → BTCUSDT: levels is not iterable
[2026-07-27T21:58:53.633Z] [ERROR] DepthPressure error → BTCUSDT: levels is not iterable
[2026-07-27T21:58:53.633Z] [ERROR] DepthAbsorption error → BTCUSDT: levels is not iterable
[2026-07-27T21:58:53.731Z] [ERROR] DepthLiquidity error → BTCUSDT: levels is not iterable
[2026-07-27T21:58:53.731Z] [ERROR] DepthHeatmap error → BTCUSDT: Cannot read properties of undefined (reading 'map')
[2026-07-27T21:58:53.731Z] [ERROR] DepthImbalance error → BTCUSDT: levels is not iterable
[2026-07-27T21:58:53.731Z] [ERROR] DepthPressure error → BTCUSDT: levels is not iterable
[2026-07-27T21:58:53.731Z] [ERROR] DepthAbsorption error → BTCUSDT: levels is not iterable
[2026-07-27T21:58:53.830Z] [ERROR] DepthLiquidity error → BTCUSDT: levels is not iterable
[2026-07-27T21:58:53.831Z] [ERROR] DepthHeatmap error → BTCUSDT: Cannot read properties of undefined (reading 'map')
[2026-07-27T21:58:53.831Z] [ERROR] DepthImbalance error → BTCUSDT: levels is not iterable
[2026-07-27T21:58:53.831Z] [ERROR] DepthPressure error → BTCUSDT: levels is not iterable
[2026-07-27T21:58:53.831Z] [ERROR] DepthAbsorption error → BTCUSDT: levels is not iterable
[2026-07-27T21:58:53.930Z] [ERROR] DepthLiquidity error → BTCUSDT: levels is not iterable
[2026-07-27T21:58:53.930Z] [ERROR] DepthHeatmap error → BTCUSDT: Cannot read properties of undefined (reading 'map')
[2026-07-27T21:58:53.930Z] [ERROR] DepthImbalance error → BTCUSDT: levels is not iterable
[2026-07-27T21:58:53.931Z] [ERROR] DepthPressure error → BTCUSDT: levels is not iterable
[2026-07-27T21:58:53.931Z] [ERROR] DepthAbsorption error → BTCUSDT: levels is not iterable
[2026-07-27T21:58:54.036Z] [ERROR] DepthLiquidity error → BTCUSDT: levels is not iterable
[2026-07-27T21:58:54.036Z] [ERROR] DepthHeatmap error → BTCUSDT: Cannot read properties of undefined (reading 'map')
[2026-07-27T21:58:54.037Z] [ERROR] DepthImbalance error → BTCUSDT: levels is not iterable
[2026-07-27T21:58:54.037Z] [ERROR] DepthPressure error → BTCUSDT: levels is not iterable
[2026-07-27T21:58:54.037Z] [ERROR] DepthAbsorption error → BTCUSDT: levels is not iterable
[2026-07-27T21:58:54.132Z] [ERROR] DepthLiquidity error → BTCUSDT: levels is not iterable
[2026-07-27T21:58:54.132Z] [ERROR] DepthHeatmap error → BTCUSDT: Cannot read properties of undefined (reading 'map')
[2026-07-27T21:58:54.132Z] [ERROR] DepthImbalance error → BTCUSDT: levels is not iterable
[2026-07-27T21:58:54.132Z] [ERROR] DepthPressure error → BTCUSDT: levels is not iterable
[2026-07-27T21:58:54.133Z] [ERROR] DepthAbsorption error → BTCUSDT: levels is not iterable
[2026-07-27T21:58:54.230Z] [ERROR] DepthLiquidity error → BTCUSDT: levels is not iterable
[2026-07-27T21:58:54.230Z] [ERROR] DepthHeatmap error → BTCUSDT: Cannot read properties of undefined (reading 'map')
[2026-07-27T21:58:54.230Z] [ERROR] DepthImbalance error → BTCUSDT: levels is not iterable
[2026-07-27T21:58:54.230Z] [ERROR] DepthPressure error → BTCUSDT: levels is not iterable
[2026-07-27T21:58:54.231Z] [ERROR] DepthAbsorption error → BTCUSDT: levels is not iterable
[2026-07-27T21:58:54.331Z] [ERROR] DepthLiquidity error → BTCUSDT: levels is not iterable
[2026-07-27T21:58:54.331Z] [ERROR] DepthHeatmap error → BTCUSDT: Cannot read properties of undefined (reading 'map')
[2026-07-27T21:58:54.331Z] [ERROR] DepthImbalance error → BTCUSDT: levels is not iterable
[2026-07-27T21:58:54.331Z] [ERROR] DepthPressure error → BTCUSDT: levels is not iterable
[2026-07-27T21:58:54.332Z] [ERROR] DepthAbsorption error → BTCUSDT: levels is not iterable
[2026-07-27T21:58:54.430Z] [ERROR] DepthLiquidity error → BTCUSDT: levels is not iterable
[2026-07-27T21:58:54.430Z] [ERROR] DepthHeatmap error → BTCUSDT: Cannot read properties of undefined (reading 'map')
[2026-07-27T21:58:54.431Z] [ERROR] DepthImbalance error → BTCUSDT: levels is not iterable
[2026-07-27T21:58:54.431Z] [ERROR] DepthPressure error → BTCUSDT: levels is not iterable
[2026-07-27T21:58:54.431Z] [ERROR] DepthAbsorption error → BTCUSDT: levels is not iterable
[2026-07-27T21:58:54.533Z] [ERROR] DepthLiquidity error → BTCUSDT: levels is not iterable
[2026-07-27T21:58:54.533Z] [ERROR] DepthHeatmap error → BTCUSDT: Cannot read properties of undefined (reading 'map')
[2026-07-27T21:58:54.533Z] [ERROR] DepthImbalance error → BTCUSDT: levels is not iterable
[2026-07-27T21:58:54.534Z] [ERROR] DepthPressure error → BTCUSDT: levels is not iterable
[2026-07-27T21:58:54.534Z] [ERROR] DepthAbsorption error → BTCUSDT: levels is not iterable
[2026-07-27T21:58:54.633Z] [ERROR] DepthLiquidity error → BTCUSDT: levels is not iterable
[2026-07-27T21:58:54.634Z] [ERROR] DepthHeatmap error → BTCUSDT: Cannot read properties of undefined (reading 'map')
[2026-07-27T21:58:54.634Z] [ERROR] DepthImbalance error → BTCUSDT: levels is not iterable
[2026-07-27T21:58:54.634Z] [ERROR] DepthPressure error → BTCUSDT: levels is not iterable
[2026-07-27T21:58:54.634Z] [ERROR] DepthAbsorption error → BTCUSDT: levels is not iterable
[2026-07-27T21:58:54.730Z] [ERROR] DepthLiquidity error → BTCUSDT: levels is not iterable
[2026-07-27T21:58:54.730Z] [ERROR] DepthHeatmap error → BTCUSDT: Cannot read properties of undefined (reading 'map')
[2026-07-27T21:58:54.730Z] [ERROR] DepthImbalance error → BTCUSDT: levels is not iterable
[2026-07-27T21:58:54.730Z] [ERROR] DepthPressure error → BTCUSDT: levels is not iterable
[2026-07-27T21:58:54.730Z] [ERROR] DepthAbsorption error → BTCUSDT: levels is not iterable
[2026-07-27T21:58:54.830Z] [ERROR] DepthLiquidity error → BTCUSDT: levels is not iterable
[2026-07-27T21:58:54.830Z] [ERROR] DepthHeatmap error → BTCUSDT: Cannot read properties of undefined (reading 'map')
[2026-07-27T21:58:54.832Z] [ERROR] DepthImbalance error → BTCUSDT: levels is not iterable
[2026-07-27T21:58:54.833Z] [ERROR] DepthPressure error → BTCUSDT: levels is not iterable
[2026-07-27T21:58:54.833Z] [ERROR] DepthAbsorption error → BTCUSDT: levels is not iterable
[2026-07-27T21:58:54.931Z] [ERROR] DepthLiquidity error → BTCUSDT: levels is not iterable
[2026-07-27T21:58:54.932Z] [ERROR] DepthHeatmap error → BTCUSDT: Cannot read properties of undefined (reading 'map')
[2026-07-27T21:58:54.932Z] [ERROR] DepthImbalance error → BTCUSDT: levels is not iterable
[2026-07-27T21:58:54.932Z] [ERROR] DepthPressure error → BTCUSDT: levels is not iterable
[2026-07-27T21:58:54.932Z] [ERROR] DepthAbsorption error → BTCUSDT: levels is not iterable
[2026-07-27T21:58:55.030Z] [ERROR] DepthLiquidity error → BTCUSDT: levels is not iterable
[2026-07-27T21:58:55.030Z] [ERROR] DepthHeatmap error → BTCUSDT: Cannot read properties of undefined (reading 'map')
[2026-07-27T21:58:55.031Z] [ERROR] DepthImbalance error → BTCUSDT: levels is not iterable
[2026-07-27T21:58:55.031Z] [ERROR] DepthPressure error → BTCUSDT: levels is not iterable
[2026-07-27T21:58:55.031Z] [ERROR] DepthAbsorption error → BTCUSDT: levels is not iterable
[2026-07-27T21:58:55.130Z] [ERROR] DepthLiquidity error → BTCUSDT: levels is not iterable
[2026-07-27T21:58:55.131Z] [ERROR] DepthHeatmap error → BTCUSDT: Cannot read properties of undefined (reading 'map')
[2026-07-27T21:58:55.131Z] [ERROR] DepthImbalance error → BTCUSDT: levels is not iterable
[2026-07-27T21:58:55.131Z] [ERROR] DepthPressure error → BTCUSDT: levels is not iterable
[2026-07-27T21:58:55.131Z] [ERROR] DepthAbsorption error → BTCUSDT: levels is not iterable
[2026-07-27T21:58:55.230Z] [ERROR] DepthLiquidity error → BTCUSDT: levels is not iterable
[2026-07-27T21:58:55.230Z] [ERROR] DepthHeatmap error → BTCUSDT: Cannot read properties of undefined (reading 'map')
[2026-07-27T21:58:55.231Z] [ERROR] DepthImbalance error → BTCUSDT: levels is not iterable
[2026-07-27T21:58:55.231Z] [ERROR] DepthPressure error → BTCUSDT: levels is not iterable
[2026-07-27T21:58:55.231Z] [ERROR] DepthAbsorption error → BTCUSDT: levels is not iterable
[2026-07-27T21:58:55.330Z] [ERROR] DepthLiquidity error → BTCUSDT: levels is not iterable
[2026-07-27T21:58:55.331Z] [ERROR] DepthHeatmap error → BTCUSDT: Cannot read properties of undefined (reading 'map')
[2026-07-27T21:58:55.331Z] [ERROR] DepthImbalance error → BTCUSDT: levels is not iterable
[2026-07-27T21:58:55.331Z] [ERROR] DepthPressure error → BTCUSDT: levels is not iterable
[2026-07-27T21:58:55.331Z] [ERROR] DepthAbsorption error → BTCUSDT: levels is not iterable
[2026-07-27T21:58:55.430Z] [ERROR] DepthLiquidity error → BTCUSDT: levels is not iterable
[2026-07-27T21:58:55.431Z] [ERROR] DepthHeatmap error → BTCUSDT: Cannot read properties of undefined (reading 'map')
[2026-07-27T21:58:55.431Z] [ERROR] DepthImbalance error → BTCUSDT: levels is not iterable
[2026-07-27T21:58:55.431Z] [ERROR] DepthPressure error → BTCUSDT: levels is not iterable
[2026-07-27T21:58:55.431Z] [ERROR] DepthAbsorption error → BTCUSDT: levels is not iterable
[2026-07-27T21:58:55.532Z] [ERROR] DepthLiquidity error → BTCUSDT: levels is not iterable
[2026-07-27T21:58:55.532Z] [ERROR] DepthHeatmap error → BTCUSDT: Cannot read properties of undefined (reading 'map')
[2026-07-27T21:58:55.532Z] [ERROR] DepthImbalance error → BTCUSDT: levels is not iterable
[2026-07-27T21:58:55.532Z] [ERROR] DepthPressure error → BTCUSDT: levels is not iterable
[2026-07-27T21:58:55.533Z] [ERROR] DepthAbsorption error → BTCUSDT: levels is not iterable
[2026-07-27T21:58:55.632Z] [ERROR] DepthLiquidity error → BTCUSDT: levels is not iterable
[2026-07-27T21:58:55.632Z] [ERROR] DepthHeatmap error → BTCUSDT: Cannot read properties of undefined (reading 'map')
[2026-07-27T21:58:55.632Z] [ERROR] DepthImbalance error → BTCUSDT: levels is not iterable
[2026-07-27T21:58:55.632Z] [ERROR] DepthPressure error → BTCUSDT: levels is not iterable
[2026-07-27T21:58:55.633Z] [ERROR] DepthAbsorption error → BTCUSDT: levels is not iterable
[2026-07-27T21:58:55.731Z] [ERROR] DepthLiquidity error → BTCUSDT: levels is not iterable
[2026-07-27T21:58:55.731Z] [ERROR] DepthHeatmap error → BTCUSDT: Cannot read properties of undefined (reading 'map')
[2026-07-27T21:58:55.732Z] [ERROR] DepthImbalance error → BTCUSDT: levels is not iterable
[2026-07-27T21:58:55.732Z] [ERROR] DepthPressure error → BTCUSDT: levels is not iterable
[2026-07-27T21:58:55.732Z] [ERROR] DepthAbsorption error → BTCUSDT: levels is not iterable
[2026-07-27T21:58:55.830Z] [ERROR] DepthLiquidity error → BTCUSDT: levels is not iterable
[2026-07-27T21:58:55.831Z] [ERROR] DepthHeatmap error → BTCUSDT: Cannot read properties of undefined (reading 'map')
[2026-07-27T21:58:55.831Z] [ERROR] DepthImbalance error → BTCUSDT: levels is not iterable
[2026-07-27T21:58:55.831Z] [ERROR] DepthPressure error → BTCUSDT: levels is not iterable
[2026-07-27T21:58:55.831Z] [ERROR] DepthAbsorption error → BTCUSDT: levels is not iterable
[2026-07-27T21:58:55.931Z] [ERROR] DepthLiquidity error → BTCUSDT: levels is not iterable
[2026-07-27T21:58:55.931Z] [ERROR] DepthHeatmap error → BTCUSDT: Cannot read properties of undefined (reading 'map')
[2026-07-27T21:58:55.931Z] [ERROR] DepthImbalance error → BTCUSDT: levels is not iterable
[2026-07-27T21:58:55.931Z] [ERROR] DepthPressure error → BTCUSDT: levels is not iterable
[2026-07-27T21:58:55.932Z] [ERROR] DepthAbsorption error → BTCUSDT: levels is not iterable
[2026-07-27T21:58:56.030Z] [ERROR] DepthLiquidity error → BTCUSDT: levels is not iterable
[2026-07-27T21:58:56.031Z] [ERROR] DepthHeatmap error → BTCUSDT: Cannot read properties of undefined (reading 'map')
[2026-07-27T21:58:56.031Z] [ERROR] DepthImbalance error → BTCUSDT: levels is not iterable
[2026-07-27T21:58:56.031Z] [ERROR] DepthPressure error → BTCUSDT: levels is not iterable
[2026-07-27T21:58:56.031Z] [ERROR] DepthAbsorption error → BTCUSDT: levels is not iterable
[2026-07-27T21:58:56.132Z] [ERROR] DepthLiquidity error → BTCUSDT: levels is not iterable
[2026-07-27T21:58:56.133Z] [ERROR] DepthHeatmap error → BTCUSDT: Cannot read properties of undefined (reading 'map')
[2026-07-27T21:58:56.133Z] [ERROR] DepthImbalance error → BTCUSDT: levels is not iterable
[2026-07-27T21:58:56.133Z] [ERROR] DepthPressure error → BTCUSDT: levels is not iterable
[2026-07-27T21:58:56.133Z] [ERROR] DepthAbsorption error → BTCUSDT: levels is not iterable
[2026-07-27T21:58:56.230Z] [ERROR] DepthLiquidity error → BTCUSDT: levels is not iterable
[2026-07-27T21:58:56.230Z] [ERROR] DepthHeatmap error → BTCUSDT: Cannot read properties of undefined (reading 'map')
[2026-07-27T21:58:56.230Z] [ERROR] DepthImbalance error → BTCUSDT: levels is not iterable
[2026-07-27T21:58:56.230Z] [ERROR] DepthPressure error → BTCUSDT: levels is not iterable
[2026-07-27T21:58:56.231Z] [ERROR] DepthAbsorption error → BTCUSDT: levels is not iterable
[2026-07-27T21:58:56.330Z] [ERROR] DepthLiquidity error → BTCUSDT: levels is not iterable
[2026-07-27T21:58:56.331Z] [ERROR] DepthHeatmap error → BTCUSDT: Cannot read properties of undefined (reading 'map')
[2026-07-27T21:58:56.331Z] [ERROR] DepthImbalance error → BTCUSDT: levels is not iterable
[2026-07-27T21:58:56.331Z] [ERROR] DepthPressure error → BTCUSDT: levels is not iterable
[2026-07-27T21:58:56.331Z] [ERROR] DepthAbsorption error → BTCUSDT: levels is not iterable
[2026-07-27T21:58:56.431Z] [ERROR] DepthLiquidity error → BTCUSDT: levels is not iterable
[2026-07-27T21:58:56.431Z] [ERROR] DepthHeatmap error → BTCUSDT: Cannot read properties of undefined (reading 'map')
[2026-07-27T21:58:56.431Z] [ERROR] DepthImbalance error → BTCUSDT: levels is not iterable
[2026-07-27T21:58:56.431Z] [ERROR] DepthPressure error → BTCUSDT: levels is not iterable
[2026-07-27T21:58:56.432Z] [ERROR] DepthAbsorption error → BTCUSDT: levels is not iterable
[2026-07-27T21:58:56.530Z] [ERROR] DepthLiquidity error → BTCUSDT: levels is not iterable
[2026-07-27T21:58:56.531Z] [ERROR] DepthHeatmap error → BTCUSDT: Cannot read properties of undefined (reading 'map')
[2026-07-27T21:58:56.531Z] [ERROR] DepthImbalance error → BTCUSDT: levels is not iterable
[2026-07-27T21:58:56.531Z] [ERROR] DepthPressure error → BTCUSDT: levels is not iterable
[2026-07-27T21:58:56.531Z] [ERROR] DepthAbsorption error → BTCUSDT: levels is not iterable
[2026-07-27T21:58:56.630Z] [ERROR] DepthLiquidity error → BTCUSDT: levels is not iterable
[2026-07-27T21:58:56.631Z] [ERROR] DepthHeatmap error → BTCUSDT: Cannot read properties of undefined (reading 'map')
[2026-07-27T21:58:56.631Z] [ERROR] DepthImbalance error → BTCUSDT: levels is not iterable
[2026-07-27T21:58:56.631Z] [ERROR] DepthPressure error → BTCUSDT: levels is not iterable
[2026-07-27T21:58:56.631Z] [ERROR] DepthAbsorption error → BTCUSDT: levels is not iterable
[2026-07-27T22:01:16.988Z] [INFO] Orchestrator starting...
[2026-07-27T22:01:16.995Z] [INFO] SymbolEngine initialized.
[2026-07-27T22:01:16.996Z] [INFO] ModuleManager initialized.
[2026-07-27T22:01:16.996Z] [SUCCESS] Orchestrator fully initialized.
[2026-07-27T22:01:16.996Z] [INFO] Enabling module: binance-spot.BTCUSDT.collector.orderbook-depth
[2026-07-27T22:01:17.111Z] [SUCCESS] Collector started → binance-spot.BTCUSDT.orderbook-depth
[2026-07-27T22:01:17.111Z] [SUCCESS] Collector enabled → binance-spot.BTCUSDT.collector.orderbook-depth
[2026-07-27T22:01:17.111Z] [INFO] Collector enabled → binance-spot.BTCUSDT.collector.orderbook-depth
[2026-07-27T22:01:17.112Z] [INFO] Enabling module: binance-spot.BTCUSDT.orderbook.depth-normalizer
[2026-07-27T22:01:17.112Z] [SUCCESS] Processor loaded (no routing) → binance-spot.BTCUSDT.orderbook.depth-normalizer
[2026-07-27T22:01:17.112Z] [INFO] Processor enabled → binance-spot.BTCUSDT.orderbook.depth-normalizer
[2026-07-27T22:01:17.113Z] [INFO] Enabling module: binance-spot.BTCUSDT.orderbook.depth-speed
[2026-07-27T22:01:17.113Z] [SUCCESS] Processor loaded (no routing) → binance-spot.BTCUSDT.orderbook.depth-speed
[2026-07-27T22:01:17.113Z] [INFO] Processor enabled → binance-spot.BTCUSDT.orderbook.depth-speed
[2026-07-27T22:01:17.113Z] [INFO] Enabling module: binance-spot.BTCUSDT.orderbook.depth-levels
[2026-07-27T22:01:17.115Z] [SUCCESS] Processor loaded (no routing) → binance-spot.BTCUSDT.orderbook.depth-levels
[2026-07-27T22:01:17.115Z] [INFO] Processor enabled → binance-spot.BTCUSDT.orderbook.depth-levels
[2026-07-27T22:01:17.115Z] [INFO] Enabling module: binance-spot.BTCUSDT.orderbook.depth-liquidity
[2026-07-27T22:01:17.116Z] [SUCCESS] Processor loaded (no routing) → binance-spot.BTCUSDT.orderbook.depth-liquidity
[2026-07-27T22:01:17.116Z] [INFO] Processor enabled → binance-spot.BTCUSDT.orderbook.depth-liquidity
[2026-07-27T22:01:17.116Z] [INFO] Enabling module: binance-spot.BTCUSDT.orderbook.depth-heatmap
[2026-07-27T22:01:17.117Z] [SUCCESS] Processor loaded (no routing) → binance-spot.BTCUSDT.orderbook.depth-heatmap
[2026-07-27T22:01:17.117Z] [INFO] Processor enabled → binance-spot.BTCUSDT.orderbook.depth-heatmap
[2026-07-27T22:01:17.117Z] [INFO] Enabling module: binance-spot.BTCUSDT.orderbook.depth-imbalance
[2026-07-27T22:01:17.118Z] [SUCCESS] Processor loaded (no routing) → binance-spot.BTCUSDT.orderbook.depth-imbalance
[2026-07-27T22:01:17.118Z] [INFO] Processor enabled → binance-spot.BTCUSDT.orderbook.depth-imbalance
[2026-07-27T22:01:17.118Z] [INFO] Enabling module: binance-spot.BTCUSDT.orderbook.depth-pressure
[2026-07-27T22:01:17.119Z] [SUCCESS] Processor loaded (no routing) → binance-spot.BTCUSDT.orderbook.depth-pressure
[2026-07-27T22:01:17.119Z] [INFO] Processor enabled → binance-spot.BTCUSDT.orderbook.depth-pressure
[2026-07-27T22:01:17.119Z] [INFO] Enabling module: binance-spot.BTCUSDT.orderbook.depth-absorption
[2026-07-27T22:01:17.119Z] [SUCCESS] Processor loaded (no routing) → binance-spot.BTCUSDT.orderbook.depth-absorption
[2026-07-27T22:01:17.120Z] [INFO] Processor enabled → binance-spot.BTCUSDT.orderbook.depth-absorption
[2026-07-27T22:01:17.830Z] [ERROR] DepthLiquidity error → BTCUSDT: levels is not iterable
[2026-07-27T22:01:17.830Z] [ERROR] DepthHeatmap error → BTCUSDT: Cannot read properties of undefined (reading 'map')
[2026-07-27T22:01:17.830Z] [ERROR] DepthImbalance error → BTCUSDT: levels is not iterable
[2026-07-27T22:01:17.831Z] [ERROR] DepthPressure error → BTCUSDT: levels is not iterable
[2026-07-27T22:01:17.831Z] [ERROR] DepthAbsorption error → BTCUSDT: levels is not iterable
[2026-07-27T22:01:17.928Z] [ERROR] DepthLiquidity error → BTCUSDT: levels is not iterable
[2026-07-27T22:01:17.928Z] [ERROR] DepthHeatmap error → BTCUSDT: Cannot read properties of undefined (reading 'map')
[2026-07-27T22:01:17.928Z] [ERROR] DepthImbalance error → BTCUSDT: levels is not iterable
[2026-07-27T22:01:17.928Z] [ERROR] DepthPressure error → BTCUSDT: levels is not iterable
[2026-07-27T22:01:17.929Z] [ERROR] DepthAbsorption error → BTCUSDT: levels is not iterable
[2026-07-27T22:01:18.028Z] [ERROR] DepthLiquidity error → BTCUSDT: levels is not iterable
[2026-07-27T22:01:18.028Z] [ERROR] DepthHeatmap error → BTCUSDT: Cannot read properties of undefined (reading 'map')
[2026-07-27T22:01:18.029Z] [ERROR] DepthImbalance error → BTCUSDT: levels is not iterable
[2026-07-27T22:01:18.029Z] [ERROR] DepthPressure error → BTCUSDT: levels is not iterable
[2026-07-27T22:01:18.029Z] [ERROR] DepthAbsorption error → BTCUSDT: levels is not iterable
[2026-07-27T22:01:18.128Z] [ERROR] DepthLiquidity error → BTCUSDT: levels is not iterable
[2026-07-27T22:01:18.128Z] [ERROR] DepthHeatmap error → BTCUSDT: Cannot read properties of undefined (reading 'map')
[2026-07-27T22:01:18.128Z] [ERROR] DepthImbalance error → BTCUSDT: levels is not iterable
[2026-07-27T22:01:18.128Z] [ERROR] DepthPressure error → BTCUSDT: levels is not iterable
[2026-07-27T22:01:18.128Z] [ERROR] DepthAbsorption error → BTCUSDT: levels is not iterable
[2026-07-27T22:01:18.236Z] [ERROR] DepthLiquidity error → BTCUSDT: levels is not iterable
[2026-07-27T22:01:18.237Z] [ERROR] DepthHeatmap error → BTCUSDT: Cannot read properties of undefined (reading 'map')
[2026-07-27T22:01:18.237Z] [ERROR] DepthImbalance error → BTCUSDT: levels is not iterable
[2026-07-27T22:01:18.238Z] [ERROR] DepthPressure error → BTCUSDT: levels is not iterable
[2026-07-27T22:01:18.239Z] [ERROR] DepthAbsorption error → BTCUSDT: levels is not iterable
[2026-07-27T22:01:18.329Z] [ERROR] DepthLiquidity error → BTCUSDT: levels is not iterable
[2026-07-27T22:01:18.332Z] [ERROR] DepthHeatmap error → BTCUSDT: Cannot read properties of undefined (reading 'map')
[2026-07-27T22:01:18.332Z] [ERROR] DepthImbalance error → BTCUSDT: levels is not iterable
[2026-07-27T22:01:18.332Z] [ERROR] DepthPressure error → BTCUSDT: levels is not iterable
[2026-07-27T22:01:18.332Z] [ERROR] DepthAbsorption error → BTCUSDT: levels is not iterable
[2026-07-27T22:01:18.427Z] [ERROR] DepthLiquidity error → BTCUSDT: levels is not iterable
[2026-07-27T22:01:18.428Z] [ERROR] DepthHeatmap error → BTCUSDT: Cannot read properties of undefined (reading 'map')
[2026-07-27T22:01:18.428Z] [ERROR] DepthImbalance error → BTCUSDT: levels is not iterable
[2026-07-27T22:01:18.428Z] [ERROR] DepthPressure error → BTCUSDT: levels is not iterable
[2026-07-27T22:01:18.428Z] [ERROR] DepthAbsorption error → BTCUSDT: levels is not iterable
[2026-07-27T22:01:18.528Z] [ERROR] DepthLiquidity error → BTCUSDT: levels is not iterable
[2026-07-27T22:01:18.528Z] [ERROR] DepthHeatmap error → BTCUSDT: Cannot read properties of undefined (reading 'map')
[2026-07-27T22:01:18.529Z] [ERROR] DepthImbalance error → BTCUSDT: levels is not iterable
[2026-07-27T22:01:18.529Z] [ERROR] DepthPressure error → BTCUSDT: levels is not iterable
[2026-07-27T22:01:18.529Z] [ERROR] DepthAbsorption error → BTCUSDT: levels is not iterable
[2026-07-27T22:01:18.627Z] [ERROR] DepthLiquidity error → BTCUSDT: levels is not iterable
[2026-07-27T22:01:18.628Z] [ERROR] DepthHeatmap error → BTCUSDT: Cannot read properties of undefined (reading 'map')
[2026-07-27T22:01:18.628Z] [ERROR] DepthImbalance error → BTCUSDT: levels is not iterable
[2026-07-27T22:01:18.628Z] [ERROR] DepthPressure error → BTCUSDT: levels is not iterable
[2026-07-27T22:01:18.629Z] [ERROR] DepthAbsorption error → BTCUSDT: levels is not iterable
[2026-07-27T22:01:18.729Z] [ERROR] DepthLiquidity error → BTCUSDT: levels is not iterable
[2026-07-27T22:01:18.729Z] [ERROR] DepthHeatmap error → BTCUSDT: Cannot read properties of undefined (reading 'map')
[2026-07-27T22:01:18.729Z] [ERROR] DepthImbalance error → BTCUSDT: levels is not iterable
[2026-07-27T22:01:18.729Z] [ERROR] DepthPressure error → BTCUSDT: levels is not iterable
[2026-07-27T22:01:18.730Z] [ERROR] DepthAbsorption error → BTCUSDT: levels is not iterable
[2026-07-27T22:01:18.827Z] [ERROR] DepthLiquidity error → BTCUSDT: levels is not iterable
[2026-07-27T22:01:18.828Z] [ERROR] DepthHeatmap error → BTCUSDT: Cannot read properties of undefined (reading 'map')
[2026-07-27T22:01:18.828Z] [ERROR] DepthImbalance error → BTCUSDT: levels is not iterable
[2026-07-27T22:01:18.828Z] [ERROR] DepthPressure error → BTCUSDT: levels is not iterable
[2026-07-27T22:01:18.828Z] [ERROR] DepthAbsorption error → BTCUSDT: levels is not iterable
[2026-07-27T22:01:18.927Z] [ERROR] DepthLiquidity error → BTCUSDT: levels is not iterable
[2026-07-27T22:01:18.928Z] [ERROR] DepthHeatmap error → BTCUSDT: Cannot read properties of undefined (reading 'map')
[2026-07-27T22:01:18.928Z] [ERROR] DepthImbalance error → BTCUSDT: levels is not iterable
[2026-07-27T22:01:18.928Z] [ERROR] DepthPressure error → BTCUSDT: levels is not iterable
[2026-07-27T22:01:18.928Z] [ERROR] DepthAbsorption error → BTCUSDT: levels is not iterable
[2026-07-27T22:01:19.028Z] [ERROR] DepthLiquidity error → BTCUSDT: levels is not iterable
[2026-07-27T22:01:19.028Z] [ERROR] DepthHeatmap error → BTCUSDT: Cannot read properties of undefined (reading 'map')
[2026-07-27T22:01:19.028Z] [ERROR] DepthImbalance error → BTCUSDT: levels is not iterable
[2026-07-27T22:01:19.029Z] [ERROR] DepthPressure error → BTCUSDT: levels is not iterable
[2026-07-27T22:01:19.029Z] [ERROR] DepthAbsorption error → BTCUSDT: levels is not iterable
[2026-07-27T22:01:19.127Z] [ERROR] DepthLiquidity error → BTCUSDT: levels is not iterable
[2026-07-27T22:01:19.128Z] [ERROR] DepthHeatmap error → BTCUSDT: Cannot read properties of undefined (reading 'map')
[2026-07-27T22:01:19.128Z] [ERROR] DepthImbalance error → BTCUSDT: levels is not iterable
[2026-07-27T22:01:19.128Z] [ERROR] DepthPressure error → BTCUSDT: levels is not iterable
[2026-07-27T22:01:19.128Z] [ERROR] DepthAbsorption error → BTCUSDT: levels is not iterable
[2026-07-27T22:01:19.228Z] [ERROR] DepthLiquidity error → BTCUSDT: levels is not iterable
[2026-07-27T22:01:19.228Z] [ERROR] DepthHeatmap error → BTCUSDT: Cannot read properties of undefined (reading 'map')
[2026-07-27T22:01:19.228Z] [ERROR] DepthImbalance error → BTCUSDT: levels is not iterable
[2026-07-27T22:01:19.229Z] [ERROR] DepthPressure error → BTCUSDT: levels is not iterable
[2026-07-27T22:01:19.229Z] [ERROR] DepthAbsorption error → BTCUSDT: levels is not iterable
[2026-07-27T22:01:19.328Z] [ERROR] DepthLiquidity error → BTCUSDT: levels is not iterable
[2026-07-27T22:01:19.328Z] [ERROR] DepthHeatmap error → BTCUSDT: Cannot read properties of undefined (reading 'map')
[2026-07-27T22:01:19.328Z] [ERROR] DepthImbalance error → BTCUSDT: levels is not iterable
[2026-07-27T22:01:19.329Z] [ERROR] DepthPressure error → BTCUSDT: levels is not iterable
[2026-07-27T22:01:19.329Z] [ERROR] DepthAbsorption error → BTCUSDT: levels is not iterable
[2026-07-27T22:01:19.427Z] [ERROR] DepthLiquidity error → BTCUSDT: levels is not iterable
[2026-07-27T22:01:19.428Z] [ERROR] DepthHeatmap error → BTCUSDT: Cannot read properties of undefined (reading 'map')
[2026-07-27T22:01:19.428Z] [ERROR] DepthImbalance error → BTCUSDT: levels is not iterable
[2026-07-27T22:01:19.428Z] [ERROR] DepthPressure error → BTCUSDT: levels is not iterable
[2026-07-27T22:01:19.429Z] [ERROR] DepthAbsorption error → BTCUSDT: levels is not iterable
[2026-07-27T22:01:19.528Z] [ERROR] DepthLiquidity error → BTCUSDT: levels is not iterable
[2026-07-27T22:01:19.528Z] [ERROR] DepthHeatmap error → BTCUSDT: Cannot read properties of undefined (reading 'map')
[2026-07-27T22:01:19.529Z] [ERROR] DepthImbalance error → BTCUSDT: levels is not iterable
[2026-07-27T22:01:19.529Z] [ERROR] DepthPressure error → BTCUSDT: levels is not iterable
[2026-07-27T22:01:19.529Z] [ERROR] DepthAbsorption error → BTCUSDT: levels is not iterable
[2026-07-27T22:01:19.628Z] [ERROR] DepthLiquidity error → BTCUSDT: levels is not iterable
[2026-07-27T22:01:19.628Z] [ERROR] DepthHeatmap error → BTCUSDT: Cannot read properties of undefined (reading 'map')
[2026-07-27T22:01:19.628Z] [ERROR] DepthImbalance error → BTCUSDT: levels is not iterable
[2026-07-27T22:01:19.628Z] [ERROR] DepthPressure error → BTCUSDT: levels is not iterable
[2026-07-27T22:01:19.629Z] [ERROR] DepthAbsorption error → BTCUSDT: levels is not iterable
[2026-07-27T22:01:19.727Z] [ERROR] DepthLiquidity error → BTCUSDT: levels is not iterable
[2026-07-27T22:01:19.728Z] [ERROR] DepthHeatmap error → BTCUSDT: Cannot read properties of undefined (reading 'map')
[2026-07-27T22:01:19.728Z] [ERROR] DepthImbalance error → BTCUSDT: levels is not iterable
[2026-07-27T22:01:19.728Z] [ERROR] DepthPressure error → BTCUSDT: levels is not iterable
[2026-07-27T22:01:19.729Z] [ERROR] DepthAbsorption error → BTCUSDT: levels is not iterable
[2026-07-27T22:01:19.827Z] [ERROR] DepthLiquidity error → BTCUSDT: levels is not iterable
[2026-07-27T22:01:19.828Z] [ERROR] DepthHeatmap error → BTCUSDT: Cannot read properties of undefined (reading 'map')
[2026-07-27T22:01:19.828Z] [ERROR] DepthImbalance error → BTCUSDT: levels is not iterable
[2026-07-27T22:01:19.829Z] [ERROR] DepthPressure error → BTCUSDT: levels is not iterable
[2026-07-27T22:01:19.829Z] [ERROR] DepthAbsorption error → BTCUSDT: levels is not iterable
[2026-07-27T22:01:19.927Z] [ERROR] DepthLiquidity error → BTCUSDT: levels is not iterable
[2026-07-27T22:01:19.928Z] [ERROR] DepthHeatmap error → BTCUSDT: Cannot read properties of undefined (reading 'map')
[2026-07-27T22:01:19.928Z] [ERROR] DepthImbalance error → BTCUSDT: levels is not iterable
[2026-07-27T22:01:19.928Z] [ERROR] DepthPressure error → BTCUSDT: levels is not iterable
[2026-07-27T22:01:19.929Z] [ERROR] DepthAbsorption error → BTCUSDT: levels is not iterable
[2026-07-27T22:01:20.028Z] [ERROR] DepthLiquidity error → BTCUSDT: levels is not iterable
[2026-07-27T22:01:20.028Z] [ERROR] DepthHeatmap error → BTCUSDT: Cannot read properties of undefined (reading 'map')
[2026-07-27T22:01:20.028Z] [ERROR] DepthImbalance error → BTCUSDT: levels is not iterable
[2026-07-27T22:01:20.029Z] [ERROR] DepthPressure error → BTCUSDT: levels is not iterable
[2026-07-27T22:01:20.029Z] [ERROR] DepthAbsorption error → BTCUSDT: levels is not iterable
[2026-07-27T22:01:20.128Z] [ERROR] DepthLiquidity error → BTCUSDT: levels is not iterable
[2026-07-27T22:01:20.128Z] [ERROR] DepthHeatmap error → BTCUSDT: Cannot read properties of undefined (reading 'map')
[2026-07-27T22:01:20.128Z] [ERROR] DepthImbalance error → BTCUSDT: levels is not iterable
[2026-07-27T22:01:20.128Z] [ERROR] DepthPressure error → BTCUSDT: levels is not iterable
[2026-07-27T22:01:20.128Z] [ERROR] DepthAbsorption error → BTCUSDT: levels is not iterable
[2026-07-27T22:01:20.227Z] [ERROR] DepthLiquidity error → BTCUSDT: levels is not iterable
[2026-07-27T22:01:20.228Z] [ERROR] DepthHeatmap error → BTCUSDT: Cannot read properties of undefined (reading 'map')
[2026-07-27T22:01:20.228Z] [ERROR] DepthImbalance error → BTCUSDT: levels is not iterable
[2026-07-27T22:01:20.228Z] [ERROR] DepthPressure error → BTCUSDT: levels is not iterable
[2026-07-27T22:01:20.229Z] [ERROR] DepthAbsorption error → BTCUSDT: levels is not iterable
[2026-07-27T22:01:20.328Z] [ERROR] DepthLiquidity error → BTCUSDT: levels is not iterable
[2026-07-27T22:01:20.328Z] [ERROR] DepthHeatmap error → BTCUSDT: Cannot read properties of undefined (reading 'map')
[2026-07-27T22:01:20.328Z] [ERROR] DepthImbalance error → BTCUSDT: levels is not iterable
[2026-07-27T22:01:20.329Z] [ERROR] DepthPressure error → BTCUSDT: levels is not iterable
[2026-07-27T22:01:20.329Z] [ERROR] DepthAbsorption error → BTCUSDT: levels is not iterable
[2026-07-27T22:01:20.427Z] [ERROR] DepthLiquidity error → BTCUSDT: levels is not iterable
[2026-07-27T22:01:20.428Z] [ERROR] DepthHeatmap error → BTCUSDT: Cannot read properties of undefined (reading 'map')
[2026-07-27T22:01:20.428Z] [ERROR] DepthImbalance error → BTCUSDT: levels is not iterable
[2026-07-27T22:01:20.428Z] [ERROR] DepthPressure error → BTCUSDT: levels is not iterable
[2026-07-27T22:01:20.429Z] [ERROR] DepthAbsorption error → BTCUSDT: levels is not iterable
[2026-07-27T22:01:20.528Z] [ERROR] DepthLiquidity error → BTCUSDT: levels is not iterable
[2026-07-27T22:01:20.528Z] [ERROR] DepthHeatmap error → BTCUSDT: Cannot read properties of undefined (reading 'map')
[2026-07-27T22:01:20.528Z] [ERROR] DepthImbalance error → BTCUSDT: levels is not iterable
[2026-07-27T22:01:20.528Z] [ERROR] DepthPressure error → BTCUSDT: levels is not iterable
[2026-07-27T22:01:20.529Z] [ERROR] DepthAbsorption error → BTCUSDT: levels is not iterable
[2026-07-27T22:01:20.627Z] [ERROR] DepthLiquidity error → BTCUSDT: levels is not iterable
[2026-07-27T22:01:20.628Z] [ERROR] DepthHeatmap error → BTCUSDT: Cannot read properties of undefined (reading 'map')
[2026-07-27T22:01:20.628Z] [ERROR] DepthImbalance error → BTCUSDT: levels is not iterable
[2026-07-27T22:01:20.629Z] [ERROR] DepthPressure error → BTCUSDT: levels is not iterable
[2026-07-27T22:01:20.629Z] [ERROR] DepthAbsorption error → BTCUSDT: levels is not iterable
[2026-07-27T22:01:20.728Z] [ERROR] DepthLiquidity error → BTCUSDT: levels is not iterable
[2026-07-27T22:01:20.728Z] [ERROR] DepthHeatmap error → BTCUSDT: Cannot read properties of undefined (reading 'map')
[2026-07-27T22:01:20.728Z] [ERROR] DepthImbalance error → BTCUSDT: levels is not iterable
[2026-07-27T22:01:20.729Z] [ERROR] DepthPressure error → BTCUSDT: levels is not iterable
[2026-07-27T22:01:20.729Z] [ERROR] DepthAbsorption error → BTCUSDT: levels is not iterable
[2026-07-27T22:01:20.830Z] [ERROR] DepthLiquidity error → BTCUSDT: levels is not iterable
[2026-07-27T22:01:20.830Z] [ERROR] DepthHeatmap error → BTCUSDT: Cannot read properties of undefined (reading 'map')
[2026-07-27T22:01:20.831Z] [ERROR] DepthImbalance error → BTCUSDT: levels is not iterable
[2026-07-27T22:01:20.831Z] [ERROR] DepthPressure error → BTCUSDT: levels is not iterable
[2026-07-27T22:01:20.831Z] [ERROR] DepthAbsorption error → BTCUSDT: levels is not iterable
[2026-07-27T22:01:20.927Z] [ERROR] DepthLiquidity error → BTCUSDT: levels is not iterable
[2026-07-27T22:01:20.928Z] [ERROR] DepthHeatmap error → BTCUSDT: Cannot read properties of undefined (reading 'map')
[2026-07-27T22:01:20.928Z] [ERROR] DepthImbalance error → BTCUSDT: levels is not iterable
[2026-07-27T22:01:20.928Z] [ERROR] DepthPressure error → BTCUSDT: levels is not iterable
[2026-07-27T22:01:20.928Z] [ERROR] DepthAbsorption error → BTCUSDT: levels is not iterable
[2026-07-27T22:01:21.027Z] [ERROR] DepthLiquidity error → BTCUSDT: levels is not iterable
[2026-07-27T22:01:21.028Z] [ERROR] DepthHeatmap error → BTCUSDT: Cannot read properties of undefined (reading 'map')
[2026-07-27T22:01:21.028Z] [ERROR] DepthImbalance error → BTCUSDT: levels is not iterable
[2026-07-27T22:01:21.028Z] [ERROR] DepthPressure error → BTCUSDT: levels is not iterable
[2026-07-27T22:01:21.028Z] [ERROR] DepthAbsorption error → BTCUSDT: levels is not iterable
[2026-07-27T22:01:21.127Z] [ERROR] DepthLiquidity error → BTCUSDT: levels is not iterable
[2026-07-27T22:01:21.128Z] [ERROR] DepthHeatmap error → BTCUSDT: Cannot read properties of undefined (reading 'map')
[2026-07-27T22:01:21.128Z] [ERROR] DepthImbalance error → BTCUSDT: levels is not iterable
[2026-07-27T22:01:21.128Z] [ERROR] DepthPressure error → BTCUSDT: levels is not iterable
[2026-07-27T22:01:21.128Z] [ERROR] DepthAbsorption error → BTCUSDT: levels is not iterable
[2026-07-27T22:01:21.227Z] [ERROR] DepthLiquidity error → BTCUSDT: levels is not iterable
[2026-07-27T22:01:21.228Z] [ERROR] DepthHeatmap error → BTCUSDT: Cannot read properties of undefined (reading 'map')
[2026-07-27T22:01:21.228Z] [ERROR] DepthImbalance error → BTCUSDT: levels is not iterable
[2026-07-27T22:01:21.228Z] [ERROR] DepthPressure error → BTCUSDT: levels is not iterable
[2026-07-27T22:01:21.228Z] [ERROR] DepthAbsorption error → BTCUSDT: levels is not iterable
[2026-07-27T22:01:21.327Z] [ERROR] DepthLiquidity error → BTCUSDT: levels is not iterable
[2026-07-27T22:01:21.328Z] [ERROR] DepthHeatmap error → BTCUSDT: Cannot read properties of undefined (reading 'map')
[2026-07-27T22:01:21.328Z] [ERROR] DepthImbalance error → BTCUSDT: levels is not iterable
[2026-07-27T22:01:21.328Z] [ERROR] DepthPressure error → BTCUSDT: levels is not iterable
[2026-07-27T22:01:21.329Z] [ERROR] DepthAbsorption error → BTCUSDT: levels is not iterable
[2026-07-27T22:01:21.427Z] [ERROR] DepthLiquidity error → BTCUSDT: levels is not iterable
[2026-07-27T22:01:21.428Z] [ERROR] DepthHeatmap error → BTCUSDT: Cannot read properties of undefined (reading 'map')
[2026-07-27T22:01:21.428Z] [ERROR] DepthImbalance error → BTCUSDT: levels is not iterable
[2026-07-27T22:01:21.428Z] [ERROR] DepthPressure error → BTCUSDT: levels is not iterable
[2026-07-27T22:01:21.428Z] [ERROR] DepthAbsorption error → BTCUSDT: levels is not iterable
[2026-07-27T22:01:21.527Z] [ERROR] DepthLiquidity error → BTCUSDT: levels is not iterable
[2026-07-27T22:01:21.528Z] [ERROR] DepthHeatmap error → BTCUSDT: Cannot read properties of undefined (reading 'map')
[2026-07-27T22:01:21.528Z] [ERROR] DepthImbalance error → BTCUSDT: levels is not iterable
[2026-07-27T22:01:21.528Z] [ERROR] DepthPressure error → BTCUSDT: levels is not iterable
[2026-07-27T22:01:21.528Z] [ERROR] DepthAbsorption error → BTCUSDT: levels is not iterable
[2026-07-27T22:01:21.627Z] [ERROR] DepthLiquidity error → BTCUSDT: levels is not iterable
[2026-07-27T22:01:21.628Z] [ERROR] DepthHeatmap error → BTCUSDT: Cannot read properties of undefined (reading 'map')
[2026-07-27T22:01:21.628Z] [ERROR] DepthImbalance error → BTCUSDT: levels is not iterable
[2026-07-27T22:01:21.628Z] [ERROR] DepthPressure error → BTCUSDT: levels is not iterable
[2026-07-27T22:01:21.628Z] [ERROR] DepthAbsorption error → BTCUSDT: levels is not iterable
[2026-07-27T22:01:21.727Z] [ERROR] DepthLiquidity error → BTCUSDT: levels is not iterable
[2026-07-27T22:01:21.728Z] [ERROR] DepthHeatmap error → BTCUSDT: Cannot read properties of undefined (reading 'map')
[2026-07-27T22:01:21.728Z] [ERROR] DepthImbalance error → BTCUSDT: levels is not iterable
[2026-07-27T22:01:21.728Z] [ERROR] DepthPressure error → BTCUSDT: levels is not iterable
[2026-07-27T22:01:21.728Z] [ERROR] DepthAbsorption error → BTCUSDT: levels is not iterable
[2026-07-27T22:01:21.827Z] [ERROR] DepthLiquidity error → BTCUSDT: levels is not iterable
[2026-07-27T22:01:21.828Z] [ERROR] DepthHeatmap error → BTCUSDT: Cannot read properties of undefined (reading 'map')
[2026-07-27T22:01:21.828Z] [ERROR] DepthImbalance error → BTCUSDT: levels is not iterable
[2026-07-27T22:01:21.828Z] [ERROR] DepthPressure error → BTCUSDT: levels is not iterable
[2026-07-27T22:01:21.828Z] [ERROR] DepthAbsorption error → BTCUSDT: levels is not iterable
[2026-07-27T22:01:21.927Z] [ERROR] DepthLiquidity error → BTCUSDT: levels is not iterable
[2026-07-27T22:01:21.928Z] [ERROR] DepthHeatmap error → BTCUSDT: Cannot read properties of undefined (reading 'map')
[2026-07-27T22:01:21.928Z] [ERROR] DepthImbalance error → BTCUSDT: levels is not iterable
[2026-07-27T22:01:21.928Z] [ERROR] DepthPressure error → BTCUSDT: levels is not iterable
[2026-07-27T22:01:21.928Z] [ERROR] DepthAbsorption error → BTCUSDT: levels is not iterable
[2026-07-27T22:01:22.027Z] [ERROR] DepthLiquidity error → BTCUSDT: levels is not iterable
[2026-07-27T22:01:22.028Z] [ERROR] DepthHeatmap error → BTCUSDT: Cannot read properties of undefined (reading 'map')
[2026-07-27T22:01:22.028Z] [ERROR] DepthImbalance error → BTCUSDT: levels is not iterable
[2026-07-27T22:01:22.028Z] [ERROR] DepthPressure error → BTCUSDT: levels is not iterable
[2026-07-27T22:01:22.028Z] [ERROR] DepthAbsorption error → BTCUSDT: levels is not iterable
[2026-07-27T22:01:22.128Z] [ERROR] DepthLiquidity error → BTCUSDT: levels is not iterable
[2026-07-27T22:01:22.128Z] [ERROR] DepthHeatmap error → BTCUSDT: Cannot read properties of undefined (reading 'map')
[2026-07-27T22:01:22.128Z] [ERROR] DepthImbalance error → BTCUSDT: levels is not iterable
[2026-07-27T22:01:22.128Z] [ERROR] DepthPressure error → BTCUSDT: levels is not iterable
[2026-07-27T22:01:22.128Z] [ERROR] DepthAbsorption error → BTCUSDT: levels is not iterable
[2026-07-27T22:01:22.228Z] [ERROR] DepthLiquidity error → BTCUSDT: levels is not iterable
[2026-07-27T22:01:22.228Z] [ERROR] DepthHeatmap error → BTCUSDT: Cannot read properties of undefined (reading 'map')
[2026-07-27T22:01:22.228Z] [ERROR] DepthImbalance error → BTCUSDT: levels is not iterable
[2026-07-27T22:01:22.228Z] [ERROR] DepthPressure error → BTCUSDT: levels is not iterable
[2026-07-27T22:01:22.229Z] [ERROR] DepthAbsorption error → BTCUSDT: levels is not iterable
[2026-07-27T22:01:22.328Z] [ERROR] DepthLiquidity error → BTCUSDT: levels is not iterable
[2026-07-27T22:01:22.328Z] [ERROR] DepthHeatmap error → BTCUSDT: Cannot read properties of undefined (reading 'map')
[2026-07-27T22:01:22.328Z] [ERROR] DepthImbalance error → BTCUSDT: levels is not iterable
[2026-07-27T22:01:22.328Z] [ERROR] DepthPressure error → BTCUSDT: levels is not iterable
[2026-07-27T22:01:22.329Z] [ERROR] DepthAbsorption error → BTCUSDT: levels is not iterable
[2026-07-27T22:01:22.427Z] [ERROR] DepthLiquidity error → BTCUSDT: levels is not iterable
[2026-07-27T22:01:22.428Z] [ERROR] DepthHeatmap error → BTCUSDT: Cannot read properties of undefined (reading 'map')
[2026-07-27T22:01:22.428Z] [ERROR] DepthImbalance error → BTCUSDT: levels is not iterable
[2026-07-27T22:01:22.428Z] [ERROR] DepthPressure error → BTCUSDT: levels is not iterable
[2026-07-27T22:01:22.428Z] [ERROR] DepthAbsorption error → BTCUSDT: levels is not iterable
[2026-07-27T22:01:22.528Z] [ERROR] DepthLiquidity error → BTCUSDT: levels is not iterable
[2026-07-27T22:01:22.528Z] [ERROR] DepthHeatmap error → BTCUSDT: Cannot read properties of undefined (reading 'map')
[2026-07-27T22:01:22.528Z] [ERROR] DepthImbalance error → BTCUSDT: levels is not iterable
[2026-07-27T22:01:22.528Z] [ERROR] DepthPressure error → BTCUSDT: levels is not iterable
[2026-07-27T22:01:22.528Z] [ERROR] DepthAbsorption error → BTCUSDT: levels is not iterable
[2026-07-27T22:01:22.628Z] [ERROR] DepthLiquidity error → BTCUSDT: levels is not iterable
[2026-07-27T22:01:22.629Z] [ERROR] DepthHeatmap error → BTCUSDT: Cannot read properties of undefined (reading 'map')
[2026-07-27T22:01:22.629Z] [ERROR] DepthImbalance error → BTCUSDT: levels is not iterable
[2026-07-27T22:01:22.629Z] [ERROR] DepthPressure error → BTCUSDT: levels is not iterable
[2026-07-27T22:01:22.629Z] [ERROR] DepthAbsorption error → BTCUSDT: levels is not iterable
[2026-07-27T22:01:22.727Z] [ERROR] DepthLiquidity error → BTCUSDT: levels is not iterable
[2026-07-27T22:01:22.728Z] [ERROR] DepthHeatmap error → BTCUSDT: Cannot read properties of undefined (reading 'map')
[2026-07-27T22:01:22.728Z] [ERROR] DepthImbalance error → BTCUSDT: levels is not iterable
[2026-07-27T22:01:22.728Z] [ERROR] DepthPressure error → BTCUSDT: levels is not iterable
[2026-07-27T22:01:22.728Z] [ERROR] DepthAbsorption error → BTCUSDT: levels is not iterable
[2026-07-27T22:01:22.827Z] [ERROR] DepthLiquidity error → BTCUSDT: levels is not iterable
[2026-07-27T22:01:22.828Z] [ERROR] DepthHeatmap error → BTCUSDT: Cannot read properties of undefined (reading 'map')
[2026-07-27T22:01:22.828Z] [ERROR] DepthImbalance error → BTCUSDT: levels is not iterable
[2026-07-27T22:01:22.828Z] [ERROR] DepthPressure error → BTCUSDT: levels is not iterable
[2026-07-27T22:01:22.828Z] [ERROR] DepthAbsorption error → BTCUSDT: levels is not iterable
[2026-07-27T22:01:22.928Z] [ERROR] DepthLiquidity error → BTCUSDT: levels is not iterable
[2026-07-27T22:01:22.928Z] [ERROR] DepthHeatmap error → BTCUSDT: Cannot read properties of undefined (reading 'map')
[2026-07-27T22:01:22.929Z] [ERROR] DepthImbalance error → BTCUSDT: levels is not iterable
[2026-07-27T22:01:22.929Z] [ERROR] DepthPressure error → BTCUSDT: levels is not iterable
[2026-07-27T22:01:22.929Z] [ERROR] DepthAbsorption error → BTCUSDT: levels is not iterable
[2026-07-27T22:01:23.027Z] [ERROR] DepthLiquidity error → BTCUSDT: levels is not iterable
[2026-07-27T22:01:23.028Z] [ERROR] DepthHeatmap error → BTCUSDT: Cannot read properties of undefined (reading 'map')
[2026-07-27T22:01:23.028Z] [ERROR] DepthImbalance error → BTCUSDT: levels is not iterable
[2026-07-27T22:01:23.028Z] [ERROR] DepthPressure error → BTCUSDT: levels is not iterable
[2026-07-27T22:01:23.028Z] [ERROR] DepthAbsorption error → BTCUSDT: levels is not iterable
[2026-07-27T22:01:23.129Z] [ERROR] DepthLiquidity error → BTCUSDT: levels is not iterable
[2026-07-27T22:01:23.130Z] [ERROR] DepthHeatmap error → BTCUSDT: Cannot read properties of undefined (reading 'map')
[2026-07-27T22:01:23.130Z] [ERROR] DepthImbalance error → BTCUSDT: levels is not iterable
[2026-07-27T22:01:23.130Z] [ERROR] DepthPressure error → BTCUSDT: levels is not iterable
[2026-07-27T22:01:23.131Z] [ERROR] DepthAbsorption error → BTCUSDT: levels is not iterable
[2026-07-27T22:01:23.228Z] [ERROR] DepthLiquidity error → BTCUSDT: levels is not iterable
[2026-07-27T22:01:23.228Z] [ERROR] DepthHeatmap error → BTCUSDT: Cannot read properties of undefined (reading 'map')
[2026-07-27T22:01:23.229Z] [ERROR] DepthImbalance error → BTCUSDT: levels is not iterable
[2026-07-27T22:01:23.229Z] [ERROR] DepthPressure error → BTCUSDT: levels is not iterable
[2026-07-27T22:01:23.229Z] [ERROR] DepthAbsorption error → BTCUSDT: levels is not iterable
[2026-07-27T22:01:23.329Z] [ERROR] DepthLiquidity error → BTCUSDT: levels is not iterable
[2026-07-27T22:01:23.329Z] [ERROR] DepthHeatmap error → BTCUSDT: Cannot read properties of undefined (reading 'map')
[2026-07-27T22:01:23.330Z] [ERROR] DepthImbalance error → BTCUSDT: levels is not iterable
[2026-07-27T22:01:23.330Z] [ERROR] DepthPressure error → BTCUSDT: levels is not iterable
[2026-07-27T22:01:23.330Z] [ERROR] DepthAbsorption error → BTCUSDT: levels is not iterable
[2026-07-27T22:01:23.428Z] [ERROR] DepthLiquidity error → BTCUSDT: levels is not iterable
[2026-07-27T22:01:23.428Z] [ERROR] DepthHeatmap error → BTCUSDT: Cannot read properties of undefined (reading 'map')
[2026-07-27T22:01:23.428Z] [ERROR] DepthImbalance error → BTCUSDT: levels is not iterable
[2026-07-27T22:01:23.428Z] [ERROR] DepthPressure error → BTCUSDT: levels is not iterable
[2026-07-27T22:01:23.428Z] [ERROR] DepthAbsorption error → BTCUSDT: levels is not iterable
[2026-07-27T22:01:23.528Z] [ERROR] DepthLiquidity error → BTCUSDT: levels is not iterable
[2026-07-27T22:01:23.528Z] [ERROR] DepthHeatmap error → BTCUSDT: Cannot read properties of undefined (reading 'map')
[2026-07-27T22:01:23.528Z] [ERROR] DepthImbalance error → BTCUSDT: levels is not iterable
[2026-07-27T22:01:23.528Z] [ERROR] DepthPressure error → BTCUSDT: levels is not iterable
[2026-07-27T22:01:23.528Z] [ERROR] DepthAbsorption error → BTCUSDT: levels is not iterable
[2026-07-27T22:01:23.628Z] [ERROR] DepthLiquidity error → BTCUSDT: levels is not iterable
[2026-07-27T22:01:23.628Z] [ERROR] DepthHeatmap error → BTCUSDT: Cannot read properties of undefined (reading 'map')
[2026-07-27T22:01:23.628Z] [ERROR] DepthImbalance error → BTCUSDT: levels is not iterable
[2026-07-27T22:01:23.628Z] [ERROR] DepthPressure error → BTCUSDT: levels is not iterable
[2026-07-27T22:01:23.628Z] [ERROR] DepthAbsorption error → BTCUSDT: levels is not iterable
[2026-07-27T22:01:23.727Z] [ERROR] DepthLiquidity error → BTCUSDT: levels is not iterable
[2026-07-27T22:01:23.728Z] [ERROR] DepthHeatmap error → BTCUSDT: Cannot read properties of undefined (reading 'map')
[2026-07-27T22:01:23.728Z] [ERROR] DepthImbalance error → BTCUSDT: levels is not iterable
[2026-07-27T22:01:23.728Z] [ERROR] DepthPressure error → BTCUSDT: levels is not iterable
[2026-07-27T22:01:23.728Z] [ERROR] DepthAbsorption error → BTCUSDT: levels is not iterable
[2026-07-27T22:04:38.465Z] [INFO] Orchestrator starting...
[2026-07-27T22:04:38.473Z] [INFO] SymbolEngine initialized.
[2026-07-27T22:04:38.473Z] [INFO] ModuleManager initialized.
[2026-07-27T22:04:38.473Z] [SUCCESS] Orchestrator fully initialized.
[2026-07-27T22:04:38.473Z] [INFO] Enabling module: binance-spot.BTCUSDT.collector.orderbook-depth
[2026-07-27T22:04:38.587Z] [SUCCESS] Collector started → binance-spot.BTCUSDT.orderbook-depth
[2026-07-27T22:04:38.587Z] [SUCCESS] Collector enabled → binance-spot.BTCUSDT.collector.orderbook-depth
[2026-07-27T22:04:38.587Z] [INFO] Collector enabled → binance-spot.BTCUSDT.collector.orderbook-depth
[2026-07-27T22:04:38.588Z] [INFO] Enabling module: binance-spot.BTCUSDT.orderbook.depth-normalizer
[2026-07-27T22:04:38.589Z] [SUCCESS] Processor loaded (no routing) → binance-spot.BTCUSDT.orderbook.depth-normalizer
[2026-07-27T22:04:38.589Z] [INFO] Processor enabled → binance-spot.BTCUSDT.orderbook.depth-normalizer
[2026-07-27T22:04:38.589Z] [INFO] Enabling module: binance-spot.BTCUSDT.orderbook.depth-speed
[2026-07-27T22:04:38.591Z] [SUCCESS] Processor loaded (no routing) → binance-spot.BTCUSDT.orderbook.depth-speed
[2026-07-27T22:04:38.591Z] [INFO] Processor enabled → binance-spot.BTCUSDT.orderbook.depth-speed
[2026-07-27T22:04:38.592Z] [INFO] Enabling module: binance-spot.BTCUSDT.orderbook.depth-levels
[2026-07-27T22:04:38.592Z] [SUCCESS] Processor loaded (no routing) → binance-spot.BTCUSDT.orderbook.depth-levels
[2026-07-27T22:04:38.593Z] [INFO] Processor enabled → binance-spot.BTCUSDT.orderbook.depth-levels
[2026-07-27T22:04:38.594Z] [INFO] Enabling module: binance-spot.BTCUSDT.orderbook.depth-liquidity
[2026-07-27T22:04:38.594Z] [SUCCESS] Processor loaded (no routing) → binance-spot.BTCUSDT.orderbook.depth-liquidity
[2026-07-27T22:04:38.594Z] [INFO] Processor enabled → binance-spot.BTCUSDT.orderbook.depth-liquidity
[2026-07-27T22:04:38.595Z] [INFO] Enabling module: binance-spot.BTCUSDT.orderbook.depth-heatmap
[2026-07-27T22:04:38.595Z] [SUCCESS] Processor loaded (no routing) → binance-spot.BTCUSDT.orderbook.depth-heatmap
[2026-07-27T22:04:38.595Z] [INFO] Processor enabled → binance-spot.BTCUSDT.orderbook.depth-heatmap
[2026-07-27T22:04:38.595Z] [INFO] Enabling module: binance-spot.BTCUSDT.orderbook.depth-imbalance
[2026-07-27T22:04:38.596Z] [SUCCESS] Processor loaded (no routing) → binance-spot.BTCUSDT.orderbook.depth-imbalance
[2026-07-27T22:04:38.596Z] [INFO] Processor enabled → binance-spot.BTCUSDT.orderbook.depth-imbalance
[2026-07-27T22:04:38.596Z] [INFO] Enabling module: binance-spot.BTCUSDT.orderbook.depth-pressure
[2026-07-27T22:04:38.597Z] [SUCCESS] Processor loaded (no routing) → binance-spot.BTCUSDT.orderbook.depth-pressure
[2026-07-27T22:04:38.597Z] [INFO] Processor enabled → binance-spot.BTCUSDT.orderbook.depth-pressure
[2026-07-27T22:04:38.597Z] [INFO] Enabling module: binance-spot.BTCUSDT.orderbook.depth-absorption
[2026-07-27T22:04:38.597Z] [SUCCESS] Processor loaded (no routing) → binance-spot.BTCUSDT.orderbook.depth-absorption
[2026-07-27T22:04:38.598Z] [INFO] Processor enabled → binance-spot.BTCUSDT.orderbook.depth-absorption
[2026-07-27T22:35:31.208Z] [INFO] Orchestrator starting...
[2026-07-27T22:35:31.222Z] [INFO] SymbolEngine initialized.
[2026-07-27T22:35:31.223Z] [INFO] ModuleManager initialized.
[2026-07-27T22:35:31.223Z] [SUCCESS] Orchestrator fully initialized.
[2026-07-27T22:35:31.224Z] [INFO] Enabling module: binance-spot.BTCUSDT.collector.orderbook-depth
[2026-07-27T22:35:31.372Z] [SUCCESS] Collector started → binance-spot.BTCUSDT.orderbook-depth
[2026-07-27T22:35:31.373Z] [SUCCESS] Collector enabled → binance-spot.BTCUSDT.collector.orderbook-depth
[2026-07-27T22:35:31.373Z] [INFO] Collector enabled → binance-spot.BTCUSDT.collector.orderbook-depth
[2026-07-27T22:35:31.374Z] [INFO] Enabling module: binance-spot.BTCUSDT.orderbook.depth-normalizer
[2026-07-27T22:35:31.375Z] [SUCCESS] Processor loaded (no routing) → binance-spot.BTCUSDT.orderbook.depth-normalizer
[2026-07-27T22:35:31.375Z] [INFO] Processor enabled → binance-spot.BTCUSDT.orderbook.depth-normalizer
[2026-07-27T22:35:31.376Z] [INFO] Enabling module: binance-spot.BTCUSDT.orderbook.depth-speed
[2026-07-27T22:35:31.377Z] [SUCCESS] Processor loaded (no routing) → binance-spot.BTCUSDT.orderbook.depth-speed
[2026-07-27T22:35:31.377Z] [INFO] Processor enabled → binance-spot.BTCUSDT.orderbook.depth-speed
[2026-07-27T22:35:31.377Z] [INFO] Enabling module: binance-spot.BTCUSDT.orderbook.depth-levels
[2026-07-27T22:35:31.378Z] [SUCCESS] Processor loaded (no routing) → binance-spot.BTCUSDT.orderbook.depth-levels
[2026-07-27T22:35:31.379Z] [INFO] Processor enabled → binance-spot.BTCUSDT.orderbook.depth-levels
[2026-07-27T22:35:31.379Z] [INFO] Enabling module: binance-spot.BTCUSDT.orderbook.depth-liquidity
[2026-07-27T22:35:31.380Z] [SUCCESS] Processor loaded (no routing) → binance-spot.BTCUSDT.orderbook.depth-liquidity
[2026-07-27T22:35:31.381Z] [INFO] Processor enabled → binance-spot.BTCUSDT.orderbook.depth-liquidity
[2026-07-27T22:35:31.381Z] [INFO] Enabling module: binance-spot.BTCUSDT.orderbook.depth-heatmap
[2026-07-27T22:35:31.384Z] [SUCCESS] Processor loaded (no routing) → binance-spot.BTCUSDT.orderbook.depth-heatmap
[2026-07-27T22:35:31.384Z] [INFO] Processor enabled → binance-spot.BTCUSDT.orderbook.depth-heatmap
[2026-07-27T22:35:31.385Z] [INFO] Enabling module: binance-spot.BTCUSDT.orderbook.depth-imbalance
[2026-07-27T22:35:31.386Z] [SUCCESS] Processor loaded (no routing) → binance-spot.BTCUSDT.orderbook.depth-imbalance
[2026-07-27T22:35:31.386Z] [INFO] Processor enabled → binance-spot.BTCUSDT.orderbook.depth-imbalance
[2026-07-27T22:35:31.386Z] [INFO] Enabling module: binance-spot.BTCUSDT.orderbook.depth-pressure
[2026-07-27T22:35:31.387Z] [SUCCESS] Processor loaded (no routing) → binance-spot.BTCUSDT.orderbook.depth-pressure
[2026-07-27T22:35:31.387Z] [INFO] Processor enabled → binance-spot.BTCUSDT.orderbook.depth-pressure
[2026-07-27T22:35:31.388Z] [INFO] Enabling module: binance-spot.BTCUSDT.orderbook.depth-absorption
[2026-07-27T22:35:31.388Z] [SUCCESS] Processor loaded (no routing) → binance-spot.BTCUSDT.orderbook.depth-absorption
[2026-07-27T22:35:31.388Z] [INFO] Processor enabled → binance-spot.BTCUSDT.orderbook.depth-absorption
[2026-07-27T22:39:13.118Z] [INFO] Orchestrator starting...
[2026-07-27T22:39:13.136Z] [INFO] SymbolEngine initialized.
[2026-07-27T22:39:13.137Z] [INFO] ModuleManager initialized.
[2026-07-27T22:39:13.137Z] [SUCCESS] Orchestrator fully initialized.
[2026-07-27T22:39:13.137Z] [INFO] Enabling module: binance-spot.BTCUSDT.collector.orderbook-depth
[2026-07-27T22:39:13.311Z] [SUCCESS] Collector started → binance-spot.BTCUSDT.orderbook-depth
[2026-07-27T22:39:13.311Z] [SUCCESS] Collector enabled → binance-spot.BTCUSDT.collector.orderbook-depth
[2026-07-27T22:39:13.311Z] [INFO] Collector enabled → binance-spot.BTCUSDT.collector.orderbook-depth
[2026-07-27T22:39:13.312Z] [INFO] Enabling module: binance-spot.BTCUSDT.orderbook.depth-normalizer
[2026-07-27T22:39:13.313Z] [SUCCESS] Processor loaded (no routing) → binance-spot.BTCUSDT.orderbook.depth-normalizer
[2026-07-27T22:39:13.314Z] [INFO] Processor enabled → binance-spot.BTCUSDT.orderbook.depth-normalizer
[2026-07-27T22:39:13.314Z] [INFO] Enabling module: binance-spot.BTCUSDT.orderbook.depth-speed
[2026-07-27T22:39:13.316Z] [SUCCESS] Processor loaded (no routing) → binance-spot.BTCUSDT.orderbook.depth-speed
[2026-07-27T22:39:13.317Z] [INFO] Processor enabled → binance-spot.BTCUSDT.orderbook.depth-speed
[2026-07-27T22:39:13.317Z] [INFO] Enabling module: binance-spot.BTCUSDT.orderbook.depth-levels
[2026-07-27T22:39:13.318Z] [SUCCESS] Processor loaded (no routing) → binance-spot.BTCUSDT.orderbook.depth-levels
[2026-07-27T22:39:13.318Z] [INFO] Processor enabled → binance-spot.BTCUSDT.orderbook.depth-levels
[2026-07-27T22:39:13.319Z] [INFO] Enabling module: binance-spot.BTCUSDT.orderbook.depth-liquidity
[2026-07-27T22:39:13.321Z] [SUCCESS] Processor loaded (no routing) → binance-spot.BTCUSDT.orderbook.depth-liquidity
[2026-07-27T22:39:13.321Z] [INFO] Processor enabled → binance-spot.BTCUSDT.orderbook.depth-liquidity
[2026-07-27T22:39:13.321Z] [INFO] Enabling module: binance-spot.BTCUSDT.orderbook.depth-heatmap
[2026-07-27T22:39:13.323Z] [SUCCESS] Processor loaded (no routing) → binance-spot.BTCUSDT.orderbook.depth-heatmap
[2026-07-27T22:39:13.324Z] [INFO] Processor enabled → binance-spot.BTCUSDT.orderbook.depth-heatmap
[2026-07-27T22:39:13.325Z] [INFO] Enabling module: binance-spot.BTCUSDT.orderbook.depth-imbalance
[2026-07-27T22:39:13.325Z] [SUCCESS] Processor loaded (no routing) → binance-spot.BTCUSDT.orderbook.depth-imbalance
[2026-07-27T22:39:13.325Z] [INFO] Processor enabled → binance-spot.BTCUSDT.orderbook.depth-imbalance
[2026-07-27T22:39:13.326Z] [INFO] Enabling module: binance-spot.BTCUSDT.orderbook.depth-pressure
[2026-07-27T22:39:13.326Z] [SUCCESS] Processor loaded (no routing) → binance-spot.BTCUSDT.orderbook.depth-pressure
[2026-07-27T22:39:13.326Z] [INFO] Processor enabled → binance-spot.BTCUSDT.orderbook.depth-pressure
[2026-07-27T22:39:13.326Z] [INFO] Enabling module: binance-spot.BTCUSDT.orderbook.depth-absorption
[2026-07-27T22:39:13.327Z] [SUCCESS] Processor loaded (no routing) → binance-spot.BTCUSDT.orderbook.depth-absorption
[2026-07-27T22:39:13.327Z] [INFO] Processor enabled → binance-spot.BTCUSDT.orderbook.depth-absorption
[2026-07-27T22:39:41.771Z] [INFO] Orchestrator starting...
[2026-07-27T22:39:41.779Z] [INFO] SymbolEngine initialized.
[2026-07-27T22:39:41.779Z] [INFO] ModuleManager initialized.
[2026-07-27T22:39:41.779Z] [SUCCESS] Orchestrator fully initialized.
[2026-07-27T22:39:41.780Z] [INFO] Enabling module: binance-spot.BTCUSDT.collector.orderbook-depth
[2026-07-27T22:39:41.920Z] [SUCCESS] Collector started → binance-spot.BTCUSDT.orderbook-depth
[2026-07-27T22:39:41.921Z] [SUCCESS] Collector enabled → binance-spot.BTCUSDT.collector.orderbook-depth
[2026-07-27T22:39:41.921Z] [INFO] Collector enabled → binance-spot.BTCUSDT.collector.orderbook-depth
[2026-07-27T22:39:41.921Z] [INFO] Enabling module: binance-spot.BTCUSDT.orderbook.depth-normalizer
[2026-07-27T22:39:41.922Z] [SUCCESS] Processor loaded (no routing) → binance-spot.BTCUSDT.orderbook.depth-normalizer
[2026-07-27T22:39:41.923Z] [INFO] Processor enabled → binance-spot.BTCUSDT.orderbook.depth-normalizer
[2026-07-27T22:39:41.923Z] [INFO] Enabling module: binance-spot.BTCUSDT.orderbook.depth-speed
[2026-07-27T22:39:41.924Z] [SUCCESS] Processor loaded (no routing) → binance-spot.BTCUSDT.orderbook.depth-speed
[2026-07-27T22:39:41.924Z] [INFO] Processor enabled → binance-spot.BTCUSDT.orderbook.depth-speed
[2026-07-27T22:39:41.924Z] [INFO] Enabling module: binance-spot.BTCUSDT.orderbook.depth-levels
[2026-07-27T22:39:41.925Z] [SUCCESS] Processor loaded (no routing) → binance-spot.BTCUSDT.orderbook.depth-levels
[2026-07-27T22:39:41.926Z] [INFO] Processor enabled → binance-spot.BTCUSDT.orderbook.depth-levels
[2026-07-27T22:39:41.926Z] [INFO] Enabling module: binance-spot.BTCUSDT.orderbook.depth-liquidity
[2026-07-27T22:39:41.930Z] [SUCCESS] Processor loaded (no routing) → binance-spot.BTCUSDT.orderbook.depth-liquidity
[2026-07-27T22:39:41.931Z] [INFO] Processor enabled → binance-spot.BTCUSDT.orderbook.depth-liquidity
[2026-07-27T22:39:41.931Z] [INFO] Enabling module: binance-spot.BTCUSDT.orderbook.depth-heatmap
[2026-07-27T22:39:41.932Z] [SUCCESS] Processor loaded (no routing) → binance-spot.BTCUSDT.orderbook.depth-heatmap
[2026-07-27T22:39:41.932Z] [INFO] Processor enabled → binance-spot.BTCUSDT.orderbook.depth-heatmap
[2026-07-27T22:39:41.933Z] [INFO] Enabling module: binance-spot.BTCUSDT.orderbook.depth-imbalance
[2026-07-27T22:39:41.934Z] [SUCCESS] Processor loaded (no routing) → binance-spot.BTCUSDT.orderbook.depth-imbalance
[2026-07-27T22:39:41.935Z] [INFO] Processor enabled → binance-spot.BTCUSDT.orderbook.depth-imbalance
[2026-07-27T22:39:41.935Z] [INFO] Enabling module: binance-spot.BTCUSDT.orderbook.depth-pressure
[2026-07-27T22:39:41.935Z] [SUCCESS] Processor loaded (no routing) → binance-spot.BTCUSDT.orderbook.depth-pressure
[2026-07-27T22:39:41.936Z] [INFO] Processor enabled → binance-spot.BTCUSDT.orderbook.depth-pressure
[2026-07-27T22:39:41.936Z] [INFO] Enabling module: binance-spot.BTCUSDT.orderbook.depth-absorption
[2026-07-27T22:39:41.937Z] [SUCCESS] Processor loaded (no routing) → binance-spot.BTCUSDT.orderbook.depth-absorption
[2026-07-27T22:39:41.937Z] [INFO] Processor enabled → binance-spot.BTCUSDT.orderbook.depth-absorption
[2026-07-27T22:42:13.183Z] [INFO] Orchestrator starting...
[2026-07-27T22:42:13.191Z] [INFO] SymbolEngine initialized.
[2026-07-27T22:42:13.191Z] [INFO] ModuleManager initialized.
[2026-07-27T22:42:13.191Z] [SUCCESS] Orchestrator fully initialized.
[2026-07-27T22:42:13.191Z] [INFO] Enabling module: binance-spot.BTCUSDT.collector.orderbook-depth
[2026-07-27T22:42:13.304Z] [SUCCESS] Collector started → binance-spot.BTCUSDT.orderbook-depth
[2026-07-27T22:42:13.304Z] [SUCCESS] Collector enabled → binance-spot.BTCUSDT.collector.orderbook-depth
[2026-07-27T22:42:13.304Z] [INFO] Collector enabled → binance-spot.BTCUSDT.collector.orderbook-depth
[2026-07-27T22:42:13.305Z] [INFO] Enabling module: binance-spot.BTCUSDT.orderbook.depth-normalizer
[2026-07-27T22:42:13.306Z] [SUCCESS] Processor loaded (no routing) → binance-spot.BTCUSDT.orderbook.depth-normalizer
[2026-07-27T22:42:13.306Z] [INFO] Processor enabled → binance-spot.BTCUSDT.orderbook.depth-normalizer
[2026-07-27T22:42:13.306Z] [INFO] Enabling module: binance-spot.BTCUSDT.orderbook.depth-speed
[2026-07-27T22:42:13.307Z] [SUCCESS] Processor loaded (no routing) → binance-spot.BTCUSDT.orderbook.depth-speed
[2026-07-27T22:42:13.307Z] [INFO] Processor enabled → binance-spot.BTCUSDT.orderbook.depth-speed
[2026-07-27T22:42:13.308Z] [INFO] Enabling module: binance-spot.BTCUSDT.orderbook.depth-levels
[2026-07-27T22:42:13.311Z] [SUCCESS] Processor loaded (no routing) → binance-spot.BTCUSDT.orderbook.depth-levels
[2026-07-27T22:42:13.311Z] [INFO] Processor enabled → binance-spot.BTCUSDT.orderbook.depth-levels
[2026-07-27T22:42:13.311Z] [INFO] Enabling module: binance-spot.BTCUSDT.orderbook.depth-liquidity
[2026-07-27T22:42:13.312Z] [SUCCESS] Processor loaded (no routing) → binance-spot.BTCUSDT.orderbook.depth-liquidity
[2026-07-27T22:42:13.313Z] [INFO] Processor enabled → binance-spot.BTCUSDT.orderbook.depth-liquidity
[2026-07-27T22:42:13.313Z] [INFO] Enabling module: binance-spot.BTCUSDT.orderbook.depth-heatmap
[2026-07-27T22:42:13.314Z] [SUCCESS] Processor loaded (no routing) → binance-spot.BTCUSDT.orderbook.depth-heatmap
[2026-07-27T22:42:13.314Z] [INFO] Processor enabled → binance-spot.BTCUSDT.orderbook.depth-heatmap
[2026-07-27T22:42:13.314Z] [INFO] Enabling module: binance-spot.BTCUSDT.orderbook.depth-imbalance
[2026-07-27T22:42:13.315Z] [SUCCESS] Processor loaded (no routing) → binance-spot.BTCUSDT.orderbook.depth-imbalance
[2026-07-27T22:42:13.315Z] [INFO] Processor enabled → binance-spot.BTCUSDT.orderbook.depth-imbalance
[2026-07-27T22:42:13.315Z] [INFO] Enabling module: binance-spot.BTCUSDT.orderbook.depth-pressure
[2026-07-27T22:42:13.316Z] [SUCCESS] Processor loaded (no routing) → binance-spot.BTCUSDT.orderbook.depth-pressure
[2026-07-27T22:42:13.316Z] [INFO] Processor enabled → binance-spot.BTCUSDT.orderbook.depth-pressure
[2026-07-27T22:42:13.316Z] [INFO] Enabling module: binance-spot.BTCUSDT.orderbook.depth-absorption
[2026-07-27T22:42:13.317Z] [SUCCESS] Processor loaded (no routing) → binance-spot.BTCUSDT.orderbook.depth-absorption
[2026-07-27T22:42:13.317Z] [INFO] Processor enabled → binance-spot.BTCUSDT.orderbook.depth-absorption
[2026-07-27T22:51:03.180Z] [INFO] Orchestrator starting...
[2026-07-27T22:51:03.186Z] [INFO] SymbolEngine initialized.
[2026-07-27T22:51:03.187Z] [INFO] ModuleManager initialized.
[2026-07-27T22:51:03.187Z] [SUCCESS] Orchestrator fully initialized.
[2026-07-27T22:51:03.187Z] [INFO] Enabling module: binance-spot.BTCUSDT.collector.orderbook-depth
[2026-07-27T22:51:03.299Z] [SUCCESS] Collector started → binance-spot.BTCUSDT.orderbook-depth
[2026-07-27T22:51:03.300Z] [SUCCESS] Collector enabled → binance-spot.BTCUSDT.collector.orderbook-depth
[2026-07-27T22:51:03.300Z] [INFO] Collector enabled → binance-spot.BTCUSDT.collector.orderbook-depth
[2026-07-27T22:51:03.300Z] [INFO] Enabling module: binance-spot.BTCUSDT.orderbook.depth-normalizer
[2026-07-27T22:51:03.301Z] [SUCCESS] Processor loaded (no routing) → binance-spot.BTCUSDT.orderbook.depth-normalizer
[2026-07-27T22:51:03.301Z] [INFO] Processor enabled → binance-spot.BTCUSDT.orderbook.depth-normalizer
[2026-07-27T22:51:03.301Z] [INFO] Enabling module: binance-spot.BTCUSDT.orderbook.depth-speed
[2026-07-27T22:51:03.302Z] [SUCCESS] Processor loaded (no routing) → binance-spot.BTCUSDT.orderbook.depth-speed
[2026-07-27T22:51:03.302Z] [INFO] Processor enabled → binance-spot.BTCUSDT.orderbook.depth-speed
[2026-07-27T22:51:03.303Z] [INFO] Enabling module: binance-spot.BTCUSDT.orderbook.depth-levels
[2026-07-27T22:51:03.305Z] [SUCCESS] Processor loaded (no routing) → binance-spot.BTCUSDT.orderbook.depth-levels
[2026-07-27T22:51:03.305Z] [INFO] Processor enabled → binance-spot.BTCUSDT.orderbook.depth-levels
[2026-07-27T22:51:03.305Z] [INFO] Enabling module: binance-spot.BTCUSDT.orderbook.depth-liquidity
[2026-07-27T22:51:03.306Z] [SUCCESS] Processor loaded (no routing) → binance-spot.BTCUSDT.orderbook.depth-liquidity
[2026-07-27T22:51:03.306Z] [INFO] Processor enabled → binance-spot.BTCUSDT.orderbook.depth-liquidity
[2026-07-27T22:51:03.307Z] [INFO] Enabling module: binance-spot.BTCUSDT.orderbook.depth-heatmap
[2026-07-27T22:51:03.307Z] [SUCCESS] Processor loaded (no routing) → binance-spot.BTCUSDT.orderbook.depth-heatmap
[2026-07-27T22:51:03.308Z] [INFO] Processor enabled → binance-spot.BTCUSDT.orderbook.depth-heatmap
[2026-07-27T22:51:03.308Z] [INFO] Enabling module: binance-spot.BTCUSDT.orderbook.depth-imbalance
[2026-07-27T22:51:03.308Z] [SUCCESS] Processor loaded (no routing) → binance-spot.BTCUSDT.orderbook.depth-imbalance
[2026-07-27T22:51:03.309Z] [INFO] Processor enabled → binance-spot.BTCUSDT.orderbook.depth-imbalance
[2026-07-27T22:51:03.309Z] [INFO] Enabling module: binance-spot.BTCUSDT.orderbook.depth-pressure
[2026-07-27T22:51:03.309Z] [SUCCESS] Processor loaded (no routing) → binance-spot.BTCUSDT.orderbook.depth-pressure
[2026-07-27T22:51:03.309Z] [INFO] Processor enabled → binance-spot.BTCUSDT.orderbook.depth-pressure
[2026-07-27T22:51:03.310Z] [INFO] Enabling module: binance-spot.BTCUSDT.orderbook.depth-absorption
[2026-07-27T22:51:03.310Z] [SUCCESS] Processor loaded (no routing) → binance-spot.BTCUSDT.orderbook.depth-absorption
[2026-07-27T22:51:03.311Z] [INFO] Processor enabled → binance-spot.BTCUSDT.orderbook.depth-absorption
[2026-07-27T22:52:42.836Z] [INFO] Orchestrator starting...
[2026-07-27T22:52:42.842Z] [INFO] SymbolEngine initialized.
[2026-07-27T22:52:42.842Z] [INFO] ModuleManager initialized.
[2026-07-27T22:52:42.843Z] [SUCCESS] Orchestrator fully initialized.
[2026-07-27T22:52:42.843Z] [INFO] Enabling module: binance-spot.BTCUSDT.collector.orderbook-depth
[2026-07-27T22:52:42.928Z] [ERROR] CollectorLoader error → binance-spot.BTCUSDT.orderbook-depth: Cannot find module '../../../../shared/log.cjs'
Require stack:
- /root/TraderBOT/collector/realtime/spot/orderbook/depth.cjs
- /root/TraderBOT/collector/realtime/spot/exchanges/binance-spot.cjs
- /root/TraderBOT/orchestrator/utils/collector-loader.cjs
- /root/TraderBOT/orchestrator/utils/module-manager.cjs
- /root/TraderBOT/orchestrator/core/orchestrator.cjs
- /root/TraderBOT/run.cjs
[2026-07-27T22:52:42.929Z] [SUCCESS] Collector enabled → binance-spot.BTCUSDT.collector.orderbook-depth
[2026-07-27T22:52:42.929Z] [INFO] Collector enabled → binance-spot.BTCUSDT.collector.orderbook-depth
[2026-07-27T22:52:42.929Z] [INFO] Enabling module: binance-spot.BTCUSDT.orderbook.depth-normalizer
[2026-07-27T22:52:42.930Z] [SUCCESS] Processor loaded (no routing) → binance-spot.BTCUSDT.orderbook.depth-normalizer
[2026-07-27T22:52:42.930Z] [INFO] Processor enabled → binance-spot.BTCUSDT.orderbook.depth-normalizer
[2026-07-27T22:52:42.930Z] [INFO] Enabling module: binance-spot.BTCUSDT.orderbook.depth-speed
[2026-07-27T22:52:42.930Z] [SUCCESS] Processor loaded (no routing) → binance-spot.BTCUSDT.orderbook.depth-speed
[2026-07-27T22:52:42.931Z] [INFO] Processor enabled → binance-spot.BTCUSDT.orderbook.depth-speed
[2026-07-27T22:52:42.931Z] [INFO] Enabling module: binance-spot.BTCUSDT.orderbook.depth-levels
[2026-07-27T22:52:42.931Z] [SUCCESS] Processor loaded (no routing) → binance-spot.BTCUSDT.orderbook.depth-levels
[2026-07-27T22:52:42.931Z] [INFO] Processor enabled → binance-spot.BTCUSDT.orderbook.depth-levels
[2026-07-27T22:52:42.931Z] [INFO] Enabling module: binance-spot.BTCUSDT.orderbook.depth-liquidity
[2026-07-27T22:52:42.932Z] [SUCCESS] Processor loaded (no routing) → binance-spot.BTCUSDT.orderbook.depth-liquidity
[2026-07-27T22:52:42.932Z] [INFO] Processor enabled → binance-spot.BTCUSDT.orderbook.depth-liquidity
[2026-07-27T22:52:42.932Z] [INFO] Enabling module: binance-spot.BTCUSDT.orderbook.depth-heatmap
[2026-07-27T22:52:42.932Z] [SUCCESS] Processor loaded (no routing) → binance-spot.BTCUSDT.orderbook.depth-heatmap
[2026-07-27T22:52:42.933Z] [INFO] Processor enabled → binance-spot.BTCUSDT.orderbook.depth-heatmap
[2026-07-27T22:52:42.933Z] [INFO] Enabling module: binance-spot.BTCUSDT.orderbook.depth-imbalance
[2026-07-27T22:52:42.933Z] [SUCCESS] Processor loaded (no routing) → binance-spot.BTCUSDT.orderbook.depth-imbalance
[2026-07-27T22:52:42.933Z] [INFO] Processor enabled → binance-spot.BTCUSDT.orderbook.depth-imbalance
[2026-07-27T22:52:42.933Z] [INFO] Enabling module: binance-spot.BTCUSDT.orderbook.depth-pressure
[2026-07-27T22:52:42.934Z] [SUCCESS] Processor loaded (no routing) → binance-spot.BTCUSDT.orderbook.depth-pressure
[2026-07-27T22:52:42.934Z] [INFO] Processor enabled → binance-spot.BTCUSDT.orderbook.depth-pressure
[2026-07-27T22:52:42.934Z] [INFO] Enabling module: binance-spot.BTCUSDT.orderbook.depth-absorption
[2026-07-27T22:52:42.934Z] [SUCCESS] Processor loaded (no routing) → binance-spot.BTCUSDT.orderbook.depth-absorption
[2026-07-27T22:52:42.934Z] [INFO] Processor enabled → binance-spot.BTCUSDT.orderbook.depth-absorption
[2026-07-27T22:53:53.245Z] [INFO] Orchestrator starting...
[2026-07-27T22:53:53.253Z] [INFO] SymbolEngine initialized.
[2026-07-27T22:53:53.254Z] [INFO] ModuleManager initialized.
[2026-07-27T22:53:53.254Z] [SUCCESS] Orchestrator fully initialized.
[2026-07-27T22:53:53.254Z] [INFO] Enabling module: binance-spot.BTCUSDT.collector.orderbook-depth
[2026-07-27T22:53:53.330Z] [ERROR] CollectorLoader error → binance-spot.BTCUSDT.orderbook-depth: Cannot find module '../../../shared/log.cjs'
Require stack:
- /root/TraderBOT/collector/realtime/spot/orderbook/depth.cjs
- /root/TraderBOT/collector/realtime/spot/exchanges/binance-spot.cjs
- /root/TraderBOT/orchestrator/utils/collector-loader.cjs
- /root/TraderBOT/orchestrator/utils/module-manager.cjs
- /root/TraderBOT/orchestrator/core/orchestrator.cjs
- /root/TraderBOT/run.cjs
[2026-07-27T22:53:53.330Z] [SUCCESS] Collector enabled → binance-spot.BTCUSDT.collector.orderbook-depth
[2026-07-27T22:53:53.330Z] [INFO] Collector enabled → binance-spot.BTCUSDT.collector.orderbook-depth
[2026-07-27T22:53:53.330Z] [INFO] Enabling module: binance-spot.BTCUSDT.orderbook.depth-normalizer
[2026-07-27T22:53:53.331Z] [SUCCESS] Processor loaded (no routing) → binance-spot.BTCUSDT.orderbook.depth-normalizer
[2026-07-27T22:53:53.331Z] [INFO] Processor enabled → binance-spot.BTCUSDT.orderbook.depth-normalizer
[2026-07-27T22:53:53.331Z] [INFO] Enabling module: binance-spot.BTCUSDT.orderbook.depth-speed
[2026-07-27T22:53:53.332Z] [SUCCESS] Processor loaded (no routing) → binance-spot.BTCUSDT.orderbook.depth-speed
[2026-07-27T22:53:53.332Z] [INFO] Processor enabled → binance-spot.BTCUSDT.orderbook.depth-speed
[2026-07-27T22:53:53.332Z] [INFO] Enabling module: binance-spot.BTCUSDT.orderbook.depth-levels
[2026-07-27T22:53:53.333Z] [SUCCESS] Processor loaded (no routing) → binance-spot.BTCUSDT.orderbook.depth-levels
[2026-07-27T22:53:53.333Z] [INFO] Processor enabled → binance-spot.BTCUSDT.orderbook.depth-levels
[2026-07-27T22:53:53.333Z] [INFO] Enabling module: binance-spot.BTCUSDT.orderbook.depth-liquidity
[2026-07-27T22:53:53.334Z] [SUCCESS] Processor loaded (no routing) → binance-spot.BTCUSDT.orderbook.depth-liquidity
[2026-07-27T22:53:53.334Z] [INFO] Processor enabled → binance-spot.BTCUSDT.orderbook.depth-liquidity
[2026-07-27T22:53:53.334Z] [INFO] Enabling module: binance-spot.BTCUSDT.orderbook.depth-heatmap
[2026-07-27T22:53:53.334Z] [SUCCESS] Processor loaded (no routing) → binance-spot.BTCUSDT.orderbook.depth-heatmap
[2026-07-27T22:53:53.334Z] [INFO] Processor enabled → binance-spot.BTCUSDT.orderbook.depth-heatmap
[2026-07-27T22:53:53.335Z] [INFO] Enabling module: binance-spot.BTCUSDT.orderbook.depth-imbalance
[2026-07-27T22:53:53.335Z] [SUCCESS] Processor loaded (no routing) → binance-spot.BTCUSDT.orderbook.depth-imbalance
[2026-07-27T22:53:53.335Z] [INFO] Processor enabled → binance-spot.BTCUSDT.orderbook.depth-imbalance
[2026-07-27T22:53:53.335Z] [INFO] Enabling module: binance-spot.BTCUSDT.orderbook.depth-pressure
[2026-07-27T22:53:53.336Z] [SUCCESS] Processor loaded (no routing) → binance-spot.BTCUSDT.orderbook.depth-pressure
[2026-07-27T22:53:53.336Z] [INFO] Processor enabled → binance-spot.BTCUSDT.orderbook.depth-pressure
[2026-07-27T22:53:53.336Z] [INFO] Enabling module: binance-spot.BTCUSDT.orderbook.depth-absorption
[2026-07-27T22:53:53.337Z] [SUCCESS] Processor loaded (no routing) → binance-spot.BTCUSDT.orderbook.depth-absorption
[2026-07-27T22:53:53.337Z] [INFO] Processor enabled → binance-spot.BTCUSDT.orderbook.depth-absorption
[2026-07-27T22:54:57.406Z] [INFO] Orchestrator starting...
[2026-07-27T22:54:57.412Z] [INFO] SymbolEngine initialized.
[2026-07-27T22:54:57.413Z] [INFO] ModuleManager initialized.
[2026-07-27T22:54:57.413Z] [SUCCESS] Orchestrator fully initialized.
[2026-07-27T22:54:57.413Z] [INFO] Enabling module: binance-spot.BTCUSDT.collector.orderbook-depth
[2026-07-27T22:54:57.501Z] [ERROR] CollectorLoader error → binance-spot.BTCUSDT.orderbook-depth: Cannot find module '../../../shared/event-bus.cjs'
Require stack:
- /root/TraderBOT/collector/realtime/spot/orderbook/depth.cjs
- /root/TraderBOT/collector/realtime/spot/exchanges/binance-spot.cjs
- /root/TraderBOT/orchestrator/utils/collector-loader.cjs
- /root/TraderBOT/orchestrator/utils/module-manager.cjs
- /root/TraderBOT/orchestrator/core/orchestrator.cjs
- /root/TraderBOT/run.cjs
[2026-07-27T22:54:57.501Z] [SUCCESS] Collector enabled → binance-spot.BTCUSDT.collector.orderbook-depth
[2026-07-27T22:54:57.501Z] [INFO] Collector enabled → binance-spot.BTCUSDT.collector.orderbook-depth
[2026-07-27T22:54:57.502Z] [INFO] Enabling module: binance-spot.BTCUSDT.orderbook.depth-normalizer
[2026-07-27T22:54:57.502Z] [SUCCESS] Processor loaded (no routing) → binance-spot.BTCUSDT.orderbook.depth-normalizer
[2026-07-27T22:54:57.502Z] [INFO] Processor enabled → binance-spot.BTCUSDT.orderbook.depth-normalizer
[2026-07-27T22:54:57.502Z] [INFO] Enabling module: binance-spot.BTCUSDT.orderbook.depth-speed
[2026-07-27T22:54:57.503Z] [SUCCESS] Processor loaded (no routing) → binance-spot.BTCUSDT.orderbook.depth-speed
[2026-07-27T22:54:57.503Z] [INFO] Processor enabled → binance-spot.BTCUSDT.orderbook.depth-speed
[2026-07-27T22:54:57.503Z] [INFO] Enabling module: binance-spot.BTCUSDT.orderbook.depth-levels
[2026-07-27T22:54:57.504Z] [SUCCESS] Processor loaded (no routing) → binance-spot.BTCUSDT.orderbook.depth-levels
[2026-07-27T22:54:57.504Z] [INFO] Processor enabled → binance-spot.BTCUSDT.orderbook.depth-levels
[2026-07-27T22:54:57.504Z] [INFO] Enabling module: binance-spot.BTCUSDT.orderbook.depth-liquidity
[2026-07-27T22:54:57.505Z] [SUCCESS] Processor loaded (no routing) → binance-spot.BTCUSDT.orderbook.depth-liquidity
[2026-07-27T22:54:57.505Z] [INFO] Processor enabled → binance-spot.BTCUSDT.orderbook.depth-liquidity
[2026-07-27T22:54:57.505Z] [INFO] Enabling module: binance-spot.BTCUSDT.orderbook.depth-heatmap
[2026-07-27T22:54:57.506Z] [SUCCESS] Processor loaded (no routing) → binance-spot.BTCUSDT.orderbook.depth-heatmap
[2026-07-27T22:54:57.506Z] [INFO] Processor enabled → binance-spot.BTCUSDT.orderbook.depth-heatmap
[2026-07-27T22:54:57.506Z] [INFO] Enabling module: binance-spot.BTCUSDT.orderbook.depth-imbalance
[2026-07-27T22:54:57.507Z] [SUCCESS] Processor loaded (no routing) → binance-spot.BTCUSDT.orderbook.depth-imbalance
[2026-07-27T22:54:57.507Z] [INFO] Processor enabled → binance-spot.BTCUSDT.orderbook.depth-imbalance
[2026-07-27T22:54:57.507Z] [INFO] Enabling module: binance-spot.BTCUSDT.orderbook.depth-pressure
[2026-07-27T22:54:57.507Z] [SUCCESS] Processor loaded (no routing) → binance-spot.BTCUSDT.orderbook.depth-pressure
[2026-07-27T22:54:57.507Z] [INFO] Processor enabled → binance-spot.BTCUSDT.orderbook.depth-pressure
[2026-07-27T22:54:57.508Z] [INFO] Enabling module: binance-spot.BTCUSDT.orderbook.depth-absorption
[2026-07-27T22:54:57.508Z] [SUCCESS] Processor loaded (no routing) → binance-spot.BTCUSDT.orderbook.depth-absorption
[2026-07-27T22:54:57.508Z] [INFO] Processor enabled → binance-spot.BTCUSDT.orderbook.depth-absorption
[2026-07-27T22:56:32.070Z] [INFO] Orchestrator starting...
[2026-07-27T22:56:32.079Z] [INFO] SymbolEngine initialized.
[2026-07-27T22:56:32.079Z] [INFO] ModuleManager initialized.
[2026-07-27T22:56:32.079Z] [SUCCESS] Orchestrator fully initialized.
[2026-07-27T22:56:32.080Z] [INFO] Enabling module: binance-spot.BTCUSDT.collector.orderbook-depth
[2026-07-27T22:56:32.176Z] [ERROR] CollectorLoader error → binance-spot.BTCUSDT.orderbook-depth: Cannot find module '../../../shared/log.cjs'
Require stack:
- /root/TraderBOT/collector/realtime/spot/orderbook/depth.cjs
- /root/TraderBOT/collector/realtime/spot/exchanges/binance-spot.cjs
- /root/TraderBOT/orchestrator/utils/collector-loader.cjs
- /root/TraderBOT/orchestrator/utils/module-manager.cjs
- /root/TraderBOT/orchestrator/core/orchestrator.cjs
- /root/TraderBOT/run.cjs
[2026-07-27T22:56:32.176Z] [SUCCESS] Collector enabled → binance-spot.BTCUSDT.collector.orderbook-depth
[2026-07-27T22:56:32.176Z] [INFO] Collector enabled → binance-spot.BTCUSDT.collector.orderbook-depth
[2026-07-27T22:56:32.176Z] [INFO] Enabling module: binance-spot.BTCUSDT.orderbook.depth-normalizer
[2026-07-27T22:56:32.177Z] [SUCCESS] Processor loaded (no routing) → binance-spot.BTCUSDT.orderbook.depth-normalizer
[2026-07-27T22:56:32.177Z] [INFO] Processor enabled → binance-spot.BTCUSDT.orderbook.depth-normalizer
[2026-07-27T22:56:32.177Z] [INFO] Enabling module: binance-spot.BTCUSDT.orderbook.depth-speed
[2026-07-27T22:56:32.178Z] [SUCCESS] Processor loaded (no routing) → binance-spot.BTCUSDT.orderbook.depth-speed
[2026-07-27T22:56:32.178Z] [INFO] Processor enabled → binance-spot.BTCUSDT.orderbook.depth-speed
[2026-07-27T22:56:32.178Z] [INFO] Enabling module: binance-spot.BTCUSDT.orderbook.depth-levels
[2026-07-27T22:56:32.179Z] [SUCCESS] Processor loaded (no routing) → binance-spot.BTCUSDT.orderbook.depth-levels
[2026-07-27T22:56:32.179Z] [INFO] Processor enabled → binance-spot.BTCUSDT.orderbook.depth-levels
[2026-07-27T22:56:32.179Z] [INFO] Enabling module: binance-spot.BTCUSDT.orderbook.depth-liquidity
[2026-07-27T22:56:32.180Z] [SUCCESS] Processor loaded (no routing) → binance-spot.BTCUSDT.orderbook.depth-liquidity
[2026-07-27T22:56:32.180Z] [INFO] Processor enabled → binance-spot.BTCUSDT.orderbook.depth-liquidity
[2026-07-27T22:56:32.180Z] [INFO] Enabling module: binance-spot.BTCUSDT.orderbook.depth-heatmap
[2026-07-27T22:56:32.181Z] [SUCCESS] Processor loaded (no routing) → binance-spot.BTCUSDT.orderbook.depth-heatmap
[2026-07-27T22:56:32.181Z] [INFO] Processor enabled → binance-spot.BTCUSDT.orderbook.depth-heatmap
[2026-07-27T22:56:32.181Z] [INFO] Enabling module: binance-spot.BTCUSDT.orderbook.depth-imbalance
[2026-07-27T22:56:32.182Z] [SUCCESS] Processor loaded (no routing) → binance-spot.BTCUSDT.orderbook.depth-imbalance
[2026-07-27T22:56:32.182Z] [INFO] Processor enabled → binance-spot.BTCUSDT.orderbook.depth-imbalance
[2026-07-27T22:56:32.182Z] [INFO] Enabling module: binance-spot.BTCUSDT.orderbook.depth-pressure
[2026-07-27T22:56:32.183Z] [SUCCESS] Processor loaded (no routing) → binance-spot.BTCUSDT.orderbook.depth-pressure
[2026-07-27T22:56:32.183Z] [INFO] Processor enabled → binance-spot.BTCUSDT.orderbook.depth-pressure
[2026-07-27T22:56:32.183Z] [INFO] Enabling module: binance-spot.BTCUSDT.orderbook.depth-absorption
[2026-07-27T22:56:32.184Z] [SUCCESS] Processor loaded (no routing) → binance-spot.BTCUSDT.orderbook.depth-absorption
[2026-07-27T22:56:32.184Z] [INFO] Processor enabled → binance-spot.BTCUSDT.orderbook.depth-absorption
[2026-07-27T22:57:20.669Z] [INFO] Orchestrator starting...
[2026-07-27T22:57:20.675Z] [INFO] SymbolEngine initialized.
[2026-07-27T22:57:20.676Z] [INFO] ModuleManager initialized.
[2026-07-27T22:57:20.676Z] [SUCCESS] Orchestrator fully initialized.
[2026-07-27T22:57:20.676Z] [INFO] Enabling module: binance-spot.BTCUSDT.collector.orderbook-depth
[2026-07-27T22:57:20.747Z] [ERROR] CollectorLoader error → binance-spot.BTCUSDT.orderbook-depth: Cannot find module '../../../shared/log.cjs'
Require stack:
- /root/TraderBOT/collector/realtime/spot/orderbook/depth.cjs
- /root/TraderBOT/collector/realtime/spot/exchanges/binance-spot.cjs
- /root/TraderBOT/orchestrator/utils/collector-loader.cjs
- /root/TraderBOT/orchestrator/utils/module-manager.cjs
- /root/TraderBOT/orchestrator/core/orchestrator.cjs
- /root/TraderBOT/run.cjs
[2026-07-27T22:57:20.748Z] [SUCCESS] Collector enabled → binance-spot.BTCUSDT.collector.orderbook-depth
[2026-07-27T22:57:20.748Z] [INFO] Collector enabled → binance-spot.BTCUSDT.collector.orderbook-depth
[2026-07-27T22:57:20.748Z] [INFO] Enabling module: binance-spot.BTCUSDT.orderbook.depth-normalizer
[2026-07-27T22:57:20.748Z] [SUCCESS] Processor loaded (no routing) → binance-spot.BTCUSDT.orderbook.depth-normalizer
[2026-07-27T22:57:20.749Z] [INFO] Processor enabled → binance-spot.BTCUSDT.orderbook.depth-normalizer
[2026-07-27T22:57:20.749Z] [INFO] Enabling module: binance-spot.BTCUSDT.orderbook.depth-speed
[2026-07-27T22:57:20.749Z] [SUCCESS] Processor loaded (no routing) → binance-spot.BTCUSDT.orderbook.depth-speed
[2026-07-27T22:57:20.750Z] [INFO] Processor enabled → binance-spot.BTCUSDT.orderbook.depth-speed
[2026-07-27T22:57:20.750Z] [INFO] Enabling module: binance-spot.BTCUSDT.orderbook.depth-levels
[2026-07-27T22:57:20.751Z] [SUCCESS] Processor loaded (no routing) → binance-spot.BTCUSDT.orderbook.depth-levels
[2026-07-27T22:57:20.751Z] [INFO] Processor enabled → binance-spot.BTCUSDT.orderbook.depth-levels
[2026-07-27T22:57:20.751Z] [INFO] Enabling module: binance-spot.BTCUSDT.orderbook.depth-liquidity
[2026-07-27T22:57:20.752Z] [SUCCESS] Processor loaded (no routing) → binance-spot.BTCUSDT.orderbook.depth-liquidity
[2026-07-27T22:57:20.752Z] [INFO] Processor enabled → binance-spot.BTCUSDT.orderbook.depth-liquidity
[2026-07-27T22:57:20.752Z] [INFO] Enabling module: binance-spot.BTCUSDT.orderbook.depth-heatmap
[2026-07-27T22:57:20.752Z] [SUCCESS] Processor loaded (no routing) → binance-spot.BTCUSDT.orderbook.depth-heatmap
[2026-07-27T22:57:20.752Z] [INFO] Processor enabled → binance-spot.BTCUSDT.orderbook.depth-heatmap
[2026-07-27T22:57:20.752Z] [INFO] Enabling module: binance-spot.BTCUSDT.orderbook.depth-imbalance
[2026-07-27T22:57:20.753Z] [SUCCESS] Processor loaded (no routing) → binance-spot.BTCUSDT.orderbook.depth-imbalance
[2026-07-27T22:57:20.753Z] [INFO] Processor enabled → binance-spot.BTCUSDT.orderbook.depth-imbalance
[2026-07-27T22:57:20.753Z] [INFO] Enabling module: binance-spot.BTCUSDT.orderbook.depth-pressure
[2026-07-27T22:57:20.753Z] [SUCCESS] Processor loaded (no routing) → binance-spot.BTCUSDT.orderbook.depth-pressure
[2026-07-27T22:57:20.753Z] [INFO] Processor enabled → binance-spot.BTCUSDT.orderbook.depth-pressure
[2026-07-27T22:57:20.754Z] [INFO] Enabling module: binance-spot.BTCUSDT.orderbook.depth-absorption
[2026-07-27T22:57:20.754Z] [SUCCESS] Processor loaded (no routing) → binance-spot.BTCUSDT.orderbook.depth-absorption
[2026-07-27T22:57:20.754Z] [INFO] Processor enabled → binance-spot.BTCUSDT.orderbook.depth-absorption
[2026-07-27T22:57:57.490Z] [INFO] Orchestrator starting...
[2026-07-27T22:57:57.503Z] [INFO] SymbolEngine initialized.
[2026-07-27T22:57:57.504Z] [INFO] ModuleManager initialized.
[2026-07-27T22:57:57.504Z] [SUCCESS] Orchestrator fully initialized.
[2026-07-27T22:57:57.504Z] [INFO] Enabling module: binance-spot.BTCUSDT.collector.orderbook-depth
[2026-07-27T22:57:57.582Z] [ERROR] CollectorLoader error → binance-spot.BTCUSDT.orderbook-depth: Cannot find module '../../../../log.cjs'
Require stack:
- /root/TraderBOT/collector/realtime/spot/orderbook/depth.cjs
- /root/TraderBOT/collector/realtime/spot/exchanges/binance-spot.cjs
- /root/TraderBOT/orchestrator/utils/collector-loader.cjs
- /root/TraderBOT/orchestrator/utils/module-manager.cjs
- /root/TraderBOT/orchestrator/core/orchestrator.cjs
- /root/TraderBOT/run.cjs
[2026-07-27T22:57:57.582Z] [SUCCESS] Collector enabled → binance-spot.BTCUSDT.collector.orderbook-depth
[2026-07-27T22:57:57.582Z] [INFO] Collector enabled → binance-spot.BTCUSDT.collector.orderbook-depth
[2026-07-27T22:57:57.582Z] [INFO] Enabling module: binance-spot.BTCUSDT.orderbook.depth-normalizer
[2026-07-27T22:57:57.583Z] [SUCCESS] Processor loaded (no routing) → binance-spot.BTCUSDT.orderbook.depth-normalizer
[2026-07-27T22:57:57.583Z] [INFO] Processor enabled → binance-spot.BTCUSDT.orderbook.depth-normalizer
[2026-07-27T22:57:57.583Z] [INFO] Enabling module: binance-spot.BTCUSDT.orderbook.depth-speed
[2026-07-27T22:57:57.584Z] [SUCCESS] Processor loaded (no routing) → binance-spot.BTCUSDT.orderbook.depth-speed
[2026-07-27T22:57:57.584Z] [INFO] Processor enabled → binance-spot.BTCUSDT.orderbook.depth-speed
[2026-07-27T22:57:57.584Z] [INFO] Enabling module: binance-spot.BTCUSDT.orderbook.depth-levels
[2026-07-27T22:57:57.585Z] [SUCCESS] Processor loaded (no routing) → binance-spot.BTCUSDT.orderbook.depth-levels
[2026-07-27T22:57:57.585Z] [INFO] Processor enabled → binance-spot.BTCUSDT.orderbook.depth-levels
[2026-07-27T22:57:57.585Z] [INFO] Enabling module: binance-spot.BTCUSDT.orderbook.depth-liquidity
[2026-07-27T22:57:57.586Z] [SUCCESS] Processor loaded (no routing) → binance-spot.BTCUSDT.orderbook.depth-liquidity
[2026-07-27T22:57:57.586Z] [INFO] Processor enabled → binance-spot.BTCUSDT.orderbook.depth-liquidity
[2026-07-27T22:57:57.586Z] [INFO] Enabling module: binance-spot.BTCUSDT.orderbook.depth-heatmap
[2026-07-27T22:57:57.587Z] [SUCCESS] Processor loaded (no routing) → binance-spot.BTCUSDT.orderbook.depth-heatmap
[2026-07-27T22:57:57.587Z] [INFO] Processor enabled → binance-spot.BTCUSDT.orderbook.depth-heatmap
[2026-07-27T22:57:57.587Z] [INFO] Enabling module: binance-spot.BTCUSDT.orderbook.depth-imbalance
[2026-07-27T22:57:57.588Z] [SUCCESS] Processor loaded (no routing) → binance-spot.BTCUSDT.orderbook.depth-imbalance
[2026-07-27T22:57:57.588Z] [INFO] Processor enabled → binance-spot.BTCUSDT.orderbook.depth-imbalance
[2026-07-27T22:57:57.588Z] [INFO] Enabling module: binance-spot.BTCUSDT.orderbook.depth-pressure
[2026-07-27T22:57:57.588Z] [SUCCESS] Processor loaded (no routing) → binance-spot.BTCUSDT.orderbook.depth-pressure
[2026-07-27T22:57:57.588Z] [INFO] Processor enabled → binance-spot.BTCUSDT.orderbook.depth-pressure
[2026-07-27T22:57:57.589Z] [INFO] Enabling module: binance-spot.BTCUSDT.orderbook.depth-absorption
[2026-07-27T22:57:57.589Z] [SUCCESS] Processor loaded (no routing) → binance-spot.BTCUSDT.orderbook.depth-absorption
[2026-07-27T22:57:57.589Z] [INFO] Processor enabled → binance-spot.BTCUSDT.orderbook.depth-absorption
[2026-07-27T22:58:58.013Z] [INFO] Orchestrator starting...
[2026-07-27T22:58:58.027Z] [INFO] SymbolEngine initialized.
[2026-07-27T22:58:58.028Z] [INFO] ModuleManager initialized.
[2026-07-27T22:58:58.028Z] [SUCCESS] Orchestrator fully initialized.
[2026-07-27T22:58:58.028Z] [INFO] Enabling module: binance-spot.BTCUSDT.collector.orderbook-depth
[2026-07-27T22:58:58.139Z] [SUCCESS] Collector started → binance-spot.BTCUSDT.orderbook-depth
[2026-07-27T22:58:58.139Z] [SUCCESS] Collector enabled → binance-spot.BTCUSDT.collector.orderbook-depth
[2026-07-27T22:58:58.139Z] [INFO] Collector enabled → binance-spot.BTCUSDT.collector.orderbook-depth
[2026-07-27T22:58:58.139Z] [INFO] Enabling module: binance-spot.BTCUSDT.orderbook.depth-normalizer
[2026-07-27T22:58:58.140Z] [SUCCESS] Processor loaded (no routing) → binance-spot.BTCUSDT.orderbook.depth-normalizer
[2026-07-27T22:58:58.140Z] [INFO] Processor enabled → binance-spot.BTCUSDT.orderbook.depth-normalizer
[2026-07-27T22:58:58.140Z] [INFO] Enabling module: binance-spot.BTCUSDT.orderbook.depth-speed
[2026-07-27T22:58:58.141Z] [SUCCESS] Processor loaded (no routing) → binance-spot.BTCUSDT.orderbook.depth-speed
[2026-07-27T22:58:58.142Z] [INFO] Processor enabled → binance-spot.BTCUSDT.orderbook.depth-speed
[2026-07-27T22:58:58.142Z] [INFO] Enabling module: binance-spot.BTCUSDT.orderbook.depth-levels
[2026-07-27T22:58:58.142Z] [SUCCESS] Processor loaded (no routing) → binance-spot.BTCUSDT.orderbook.depth-levels
[2026-07-27T22:58:58.143Z] [INFO] Processor enabled → binance-spot.BTCUSDT.orderbook.depth-levels
[2026-07-27T22:58:58.143Z] [INFO] Enabling module: binance-spot.BTCUSDT.orderbook.depth-liquidity
[2026-07-27T22:58:58.143Z] [SUCCESS] Processor loaded (no routing) → binance-spot.BTCUSDT.orderbook.depth-liquidity
[2026-07-27T22:58:58.144Z] [INFO] Processor enabled → binance-spot.BTCUSDT.orderbook.depth-liquidity
[2026-07-27T22:58:58.144Z] [INFO] Enabling module: binance-spot.BTCUSDT.orderbook.depth-heatmap
[2026-07-27T22:58:58.146Z] [SUCCESS] Processor loaded (no routing) → binance-spot.BTCUSDT.orderbook.depth-heatmap
[2026-07-27T22:58:58.146Z] [INFO] Processor enabled → binance-spot.BTCUSDT.orderbook.depth-heatmap
[2026-07-27T22:58:58.147Z] [INFO] Enabling module: binance-spot.BTCUSDT.orderbook.depth-imbalance
[2026-07-27T22:58:58.147Z] [SUCCESS] Processor loaded (no routing) → binance-spot.BTCUSDT.orderbook.depth-imbalance
[2026-07-27T22:58:58.147Z] [INFO] Processor enabled → binance-spot.BTCUSDT.orderbook.depth-imbalance
[2026-07-27T22:58:58.148Z] [INFO] Enabling module: binance-spot.BTCUSDT.orderbook.depth-pressure
[2026-07-27T22:58:58.148Z] [SUCCESS] Processor loaded (no routing) → binance-spot.BTCUSDT.orderbook.depth-pressure
[2026-07-27T22:58:58.148Z] [INFO] Processor enabled → binance-spot.BTCUSDT.orderbook.depth-pressure
[2026-07-27T22:58:58.148Z] [INFO] Enabling module: binance-spot.BTCUSDT.orderbook.depth-absorption
[2026-07-27T22:58:58.149Z] [SUCCESS] Processor loaded (no routing) → binance-spot.BTCUSDT.orderbook.depth-absorption
[2026-07-27T22:58:58.149Z] [INFO] Processor enabled → binance-spot.BTCUSDT.orderbook.depth-absorption
[2026-07-27T23:02:18.883Z] [INFO] Orchestrator starting...
[2026-07-27T23:02:18.889Z] [INFO] SymbolEngine initialized.
[2026-07-27T23:02:18.889Z] [INFO] ModuleManager initialized.
[2026-07-27T23:02:18.889Z] [SUCCESS] Orchestrator fully initialized.
[2026-07-27T23:02:18.889Z] [INFO] Enabling module: binance-spot.BTCUSDT.collector.orderbook-depth
[2026-07-27T23:02:19.005Z] [SUCCESS] Collector started → binance-spot.BTCUSDT.orderbook-depth
[2026-07-27T23:02:19.006Z] [SUCCESS] Collector enabled → binance-spot.BTCUSDT.collector.orderbook-depth
[2026-07-27T23:02:19.006Z] [INFO] Collector enabled → binance-spot.BTCUSDT.collector.orderbook-depth
[2026-07-27T23:02:19.006Z] [INFO] Enabling module: binance-spot.BTCUSDT.orderbook.depth-normalizer
[2026-07-27T23:02:19.007Z] [SUCCESS] Processor loaded (no routing) → binance-spot.BTCUSDT.orderbook.depth-normalizer
[2026-07-27T23:02:19.008Z] [INFO] Processor enabled → binance-spot.BTCUSDT.orderbook.depth-normalizer
[2026-07-27T23:02:19.008Z] [INFO] Enabling module: binance-spot.BTCUSDT.orderbook.depth-speed
[2026-07-27T23:02:19.009Z] [SUCCESS] Processor loaded (no routing) → binance-spot.BTCUSDT.orderbook.depth-speed
[2026-07-27T23:02:19.010Z] [INFO] Processor enabled → binance-spot.BTCUSDT.orderbook.depth-speed
[2026-07-27T23:02:19.010Z] [INFO] Enabling module: binance-spot.BTCUSDT.orderbook.depth-levels
[2026-07-27T23:02:19.011Z] [SUCCESS] Processor loaded (no routing) → binance-spot.BTCUSDT.orderbook.depth-levels
[2026-07-27T23:02:19.011Z] [INFO] Processor enabled → binance-spot.BTCUSDT.orderbook.depth-levels
[2026-07-27T23:02:19.011Z] [INFO] Enabling module: binance-spot.BTCUSDT.orderbook.depth-liquidity
[2026-07-27T23:02:19.012Z] [SUCCESS] Processor loaded (no routing) → binance-spot.BTCUSDT.orderbook.depth-liquidity
[2026-07-27T23:02:19.012Z] [INFO] Processor enabled → binance-spot.BTCUSDT.orderbook.depth-liquidity
[2026-07-27T23:02:19.012Z] [INFO] Enabling module: binance-spot.BTCUSDT.orderbook.depth-heatmap
[2026-07-27T23:02:19.013Z] [SUCCESS] Processor loaded (no routing) → binance-spot.BTCUSDT.orderbook.depth-heatmap
[2026-07-27T23:02:19.013Z] [INFO] Processor enabled → binance-spot.BTCUSDT.orderbook.depth-heatmap
[2026-07-27T23:02:19.013Z] [INFO] Enabling module: binance-spot.BTCUSDT.orderbook.depth-imbalance
[2026-07-27T23:02:19.014Z] [SUCCESS] Processor loaded (no routing) → binance-spot.BTCUSDT.orderbook.depth-imbalance
[2026-07-27T23:02:19.014Z] [INFO] Processor enabled → binance-spot.BTCUSDT.orderbook.depth-imbalance
[2026-07-27T23:02:19.014Z] [INFO] Enabling module: binance-spot.BTCUSDT.orderbook.depth-pressure
[2026-07-27T23:02:19.015Z] [SUCCESS] Processor loaded (no routing) → binance-spot.BTCUSDT.orderbook.depth-pressure
[2026-07-27T23:02:19.015Z] [INFO] Processor enabled → binance-spot.BTCUSDT.orderbook.depth-pressure
[2026-07-27T23:02:19.015Z] [INFO] Enabling module: binance-spot.BTCUSDT.orderbook.depth-absorption
[2026-07-27T23:02:19.015Z] [SUCCESS] Processor loaded (no routing) → binance-spot.BTCUSDT.orderbook.depth-absorption
[2026-07-27T23:02:19.015Z] [INFO] Processor enabled → binance-spot.BTCUSDT.orderbook.depth-absorption
[2026-07-27T23:04:52.404Z] [INFO] Orchestrator starting...
[2026-07-27T23:04:52.411Z] [INFO] SymbolEngine initialized.
[2026-07-27T23:04:52.411Z] [INFO] ModuleManager initialized.
[2026-07-27T23:04:52.412Z] [SUCCESS] Orchestrator fully initialized.
[2026-07-27T23:04:52.412Z] [INFO] Enabling module: binance-spot.BTCUSDT.collector.orderbook-depth
[2026-07-27T23:04:52.522Z] [SUCCESS] Collector started → binance-spot.BTCUSDT.orderbook-depth
[2026-07-27T23:04:52.523Z] [SUCCESS] Collector enabled → binance-spot.BTCUSDT.collector.orderbook-depth
[2026-07-27T23:04:52.523Z] [INFO] Collector enabled → binance-spot.BTCUSDT.collector.orderbook-depth
[2026-07-27T23:04:52.523Z] [INFO] Enabling module: binance-spot.BTCUSDT.orderbook.depth-normalizer
[2026-07-27T23:04:52.525Z] [SUCCESS] Processor loaded (no routing) → binance-spot.BTCUSDT.orderbook.depth-normalizer
[2026-07-27T23:04:52.526Z] [INFO] Processor enabled → binance-spot.BTCUSDT.orderbook.depth-normalizer
[2026-07-27T23:04:52.526Z] [INFO] Enabling module: binance-spot.BTCUSDT.orderbook.depth-speed
[2026-07-27T23:04:52.526Z] [SUCCESS] Processor loaded (no routing) → binance-spot.BTCUSDT.orderbook.depth-speed
[2026-07-27T23:04:52.527Z] [INFO] Processor enabled → binance-spot.BTCUSDT.orderbook.depth-speed
[2026-07-27T23:04:52.527Z] [INFO] Enabling module: binance-spot.BTCUSDT.orderbook.depth-levels
[2026-07-27T23:04:52.527Z] [SUCCESS] Processor loaded (no routing) → binance-spot.BTCUSDT.orderbook.depth-levels
[2026-07-27T23:04:52.528Z] [INFO] Processor enabled → binance-spot.BTCUSDT.orderbook.depth-levels
[2026-07-27T23:04:52.528Z] [INFO] Enabling module: binance-spot.BTCUSDT.orderbook.depth-liquidity
[2026-07-27T23:04:52.528Z] [SUCCESS] Processor loaded (no routing) → binance-spot.BTCUSDT.orderbook.depth-liquidity
[2026-07-27T23:04:52.529Z] [INFO] Processor enabled → binance-spot.BTCUSDT.orderbook.depth-liquidity
[2026-07-27T23:04:52.529Z] [INFO] Enabling module: binance-spot.BTCUSDT.orderbook.depth-heatmap
[2026-07-27T23:04:52.530Z] [SUCCESS] Processor loaded (no routing) → binance-spot.BTCUSDT.orderbook.depth-heatmap
[2026-07-27T23:04:52.530Z] [INFO] Processor enabled → binance-spot.BTCUSDT.orderbook.depth-heatmap
[2026-07-27T23:04:52.530Z] [INFO] Enabling module: binance-spot.BTCUSDT.orderbook.depth-imbalance
[2026-07-27T23:04:52.531Z] [SUCCESS] Processor loaded (no routing) → binance-spot.BTCUSDT.orderbook.depth-imbalance
[2026-07-27T23:04:52.531Z] [INFO] Processor enabled → binance-spot.BTCUSDT.orderbook.depth-imbalance
[2026-07-27T23:04:52.531Z] [INFO] Enabling module: binance-spot.BTCUSDT.orderbook.depth-pressure
[2026-07-27T23:04:52.532Z] [SUCCESS] Processor loaded (no routing) → binance-spot.BTCUSDT.orderbook.depth-pressure
[2026-07-27T23:04:52.532Z] [INFO] Processor enabled → binance-spot.BTCUSDT.orderbook.depth-pressure
[2026-07-27T23:04:52.532Z] [INFO] Enabling module: binance-spot.BTCUSDT.orderbook.depth-absorption
[2026-07-27T23:04:52.532Z] [SUCCESS] Processor loaded (no routing) → binance-spot.BTCUSDT.orderbook.depth-absorption
[2026-07-27T23:04:52.532Z] [INFO] Processor enabled → binance-spot.BTCUSDT.orderbook.depth-absorption
[2026-08-04T11:40:16.371Z] [INFO] Orchestrator starting...
[2026-08-04T11:40:16.380Z] [INFO] SymbolEngine initialized.
[2026-08-04T11:40:16.380Z] [INFO] BackoffEngine initialized.
[2026-08-04T11:40:16.380Z] [INFO] KillSwitchEngine initialized.
[2026-08-04T11:40:16.380Z] [INFO] ModuleManager initialized.
[2026-08-04T11:40:16.380Z] [INFO] StateManager initialized.
[2026-08-04T11:40:16.381Z] [SUCCESS] Orchestrator fully initialized.
[2026-08-04T11:40:16.381Z] [INFO] Enabling collector → binance_spot.BTCUSDT
[2026-08-04T11:40:16.383Z] [ERROR] CollectorLoader error → binance_spot: Cannot find module '../../collector/realtime/spot/exchanges/binance-spot.cjs'
Require stack:
- /root/TraderBOT/orchestrator/utils/collector-loader.cjs
- /root/TraderBOT/orchestrator/utils/module-manager.cjs
- /root/TraderBOT/orchestrator/core/orchestrator.cjs
- /root/TraderBOT/run.cjs
[2026-08-04T11:40:16.384Z] [SUCCESS] Collector enabled → binance_spot.BTCUSDT
[2026-08-04T11:40:16.384Z] [INFO] Collector enabled → binance_spot.BTCUSDT
[2026-08-04T11:40:16.384Z] [INFO] Enabling collector → binance_spot.ETHUSDT
[2026-08-04T11:40:16.384Z] [ERROR] CollectorLoader error → binance_spot: Cannot find module '../../collector/realtime/spot/exchanges/binance-spot.cjs'
Require stack:
- /root/TraderBOT/orchestrator/utils/collector-loader.cjs
- /root/TraderBOT/orchestrator/utils/module-manager.cjs
- /root/TraderBOT/orchestrator/core/orchestrator.cjs
- /root/TraderBOT/run.cjs
[2026-08-04T11:40:16.384Z] [SUCCESS] Collector enabled → binance_spot.ETHUSDT
[2026-08-04T11:40:16.384Z] [INFO] Collector enabled → binance_spot.ETHUSDT
[2026-08-04T11:55:58.351Z] [INFO] Orchestrator starting...
[2026-08-04T11:55:58.365Z] [INFO] SymbolEngine initialized.
[2026-08-04T11:55:58.366Z] [INFO] BackoffEngine initialized.
[2026-08-04T11:55:58.367Z] [INFO] KillSwitchEngine initialized.
[2026-08-04T11:55:58.368Z] [INFO] ModuleManager initialized.
[2026-08-04T11:55:58.368Z] [INFO] StateManager initialized.
[2026-08-04T11:55:58.369Z] [SUCCESS] Orchestrator fully initialized.
[2026-08-04T11:55:58.369Z] [INFO] Enabling collector → BTCUSDT.binance_spot
[2026-08-04T11:55:58.373Z] [ERROR] CollectorLoader error → BTCUSDT.undefined: CollectorClass is not a constructor
[2026-08-04T11:55:58.374Z] [SUCCESS] Collector enabled → BTCUSDT.binance_spot
[2026-08-04T11:55:58.374Z] [INFO] Collector enabled → BTCUSDT.binance_spot
[2026-08-04T11:55:58.375Z] [INFO] Enabling collector → ETHUSDT.binance_spot
[2026-08-04T11:55:58.375Z] [ERROR] CollectorLoader error → ETHUSDT.undefined: CollectorClass is not a constructor
[2026-08-04T11:55:58.376Z] [SUCCESS] Collector enabled → ETHUSDT.binance_spot
[2026-08-04T11:55:58.376Z] [INFO] Collector enabled → ETHUSDT.binance_spot
[2026-08-04T12:02:11.525Z] [INFO] Orchestrator starting...
[2026-08-04T12:02:11.540Z] [INFO] SymbolEngine initialized.
[2026-08-04T12:02:11.542Z] [INFO] BackoffEngine initialized.
[2026-08-04T12:02:11.543Z] [INFO] KillSwitchEngine initialized.
[2026-08-04T12:02:11.544Z] [INFO] ModuleManager initialized.
[2026-08-04T12:02:11.545Z] [INFO] StateManager initialized.
[2026-08-04T12:02:11.547Z] [SUCCESS] Orchestrator fully initialized.
[2026-08-04T12:02:11.548Z] [INFO] Enabling collector → BTCUSDT.binance_spot
[2026-08-04T12:02:11.550Z] [ERROR] CollectorLoader error → BTCUSDT.binance_spot: CollectorClass is not a constructor
[2026-08-04T12:02:11.551Z] [SUCCESS] Collector enabled → BTCUSDT.binance_spot
[2026-08-04T12:02:11.551Z] [INFO] Collector enabled → BTCUSDT.binance_spot
[2026-08-04T12:02:11.552Z] [INFO] Enabling collector → ETHUSDT.binance_spot
[2026-08-04T12:02:11.552Z] [ERROR] CollectorLoader error → ETHUSDT.binance_spot: CollectorClass is not a constructor
[2026-08-04T12:02:11.553Z] [SUCCESS] Collector enabled → ETHUSDT.binance_spot
[2026-08-04T12:02:11.554Z] [INFO] Collector enabled → ETHUSDT.binance_spot
[2026-08-04T12:05:45.737Z] [INFO] Orchestrator starting...
[2026-08-04T12:05:45.747Z] [INFO] SymbolEngine initialized.
[2026-08-04T12:05:45.748Z] [INFO] BackoffEngine initialized.
[2026-08-04T12:05:45.748Z] [INFO] KillSwitchEngine initialized.
[2026-08-04T12:05:45.748Z] [INFO] ModuleManager initialized.
[2026-08-04T12:05:45.749Z] [INFO] StateManager initialized.
[2026-08-04T12:05:45.749Z] [SUCCESS] Orchestrator fully initialized.
[2026-08-04T12:05:45.749Z] [INFO] Enabling collector → BTCUSDT.binance_spot
[2026-08-04T12:05:45.776Z] [INFO] Connecting WS → wss://stream.binance.com:9443/ws/btcusdt@trade
[2026-08-04T12:05:45.814Z] [SUCCESS] Collector started → BTCUSDT.binance_spot
[2026-08-04T12:05:45.815Z] [SUCCESS] Collector enabled → BTCUSDT.binance_spot
[2026-08-04T12:05:45.815Z] [INFO] Collector enabled → BTCUSDT.binance_spot
[2026-08-04T12:05:45.815Z] [INFO] Enabling collector → ETHUSDT.binance_spot
[2026-08-04T12:05:45.815Z] [INFO] Connecting WS → wss://stream.binance.com:9443/ws/ethusdt@trade
[2026-08-04T12:05:45.816Z] [SUCCESS] Collector started → ETHUSDT.binance_spot
[2026-08-04T12:05:45.816Z] [SUCCESS] Collector enabled → ETHUSDT.binance_spot
[2026-08-04T12:05:45.816Z] [INFO] Collector enabled → ETHUSDT.binance_spot
[2026-08-04T12:05:46.518Z] [SUCCESS] WS Connected → Binance Spot (ETHUSDT)
[2026-08-04T12:05:46.520Z] [SUCCESS] WS Connected → Binance Spot (BTCUSDT)
[2026-08-04T12:05:46.596Z] [ERROR] WS Message Error → this.router.emit is not a function
[2026-08-04T12:05:46.693Z] [ERROR] WS Message Error → this.router.emit is not a function
[2026-08-04T12:05:47.012Z] [ERROR] WS Message Error → this.router.emit is not a function
[2026-08-04T12:05:47.031Z] [ERROR] WS Message Error → this.router.emit is not a function
[2026-08-04T12:05:47.488Z] [ERROR] WS Message Error → this.router.emit is not a function
[2026-08-04T12:05:48.058Z] [ERROR] WS Message Error → this.router.emit is not a function
[2026-08-04T12:05:48.349Z] [ERROR] WS Message Error → this.router.emit is not a function
[2026-08-04T12:05:48.405Z] [ERROR] WS Message Error → this.router.emit is not a function
[2026-08-04T12:05:48.764Z] [ERROR] WS Message Error → this.router.emit is not a function
[2026-08-04T12:05:49.045Z] [ERROR] WS Message Error → this.router.emit is not a function
[2026-08-04T12:05:49.405Z] [ERROR] WS Message Error → this.router.emit is not a function
[2026-08-04T12:05:49.702Z] [ERROR] WS Message Error → this.router.emit is not a function
[2026-08-04T12:05:49.984Z] [ERROR] WS Message Error → this.router.emit is not a function
[2026-08-04T12:05:50.145Z] [ERROR] WS Message Error → this.router.emit is not a function
[2026-08-04T12:05:50.277Z] [ERROR] WS Message Error → this.router.emit is not a function
[2026-08-04T12:05:50.404Z] [ERROR] WS Message Error → this.router.emit is not a function
[2026-08-04T12:05:50.656Z] [ERROR] WS Message Error → this.router.emit is not a function
[2026-08-04T12:07:22.197Z] [INFO] Orchestrator starting...
[2026-08-04T12:07:22.198Z] [INFO] SymbolEngine initialized.
[2026-08-04T12:07:22.198Z] [INFO] BackoffEngine initialized.
[2026-08-04T12:07:22.199Z] [INFO] KillSwitchEngine initialized.
[2026-08-04T12:07:22.199Z] [INFO] ModuleManager initialized.
[2026-08-04T12:07:22.199Z] [INFO] StateManager initialized.
[2026-08-04T12:07:22.200Z] [SUCCESS] Orchestrator fully initialized.
[2026-08-04T12:07:22.200Z] [INFO] Enabling collector → BTCUSDT.binance_spot
[2026-08-04T12:07:22.222Z] [INFO] Connecting WS → wss://stream.binance.com:9443/ws/btcusdt@trade
[2026-08-04T12:07:22.257Z] [SUCCESS] Collector started → BTCUSDT.binance_spot
[2026-08-04T12:07:22.257Z] [SUCCESS] Collector enabled → BTCUSDT.binance_spot
[2026-08-04T12:07:22.258Z] [INFO] Collector enabled → BTCUSDT.binance_spot
[2026-08-04T12:07:22.258Z] [INFO] Enabling collector → ETHUSDT.binance_spot
[2026-08-04T12:07:22.258Z] [INFO] Connecting WS → wss://stream.binance.com:9443/ws/ethusdt@trade
[2026-08-04T12:07:22.259Z] [SUCCESS] Collector started → ETHUSDT.binance_spot
[2026-08-04T12:07:22.259Z] [SUCCESS] Collector enabled → ETHUSDT.binance_spot
[2026-08-04T12:07:22.260Z] [INFO] Collector enabled → ETHUSDT.binance_spot
[2026-08-04T12:07:22.973Z] [SUCCESS] WS Connected → Binance Spot (ETHUSDT)
[2026-08-04T12:07:22.974Z] [SUCCESS] WS Connected → Binance Spot (BTCUSDT)
[2026-08-04T12:15:14.167Z] [INFO] Orchestrator starting...
[2026-08-04T12:15:14.179Z] [INFO] SymbolEngine initialized.
[2026-08-04T12:15:14.181Z] [INFO] BackoffEngine initialized.
[2026-08-04T12:15:14.181Z] [INFO] KillSwitchEngine initialized.
[2026-08-04T12:15:14.181Z] [INFO] ModuleManager initialized.
[2026-08-04T12:15:14.181Z] [INFO] StateManager initialized.
[2026-08-04T12:15:14.182Z] [SUCCESS] Orchestrator fully initialized.
[2026-08-04T12:15:14.182Z] [INFO] Enabling collector → BTCUSDT.binance_spot
[2026-08-04T12:15:14.221Z] [INFO] Connecting WS → wss://stream.binance.com:9443/ws/btcusdt@trade
[2026-08-04T12:15:14.260Z] [SUCCESS] Collector started → BTCUSDT.binance_spot
[2026-08-04T12:15:14.260Z] [SUCCESS] Collector enabled → BTCUSDT.binance_spot
[2026-08-04T12:15:14.261Z] [INFO] Collector enabled → BTCUSDT.binance_spot
[2026-08-04T12:15:14.261Z] [INFO] Enabling collector → ETHUSDT.binance_spot
[2026-08-04T12:15:14.261Z] [INFO] Connecting WS → wss://stream.binance.com:9443/ws/ethusdt@trade
[2026-08-04T12:15:14.262Z] [SUCCESS] Collector started → ETHUSDT.binance_spot
[2026-08-04T12:15:14.263Z] [SUCCESS] Collector enabled → ETHUSDT.binance_spot
[2026-08-04T12:15:14.263Z] [INFO] Collector enabled → ETHUSDT.binance_spot
[2026-08-04T12:15:14.965Z] [SUCCESS] WS Connected → Binance Spot (BTCUSDT)
[2026-08-04T12:15:15.213Z] [SUCCESS] WS Connected → Binance Spot (ETHUSDT)
[2026-08-04T12:18:21.219Z] [INFO] Orchestrator starting...
[2026-08-04T12:18:21.228Z] [INFO] SymbolEngine initialized.
[2026-08-04T12:18:21.229Z] [INFO] BackoffEngine initialized.
[2026-08-04T12:18:21.229Z] [INFO] KillSwitchEngine initialized.
[2026-08-04T12:18:21.229Z] [INFO] ModuleManager initialized.
[2026-08-04T12:18:21.229Z] [INFO] StateManager initialized.
[2026-08-04T12:18:21.230Z] [SUCCESS] Orchestrator fully initialized.
[2026-08-04T12:18:21.230Z] [INFO] Enabling collector → BTCUSDT.binance_spot
[2026-08-04T12:18:21.262Z] [INFO] Connecting WS → wss://stream.binance.com:9443/ws/btcusdt@trade
[2026-08-04T12:18:21.298Z] [SUCCESS] Collector started → BTCUSDT.binance_spot
[2026-08-04T12:18:21.298Z] [SUCCESS] Collector enabled → BTCUSDT.binance_spot
[2026-08-04T12:18:21.299Z] [INFO] Collector enabled → BTCUSDT.binance_spot
[2026-08-04T12:18:21.299Z] [INFO] Enabling collector → ETHUSDT.binance_spot
[2026-08-04T12:18:21.299Z] [INFO] Connecting WS → wss://stream.binance.com:9443/ws/ethusdt@trade
[2026-08-04T12:18:21.300Z] [SUCCESS] Collector started → ETHUSDT.binance_spot
[2026-08-04T12:18:21.301Z] [SUCCESS] Collector enabled → ETHUSDT.binance_spot
[2026-08-04T12:18:21.301Z] [INFO] Collector enabled → ETHUSDT.binance_spot
[2026-08-04T12:18:21.302Z] [SUCCESS] TradeLogger processor enabled → BTCUSDT
[2026-08-04T12:18:21.304Z] [SUCCESS] TradeLogger processor enabled → ETHUSDT
[2026-08-04T12:18:22.008Z] [SUCCESS] WS Connected → Binance Spot (BTCUSDT)
[2026-08-04T12:18:22.138Z] [INFO] TRADE → BTCUSDT | price=63814.27000000 | qty=0.00031000 | ts=1785845902019
[2026-08-04T12:18:22.182Z] [INFO] TRADE → BTCUSDT | price=63814.28000000 | qty=0.02600000 | ts=1785845902067
[2026-08-04T12:18:22.183Z] [INFO] TRADE → BTCUSDT | price=63814.28000000 | qty=0.01200000 | ts=1785845902067
[2026-08-04T12:18:22.184Z] [INFO] TRADE → BTCUSDT | price=63814.28000000 | qty=0.01000000 | ts=1785845902067
[2026-08-04T12:18:22.184Z] [INFO] TRADE → BTCUSDT | price=63814.28000000 | qty=0.02600000 | ts=1785845902067
[2026-08-04T12:18:22.184Z] [INFO] TRADE → BTCUSDT | price=63814.28000000 | qty=0.01000000 | ts=1785845902067
[2026-08-04T12:18:22.185Z] [INFO] TRADE → BTCUSDT | price=63814.28000000 | qty=0.01000000 | ts=1785845902068
[2026-08-04T12:18:22.185Z] [INFO] TRADE → BTCUSDT | price=63814.28000000 | qty=0.00529000 | ts=1785845902068
[2026-08-04T12:18:22.186Z] [INFO] TRADE → BTCUSDT | price=63814.28000000 | qty=0.00008000 | ts=1785845902068
[2026-08-04T12:18:22.186Z] [INFO] TRADE → BTCUSDT | price=63814.28000000 | qty=0.00463000 | ts=1785845902068
[2026-08-04T12:18:22.187Z] [INFO] TRADE → BTCUSDT | price=63814.28000000 | qty=0.01000000 | ts=1785845902068
[2026-08-04T12:18:22.187Z] [INFO] TRADE → BTCUSDT | price=63814.28000000 | qty=0.01000000 | ts=1785845902068
[2026-08-04T12:18:22.187Z] [INFO] TRADE → BTCUSDT | price=63814.28000000 | qty=0.01000000 | ts=1785845902069
[2026-08-04T12:18:22.503Z] [SUCCESS] WS Connected → Binance Spot (ETHUSDT)
[2026-08-04T12:18:22.516Z] [INFO] TRADE → BTCUSDT | price=63814.28000000 | qty=0.00033000 | ts=1785845902402
[2026-08-04T12:18:23.503Z] [INFO] TRADE → ETHUSDT | price=1868.83000000 | qty=3.27710000 | ts=1785845903384
[2026-08-04T12:18:23.504Z] [INFO] TRADE → ETHUSDT | price=1868.83000000 | qty=7.26890000 | ts=1785845903384
[2026-08-04T12:18:23.504Z] [INFO] TRADE → ETHUSDT | price=1868.83000000 | qty=1.39060000 | ts=1785845903384
[2026-08-04T12:18:23.505Z] [INFO] TRADE → ETHUSDT | price=1868.83000000 | qty=0.00280000 | ts=1785845903384
[2026-08-04T12:18:23.505Z] [INFO] TRADE → ETHUSDT | price=1868.83000000 | qty=0.00270000 | ts=1785845903384
[2026-08-04T12:18:23.505Z] [INFO] TRADE → ETHUSDT | price=1868.83000000 | qty=0.00270000 | ts=1785845903384
[2026-08-04T12:18:23.506Z] [INFO] TRADE → ETHUSDT | price=1868.83000000 | qty=0.00540000 | ts=1785845903384
[2026-08-04T12:18:23.506Z] [INFO] TRADE → ETHUSDT | price=1868.83000000 | qty=0.00270000 | ts=1785845903384
[2026-08-04T12:18:23.506Z] [INFO] TRADE → ETHUSDT | price=1868.83000000 | qty=0.00270000 | ts=1785845903384
[2026-08-04T12:18:23.507Z] [INFO] TRADE → ETHUSDT | price=1868.83000000 | qty=0.00270000 | ts=1785845903384
[2026-08-04T12:18:23.507Z] [INFO] TRADE → BTCUSDT | price=63814.28000000 | qty=0.00009000 | ts=1785845903389
[2026-08-04T12:18:23.507Z] [INFO] TRADE → ETHUSDT | price=1868.83000000 | qty=1.37000000 | ts=1785845903384
[2026-08-04T12:18:23.507Z] [INFO] TRADE → BTCUSDT | price=63814.28000000 | qty=0.00009000 | ts=1785845903389
[2026-08-04T12:18:23.507Z] [INFO] TRADE → BTCUSDT | price=63814.28000000 | qty=0.00063000 | ts=1785845903389
[2026-08-04T12:18:23.508Z] [INFO] TRADE → ETHUSDT | price=1868.83000000 | qty=0.00270000 | ts=1785845903384
[2026-08-04T12:18:23.508Z] [INFO] TRADE → BTCUSDT | price=63814.28000000 | qty=0.00008000 | ts=1785845903389
[2026-08-04T12:18:23.508Z] [INFO] TRADE → ETHUSDT | price=1868.83000000 | qty=0.05330000 | ts=1785845903384
[2026-08-04T12:18:23.508Z] [INFO] TRADE → BTCUSDT | price=63814.28000000 | qty=0.00009000 | ts=1785845903389
[2026-08-04T12:18:23.508Z] [INFO] TRADE → ETHUSDT | price=1868.83000000 | qty=0.00270000 | ts=1785845903384
[2026-08-04T12:18:23.509Z] [INFO] TRADE → BTCUSDT | price=63814.28000000 | qty=0.00009000 | ts=1785845903389
[2026-08-04T12:18:23.509Z] [INFO] TRADE → ETHUSDT | price=1868.83000000 | qty=0.54420000 | ts=1785845903384
[2026-08-04T12:18:23.509Z] [INFO] TRADE → BTCUSDT | price=63814.28000000 | qty=0.00009000 | ts=1785845903389
[2026-08-04T12:18:23.509Z] [INFO] TRADE → ETHUSDT | price=1868.83000000 | qty=1.08550000 | ts=1785845903384
[2026-08-04T12:18:23.510Z] [INFO] TRADE → BTCUSDT | price=63814.28000000 | qty=0.00009000 | ts=1785845903389
[2026-08-04T12:18:23.510Z] [INFO] TRADE → ETHUSDT | price=1868.83000000 | qty=0.00320000 | ts=1785845903384
[2026-08-04T12:18:23.510Z] [INFO] TRADE → BTCUSDT | price=63814.28000000 | qty=0.00009000 | ts=1785845903389
[2026-08-04T12:18:23.510Z] [INFO] TRADE → ETHUSDT | price=1868.83000000 | qty=0.00290000 | ts=1785845903384
[2026-08-04T12:18:23.511Z] [INFO] TRADE → BTCUSDT | price=63814.28000000 | qty=0.00009000 | ts=1785845903389
[2026-08-04T12:18:23.511Z] [INFO] TRADE → ETHUSDT | price=1868.83000000 | qty=0.00290000 | ts=1785845903384
[2026-08-04T12:18:23.511Z] [INFO] TRADE → ETHUSDT | price=1868.83000000 | qty=0.00320000 | ts=1785845903384
[2026-08-04T12:18:23.512Z] [INFO] TRADE → BTCUSDT | price=63814.28000000 | qty=0.00009000 | ts=1785845903389
[2026-08-04T12:18:23.512Z] [INFO] TRADE → ETHUSDT | price=1868.83000000 | qty=0.00280000 | ts=1785845903384
[2026-08-04T12:18:23.512Z] [INFO] TRADE → BTCUSDT | price=63814.28000000 | qty=0.00009000 | ts=1785845903389
[2026-08-04T12:18:23.513Z] [INFO] TRADE → ETHUSDT | price=1868.83000000 | qty=0.00280000 | ts=1785845903384
[2026-08-04T12:18:23.513Z] [INFO] TRADE → BTCUSDT | price=63814.28000000 | qty=0.00008000 | ts=1785845903389
[2026-08-04T12:18:23.513Z] [INFO] TRADE → ETHUSDT | price=1868.83000000 | qty=0.00400000 | ts=1785845903384
[2026-08-04T12:18:23.513Z] [INFO] TRADE → BTCUSDT | price=63814.28000000 | qty=0.00009000 | ts=1785845903389
[2026-08-04T12:18:23.514Z] [INFO] TRADE → ETHUSDT | price=1868.83000000 | qty=0.00950000 | ts=1785845903384
[2026-08-04T12:18:23.514Z] [INFO] TRADE → BTCUSDT | price=63814.28000000 | qty=0.00009000 | ts=1785845903389
[2026-08-04T12:18:23.514Z] [INFO] TRADE → ETHUSDT | price=1868.83000000 | qty=0.00280000 | ts=1785845903384
[2026-08-04T12:18:23.514Z] [INFO] TRADE → BTCUSDT | price=63814.28000000 | qty=0.00009000 | ts=1785845903389
[2026-08-04T12:18:23.514Z] [INFO] TRADE → ETHUSDT | price=1868.83000000 | qty=0.00270000 | ts=1785845903388
[2026-08-04T12:18:23.515Z] [INFO] TRADE → BTCUSDT | price=63814.28000000 | qty=0.00068000 | ts=1785845903389
[2026-08-04T12:18:23.515Z] [INFO] TRADE → ETHUSDT | price=1868.83000000 | qty=0.00270000 | ts=1785845903388
[2026-08-04T12:18:23.515Z] [INFO] TRADE → BTCUSDT | price=63814.28000000 | qty=0.00008000 | ts=1785845903389
[2026-08-04T12:18:23.515Z] [INFO] TRADE → ETHUSDT | price=1868.83000000 | qty=0.00270000 | ts=1785845903388
[2026-08-04T12:18:23.515Z] [INFO] TRADE → BTCUSDT | price=63814.28000000 | qty=0.01375000 | ts=1785845903389
[2026-08-04T12:18:23.516Z] [INFO] TRADE → ETHUSDT | price=1868.83000000 | qty=0.00290000 | ts=1785845903388
[2026-08-04T12:18:23.516Z] [INFO] TRADE → BTCUSDT | price=63814.28000000 | qty=0.00008000 | ts=1785845903389
[2026-08-04T12:18:23.516Z] [INFO] TRADE → ETHUSDT | price=1868.83000000 | qty=0.00280000 | ts=1785845903388
[2026-08-04T12:18:23.516Z] [INFO] TRADE → BTCUSDT | price=63814.28000000 | qty=0.00009000 | ts=1785845903389
[2026-08-04T12:18:23.516Z] [INFO] TRADE → BTCUSDT | price=63814.28000000 | qty=0.00008000 | ts=1785845903389
[2026-08-04T12:18:23.517Z] [INFO] TRADE → ETHUSDT | price=1868.83000000 | qty=0.00320000 | ts=1785845903388
[2026-08-04T12:18:23.517Z] [INFO] TRADE → BTCUSDT | price=63814.28000000 | qty=0.00009000 | ts=1785845903389
[2026-08-04T12:18:23.518Z] [INFO] TRADE → ETHUSDT | price=1868.83000000 | qty=0.00320000 | ts=1785845903388
[2026-08-04T12:18:23.518Z] [INFO] TRADE → BTCUSDT | price=63814.28000000 | qty=0.00008000 | ts=1785845903389
[2026-08-04T12:18:23.518Z] [INFO] TRADE → ETHUSDT | price=1868.83000000 | qty=0.00290000 | ts=1785845903388
[2026-08-04T12:18:23.519Z] [INFO] TRADE → BTCUSDT | price=63814.28000000 | qty=0.00008000 | ts=1785845903389
[2026-08-04T12:18:23.519Z] [INFO] TRADE → ETHUSDT | price=1868.83000000 | qty=0.00280000 | ts=1785845903388
[2026-08-04T12:18:23.520Z] [INFO] TRADE → BTCUSDT | price=63814.28000000 | qty=0.00009000 | ts=1785845903389
[2026-08-04T12:18:23.520Z] [INFO] TRADE → ETHUSDT | price=1868.83000000 | qty=0.00280000 | ts=1785845903388
[2026-08-04T12:18:23.520Z] [INFO] TRADE → BTCUSDT | price=63814.28000000 | qty=0.00009000 | ts=1785845903389
[2026-08-04T12:18:23.521Z] [INFO] TRADE → ETHUSDT | price=1868.83000000 | qty=0.00540000 | ts=1785845903388
[2026-08-04T12:18:23.521Z] [INFO] TRADE → BTCUSDT | price=63814.28000000 | qty=0.00016000 | ts=1785845903389
[2026-08-04T12:18:23.522Z] [INFO] TRADE → ETHUSDT | price=1868.83000000 | qty=0.00280000 | ts=1785845903388
[2026-08-04T12:18:23.522Z] [INFO] TRADE → BTCUSDT | price=63814.28000000 | qty=0.00048000 | ts=1785845903389
[2026-08-04T12:18:23.522Z] [INFO] TRADE → ETHUSDT | price=1868.83000000 | qty=0.00270000 | ts=1785845903388
[2026-08-04T12:18:23.522Z] [INFO] TRADE → BTCUSDT | price=63814.28000000 | qty=0.00009000 | ts=1785845903389
[2026-08-04T12:18:23.523Z] [INFO] TRADE → ETHUSDT | price=1868.83000000 | qty=0.00270000 | ts=1785845903388
[2026-08-04T12:18:23.523Z] [INFO] TRADE → BTCUSDT | price=63814.28000000 | qty=0.00009000 | ts=1785845903389
[2026-08-04T12:18:23.523Z] [INFO] TRADE → ETHUSDT | price=1868.83000000 | qty=0.00270000 | ts=1785845903388
[2026-08-04T12:18:23.524Z] [INFO] TRADE → BTCUSDT | price=63814.28000000 | qty=0.00009000 | ts=1785845903389
[2026-08-04T12:18:23.524Z] [INFO] TRADE → ETHUSDT | price=1868.83000000 | qty=0.00270000 | ts=1785845903388
[2026-08-04T12:18:23.524Z] [INFO] TRADE → BTCUSDT | price=63814.28000000 | qty=0.00009000 | ts=1785845903389
[2026-08-04T12:18:23.525Z] [INFO] TRADE → ETHUSDT | price=1868.83000000 | qty=0.00290000 | ts=1785845903388
[2026-08-04T12:18:23.525Z] [INFO] TRADE → BTCUSDT | price=63814.28000000 | qty=0.00009000 | ts=1785845903389
[2026-08-04T12:18:23.526Z] [INFO] TRADE → ETHUSDT | price=1868.83000000 | qty=0.00270000 | ts=1785845903388
[2026-08-04T12:18:23.526Z] [INFO] TRADE → BTCUSDT | price=63814.28000000 | qty=0.00009000 | ts=1785845903389
[2026-08-04T12:18:23.526Z] [INFO] TRADE → ETHUSDT | price=1868.83000000 | qty=0.00270000 | ts=1785845903388
[2026-08-04T12:18:23.527Z] [INFO] TRADE → BTCUSDT | price=63814.28000000 | qty=0.00009000 | ts=1785845903389
[2026-08-04T12:18:23.527Z] [INFO] TRADE → ETHUSDT | price=1868.83000000 | qty=0.00270000 | ts=1785845903388
[2026-08-04T12:18:23.527Z] [INFO] TRADE → BTCUSDT | price=63814.28000000 | qty=0.00017000 | ts=1785845903389
[2026-08-04T12:18:23.528Z] [INFO] TRADE → ETHUSDT | price=1868.83000000 | qty=0.00270000 | ts=1785845903388
[2026-08-04T12:18:23.528Z] [INFO] TRADE → BTCUSDT | price=63814.28000000 | qty=0.00008000 | ts=1785845903389
[2026-08-04T12:18:23.528Z] [INFO] TRADE → ETHUSDT | price=1868.83000000 | qty=0.00270000 | ts=1785845903388
[2026-08-04T12:18:23.529Z] [INFO] TRADE → BTCUSDT | price=63814.28000000 | qty=0.00008000 | ts=1785845903389
[2026-08-04T12:18:23.529Z] [INFO] TRADE → ETHUSDT | price=1868.83000000 | qty=0.00270000 | ts=1785845903388
[2026-08-04T12:18:23.530Z] [INFO] TRADE → BTCUSDT | price=63814.28000000 | qty=0.00008000 | ts=1785845903389
[2026-08-04T12:18:23.530Z] [INFO] TRADE → ETHUSDT | price=1868.84000000 | qty=0.00540000 | ts=1785845903389
[2026-08-04T12:18:23.530Z] [INFO] TRADE → BTCUSDT | price=63814.28000000 | qty=0.00008000 | ts=1785845903389
[2026-08-04T12:18:23.531Z] [INFO] TRADE → ETHUSDT | price=1868.84000000 | qty=0.00280000 | ts=1785845903389
[2026-08-04T12:18:23.531Z] [INFO] TRADE → BTCUSDT | price=63814.28000000 | qty=0.00008000 | ts=1785845903389
[2026-08-04T12:18:23.531Z] [INFO] TRADE → ETHUSDT | price=1868.84000000 | qty=0.00280000 | ts=1785845903389
[2026-08-04T12:18:23.531Z] [INFO] TRADE → BTCUSDT | price=63814.28000000 | qty=0.00008000 | ts=1785845903389
[2026-08-04T12:18:23.532Z] [INFO] TRADE → ETHUSDT | price=1868.84000000 | qty=0.00280000 | ts=1785845903389
[2026-08-04T12:18:23.532Z] [INFO] TRADE → BTCUSDT | price=63814.28000000 | qty=0.00008000 | ts=1785845903389
[2026-08-04T12:18:23.532Z] [INFO] TRADE → ETHUSDT | price=1868.84000000 | qty=2.45810000 | ts=1785845903389
[2026-08-04T12:18:23.533Z] [INFO] TRADE → BTCUSDT | price=63814.28000000 | qty=0.00008000 | ts=1785845903389
[2026-08-04T12:18:23.533Z] [INFO] TRADE → ETHUSDT | price=1868.84000000 | qty=1.58590000 | ts=1785845903389
[2026-08-04T12:18:23.533Z] [INFO] TRADE → BTCUSDT | price=63814.28000000 | qty=0.00008000 | ts=1785845903389
[2026-08-04T12:18:23.534Z] [INFO] TRADE → ETHUSDT | price=1868.85000000 | qty=0.00270000 | ts=1785845903389
[2026-08-04T12:18:23.534Z] [INFO] TRADE → BTCUSDT | price=63814.28000000 | qty=0.00008000 | ts=1785845903389
[2026-08-04T12:18:23.534Z] [INFO] TRADE → ETHUSDT | price=1868.85000000 | qty=0.00540000 | ts=1785845903389
[2026-08-04T12:18:23.535Z] [INFO] TRADE → BTCUSDT | price=63814.28000000 | qty=0.00008000 | ts=1785845903389
[2026-08-04T12:18:23.535Z] [INFO] TRADE → ETHUSDT | price=1868.85000000 | qty=0.00330000 | ts=1785845903389
[2026-08-04T12:18:23.535Z] [INFO] TRADE → BTCUSDT | price=63814.28000000 | qty=0.00008000 | ts=1785845903389
[2026-08-04T12:18:23.535Z] [INFO] TRADE → ETHUSDT | price=1868.88000000 | qty=0.00290000 | ts=1785845903390
[2026-08-04T12:18:23.536Z] [INFO] TRADE → BTCUSDT | price=63814.28000000 | qty=0.00008000 | ts=1785845903389
[2026-08-04T12:18:23.536Z] [INFO] TRADE → ETHUSDT | price=1868.88000000 | qty=0.00290000 | ts=1785845903390
[2026-08-04T12:18:23.537Z] [INFO] TRADE → BTCUSDT | price=63814.28000000 | qty=0.00008000 | ts=1785845903389
[2026-08-04T12:18:23.537Z] [INFO] TRADE → ETHUSDT | price=1868.88000000 | qty=0.03830000 | ts=1785845903390
[2026-08-04T12:18:23.537Z] [INFO] TRADE → BTCUSDT | price=63814.28000000 | qty=0.00008000 | ts=1785845903389
[2026-08-04T12:18:23.538Z] [INFO] TRADE → ETHUSDT | price=1868.88000000 | qty=0.00290000 | ts=1785845903390
[2026-08-04T12:18:23.538Z] [INFO] TRADE → BTCUSDT | price=63814.28000000 | qty=0.00008000 | ts=1785845903389
[2026-08-04T12:18:23.538Z] [INFO] TRADE → ETHUSDT | price=1868.89000000 | qty=0.37850000 | ts=1785845903390
[2026-08-04T12:18:23.539Z] [INFO] TRADE → BTCUSDT | price=63814.28000000 | qty=0.00008000 | ts=1785845903389
[2026-08-04T12:18:23.539Z] [INFO] TRADE → ETHUSDT | price=1868.89000000 | qty=0.54200000 | ts=1785845903390
[2026-08-04T12:18:23.539Z] [INFO] TRADE → BTCUSDT | price=63814.28000000 | qty=0.00008000 | ts=1785845903389
[2026-08-04T12:18:23.540Z] [INFO] TRADE → ETHUSDT | price=1868.89000000 | qty=0.04740000 | ts=1785845903390
[2026-08-04T12:18:23.540Z] [INFO] TRADE → BTCUSDT | price=63814.28000000 | qty=0.00008000 | ts=1785845903389
[2026-08-04T12:18:23.540Z] [INFO] TRADE → ETHUSDT | price=1868.89000000 | qty=0.00270000 | ts=1785845903390
[2026-08-04T12:18:23.540Z] [INFO] TRADE → BTCUSDT | price=63814.28000000 | qty=0.00008000 | ts=1785845903389
[2026-08-04T12:18:23.541Z] [INFO] TRADE → ETHUSDT | price=1868.89000000 | qty=0.54150000 | ts=1785845903390
[2026-08-04T12:18:23.541Z] [INFO] TRADE → BTCUSDT | price=63814.29000000 | qty=0.00009000 | ts=1785845903389
[2026-08-04T12:18:23.541Z] [INFO] TRADE → ETHUSDT | price=1868.89000000 | qty=0.00270000 | ts=1785845903390
[2026-08-04T12:18:23.542Z] [INFO] TRADE → BTCUSDT | price=63814.29000000 | qty=0.00009000 | ts=1785845903389
[2026-08-04T12:18:23.542Z] [INFO] TRADE → ETHUSDT | price=1868.89000000 | qty=0.00270000 | ts=1785845903390
[2026-08-04T12:18:23.542Z] [INFO] TRADE → BTCUSDT | price=63814.29000000 | qty=0.00009000 | ts=1785845903389
[2026-08-04T12:18:23.543Z] [INFO] TRADE → ETHUSDT | price=1868.90000000 | qty=0.00270000 | ts=1785845903390
[2026-08-04T12:18:23.543Z] [INFO] TRADE → BTCUSDT | price=63814.29000000 | qty=0.00009000 | ts=1785845903389
[2026-08-04T12:18:23.543Z] [INFO] TRADE → ETHUSDT | price=1868.90000000 | qty=0.00270000 | ts=1785845903390
[2026-08-04T12:18:23.544Z] [INFO] TRADE → BTCUSDT | price=63814.29000000 | qty=0.00009000 | ts=1785845903389
[2026-08-04T12:18:23.544Z] [INFO] TRADE → ETHUSDT | price=1868.90000000 | qty=0.00270000 | ts=1785845903390
[2026-08-04T12:18:23.544Z] [INFO] TRADE → BTCUSDT | price=63814.29000000 | qty=0.00009000 | ts=1785845903389
[2026-08-04T12:18:23.545Z] [INFO] TRADE → ETHUSDT | price=1868.90000000 | qty=0.00270000 | ts=1785845903390
[2026-08-04T12:18:23.545Z] [INFO] TRADE → BTCUSDT | price=63814.29000000 | qty=0.00009000 | ts=1785845903389
[2026-08-04T12:18:23.545Z] [INFO] TRADE → ETHUSDT | price=1868.90000000 | qty=0.00270000 | ts=1785845903390
[2026-08-04T12:18:23.546Z] [INFO] TRADE → BTCUSDT | price=63814.29000000 | qty=0.00009000 | ts=1785845903389
[2026-08-04T12:18:23.547Z] [INFO] TRADE → ETHUSDT | price=1868.91000000 | qty=0.00270000 | ts=1785845903390
[2026-08-04T12:18:23.547Z] [INFO] TRADE → BTCUSDT | price=63814.29000000 | qty=0.00009000 | ts=1785845903389
[2026-08-04T12:18:23.548Z] [INFO] TRADE → ETHUSDT | price=1868.91000000 | qty=0.00270000 | ts=1785845903390
[2026-08-04T12:18:23.548Z] [INFO] TRADE → BTCUSDT | price=63814.29000000 | qty=0.00009000 | ts=1785845903389
[2026-08-04T12:18:23.549Z] [INFO] TRADE → ETHUSDT | price=1868.91000000 | qty=0.00270000 | ts=1785845903390
[2026-08-04T12:18:23.550Z] [INFO] TRADE → BTCUSDT | price=63814.29000000 | qty=0.00009000 | ts=1785845903389
[2026-08-04T12:18:23.551Z] [INFO] TRADE → ETHUSDT | price=1868.91000000 | qty=0.00270000 | ts=1785845903390
[2026-08-04T12:18:23.551Z] [INFO] TRADE → BTCUSDT | price=63814.29000000 | qty=0.00016000 | ts=1785845903389
[2026-08-04T12:18:23.552Z] [INFO] TRADE → ETHUSDT | price=1868.91000000 | qty=0.00270000 | ts=1785845903390
[2026-08-04T12:18:23.552Z] [INFO] TRADE → BTCUSDT | price=63814.29000000 | qty=0.00009000 | ts=1785845903389
[2026-08-04T12:18:23.552Z] [INFO] TRADE → ETHUSDT | price=1868.91000000 | qty=0.00270000 | ts=1785845903390
[2026-08-04T12:18:23.553Z] [INFO] TRADE → BTCUSDT | price=63814.29000000 | qty=0.00009000 | ts=1785845903389
[2026-08-04T12:18:23.553Z] [INFO] TRADE → ETHUSDT | price=1868.92000000 | qty=0.00270000 | ts=1785845903392
[2026-08-04T12:18:23.553Z] [INFO] TRADE → BTCUSDT | price=63814.30000000 | qty=0.00016000 | ts=1785845903389
[2026-08-04T12:18:23.554Z] [INFO] TRADE → ETHUSDT | price=1868.92000000 | qty=0.00320000 | ts=1785845903392
[2026-08-04T12:18:23.554Z] [INFO] TRADE → BTCUSDT | price=63814.54000000 | qty=0.00008000 | ts=1785845903389
[2026-08-04T12:18:23.555Z] [INFO] TRADE → ETHUSDT | price=1868.92000000 | qty=0.00320000 | ts=1785845903392
[2026-08-04T12:18:23.555Z] [INFO] TRADE → BTCUSDT | price=63814.54000000 | qty=0.00008000 | ts=1785845903389
[2026-08-04T12:18:23.556Z] [INFO] TRADE → ETHUSDT | price=1868.92000000 | qty=0.00270000 | ts=1785845903392
[2026-08-04T12:18:23.556Z] [INFO] TRADE → BTCUSDT | price=63814.54000000 | qty=0.00008000 | ts=1785845903389
[2026-08-04T12:18:23.556Z] [INFO] TRADE → ETHUSDT | price=1868.92000000 | qty=0.00270000 | ts=1785845903392
[2026-08-04T12:18:23.557Z] [INFO] TRADE → BTCUSDT | price=63814.54000000 | qty=0.00008000 | ts=1785845903389
[2026-08-04T12:18:23.557Z] [INFO] TRADE → ETHUSDT | price=1868.92000000 | qty=0.00270000 | ts=1785845903392
[2026-08-04T12:18:23.557Z] [INFO] TRADE → BTCUSDT | price=63814.54000000 | qty=0.00008000 | ts=1785845903389
[2026-08-04T12:18:23.558Z] [INFO] TRADE → ETHUSDT | price=1868.92000000 | qty=0.00270000 | ts=1785845903392
[2026-08-04T12:18:23.558Z] [INFO] TRADE → BTCUSDT | price=63814.55000000 | qty=0.00037000 | ts=1785845903389
[2026-08-04T12:18:23.559Z] [INFO] TRADE → ETHUSDT | price=1868.93000000 | qty=0.00270000 | ts=1785845903392
[2026-08-04T12:18:23.559Z] [INFO] TRADE → BTCUSDT | price=63815.04000000 | qty=0.00009000 | ts=1785845903389
[2026-08-04T12:18:23.560Z] [INFO] TRADE → ETHUSDT | price=1868.93000000 | qty=0.00410000 | ts=1785845903392
[2026-08-04T12:18:23.560Z] [INFO] TRADE → BTCUSDT | price=63815.04000000 | qty=0.00009000 | ts=1785845903389
[2026-08-04T12:18:23.560Z] [INFO] TRADE → ETHUSDT | price=1868.93000000 | qty=0.00290000 | ts=1785845903392
[2026-08-04T12:18:23.561Z] [INFO] TRADE → BTCUSDT | price=63815.04000000 | qty=0.00009000 | ts=1785845903389
[2026-08-04T12:18:23.562Z] [INFO] TRADE → ETHUSDT | price=1868.93000000 | qty=0.00290000 | ts=1785845903392
[2026-08-04T12:18:23.563Z] [INFO] TRADE → BTCUSDT | price=63815.05000000 | qty=0.01000000 | ts=1785845903419
[2026-08-04T12:18:23.563Z] [INFO] TRADE → ETHUSDT | price=1868.93000000 | qty=0.00270000 | ts=1785845903392
[2026-08-04T12:18:23.563Z] [INFO] TRADE → BTCUSDT | price=63815.05000000 | qty=0.02600000 | ts=1785845903421
[2026-08-04T12:18:23.564Z] [INFO] TRADE → ETHUSDT | price=1868.93000000 | qty=0.00290000 | ts=1785845903392
[2026-08-04T12:18:23.564Z] [INFO] TRADE → BTCUSDT | price=63815.05000000 | qty=0.01000000 | ts=1785845903421
[2026-08-04T12:18:23.564Z] [INFO] TRADE → ETHUSDT | price=1868.93000000 | qty=0.00270000 | ts=1785845903392
[2026-08-04T12:18:23.564Z] [INFO] TRADE → BTCUSDT | price=63815.05000000 | qty=0.01200000 | ts=1785845903421
[2026-08-04T12:18:23.565Z] [INFO] TRADE → ETHUSDT | price=1868.93000000 | qty=0.00270000 | ts=1785845903392
[2026-08-04T12:18:23.565Z] [INFO] TRADE → BTCUSDT | price=63815.05000000 | qty=0.01000000 | ts=1785845903422
[2026-08-04T12:18:23.565Z] [INFO] TRADE → ETHUSDT | price=1868.93000000 | qty=0.00270000 | ts=1785845903392
[2026-08-04T12:18:23.565Z] [INFO] TRADE → BTCUSDT | price=63815.05000000 | qty=0.01000000 | ts=1785845903422
[2026-08-04T12:18:23.566Z] [INFO] TRADE → BTCUSDT | price=63815.05000000 | qty=0.02600000 | ts=1785845903422
[2026-08-04T12:18:23.566Z] [INFO] TRADE → BTCUSDT | price=63815.05000000 | qty=0.01000000 | ts=1785845903422
[2026-08-04T12:18:23.566Z] [INFO] TRADE → BTCUSDT | price=63815.05000000 | qty=0.02600000 | ts=1785845903423
[2026-08-04T12:18:23.567Z] [INFO] TRADE → BTCUSDT | price=63815.05000000 | qty=0.01000000 | ts=1785845903423
[2026-08-04T12:18:23.567Z] [INFO] TRADE → BTCUSDT | price=63815.05000000 | qty=0.01000000 | ts=1785845903423
[2026-08-04T12:18:23.568Z] [INFO] TRADE → BTCUSDT | price=63815.05000000 | qty=0.02283000 | ts=1785845903424
[2026-08-04T12:18:23.568Z] [INFO] TRADE → BTCUSDT | price=63815.05000000 | qty=0.00317000 | ts=1785845903424
[2026-08-04T12:18:23.568Z] [INFO] TRADE → BTCUSDT | price=63815.05000000 | qty=0.02600000 | ts=1785845903424
[2026-08-04T12:18:23.730Z] [INFO] TRADE → ETHUSDT | price=1868.94000000 | qty=0.00270000 | ts=1785845903448
[2026-08-04T12:18:23.731Z] [INFO] TRADE → ETHUSDT | price=1868.94000000 | qty=0.00330000 | ts=1785845903448
[2026-08-04T12:18:23.731Z] [INFO] TRADE → ETHUSDT | price=1868.94000000 | qty=0.00320000 | ts=1785845903448
[2026-08-04T12:18:23.731Z] [INFO] TRADE → ETHUSDT | price=1868.94000000 | qty=0.00270000 | ts=1785845903448
[2026-08-04T12:18:23.731Z] [INFO] TRADE → ETHUSDT | price=1868.94000000 | qty=0.00280000 | ts=1785845903448
[2026-08-04T12:18:23.732Z] [INFO] TRADE → ETHUSDT | price=1868.94000000 | qty=0.00280000 | ts=1785845903448
[2026-08-04T12:18:23.732Z] [INFO] TRADE → ETHUSDT | price=1868.94000000 | qty=0.00320000 | ts=1785845903448
[2026-08-04T12:18:23.732Z] [INFO] TRADE → ETHUSDT | price=1868.94000000 | qty=0.41400000 | ts=1785845903448
[2026-08-04T12:18:23.732Z] [INFO] TRADE → ETHUSDT | price=1868.94000000 | qty=0.00280000 | ts=1785845903448
[2026-08-04T12:18:23.732Z] [INFO] TRADE → ETHUSDT | price=1868.94000000 | qty=0.00280000 | ts=1785845903448
[2026-08-04T12:18:23.733Z] [INFO] TRADE → ETHUSDT | price=1868.94000000 | qty=0.00280000 | ts=1785845903448
[2026-08-04T12:18:23.733Z] [INFO] TRADE → ETHUSDT | price=1868.94000000 | qty=0.00270000 | ts=1785845903448
[2026-08-04T12:18:23.733Z] [INFO] TRADE → ETHUSDT | price=1868.94000000 | qty=0.00270000 | ts=1785845903448
[2026-08-04T12:18:23.733Z] [INFO] TRADE → ETHUSDT | price=1868.94000000 | qty=0.00270000 | ts=1785845903448
[2026-08-04T12:18:23.734Z] [INFO] TRADE → ETHUSDT | price=1868.94000000 | qty=0.00270000 | ts=1785845903448
[2026-08-04T12:18:23.734Z] [INFO] TRADE → ETHUSDT | price=1868.95000000 | qty=0.00270000 | ts=1785845903448
[2026-08-04T12:18:23.734Z] [INFO] TRADE → ETHUSDT | price=1868.95000000 | qty=0.00280000 | ts=1785845903448
[2026-08-04T12:18:23.734Z] [INFO] TRADE → ETHUSDT | price=1868.95000000 | qty=0.00280000 | ts=1785845903448
[2026-08-04T12:18:23.734Z] [INFO] TRADE → ETHUSDT | price=1868.95000000 | qty=0.00270000 | ts=1785845903448
[2026-08-04T12:18:23.735Z] [INFO] TRADE → ETHUSDT | price=1868.95000000 | qty=0.00270000 | ts=1785845903448
[2026-08-04T12:18:23.735Z] [INFO] TRADE → ETHUSDT | price=1868.95000000 | qty=0.00270000 | ts=1785845903448
[2026-08-04T12:18:23.735Z] [INFO] TRADE → ETHUSDT | price=1868.95000000 | qty=0.00270000 | ts=1785845903448
[2026-08-04T12:18:23.735Z] [INFO] TRADE → ETHUSDT | price=1868.96000000 | qty=0.00270000 | ts=1785845903448
[2026-08-04T12:18:23.735Z] [INFO] TRADE → ETHUSDT | price=1868.96000000 | qty=0.00270000 | ts=1785845903448
[2026-08-04T12:18:23.736Z] [INFO] TRADE → ETHUSDT | price=1868.96000000 | qty=0.00270000 | ts=1785845903448
[2026-08-04T12:18:23.736Z] [INFO] TRADE → BTCUSDT | price=63815.05000000 | qty=0.01000000 | ts=1785845903428
[2026-08-04T12:18:23.736Z] [INFO] TRADE → ETHUSDT | price=1868.96000000 | qty=0.00270000 | ts=1785845903448
[2026-08-04T12:18:23.736Z] [INFO] TRADE → BTCUSDT | price=63815.05000000 | qty=0.00300000 | ts=1785845903438
[2026-08-04T12:18:23.737Z] [INFO] TRADE → ETHUSDT | price=1868.96000000 | qty=0.00270000 | ts=1785845903448
[2026-08-04T12:18:23.737Z] [INFO] TRADE → BTCUSDT | price=63815.05000000 | qty=0.00300000 | ts=1785845903439
[2026-08-04T12:18:23.737Z] [INFO] TRADE → BTCUSDT | price=63815.05000000 | qty=0.00009000 | ts=1785845903453
[2026-08-04T12:18:23.737Z] [INFO] TRADE → ETHUSDT | price=1868.97000000 | qty=0.00270000 | ts=1785845903448
[2026-08-04T12:18:23.738Z] [INFO] TRADE → BTCUSDT | price=63815.05000000 | qty=0.00009000 | ts=1785845903453
[2026-08-04T12:18:23.738Z] [INFO] TRADE → ETHUSDT | price=1868.97000000 | qty=0.00270000 | ts=1785845903448
[2026-08-04T12:18:23.738Z] [INFO] TRADE → BTCUSDT | price=63815.05000000 | qty=0.00009000 | ts=1785845903453
[2026-08-04T12:18:23.738Z] [INFO] TRADE → ETHUSDT | price=1868.97000000 | qty=0.00270000 | ts=1785845903448
[2026-08-04T12:18:23.738Z] [INFO] TRADE → BTCUSDT | price=63815.05000000 | qty=0.00008000 | ts=1785845903453
[2026-08-04T12:18:23.738Z] [INFO] TRADE → ETHUSDT | price=1868.97000000 | qty=0.00270000 | ts=1785845903448
[2026-08-04T12:18:23.739Z] [INFO] TRADE → BTCUSDT | price=63815.05000000 | qty=0.00009000 | ts=1785845903453
[2026-08-04T12:18:23.739Z] [INFO] TRADE → ETHUSDT | price=1868.97000000 | qty=0.00270000 | ts=1785845903448
[2026-08-04T12:18:23.739Z] [INFO] TRADE → BTCUSDT | price=63815.05000000 | qty=0.00009000 | ts=1785845903453
[2026-08-04T12:18:23.739Z] [INFO] TRADE → ETHUSDT | price=1868.97000000 | qty=0.00270000 | ts=1785845903448
[2026-08-04T12:18:23.740Z] [INFO] TRADE → BTCUSDT | price=63815.05000000 | qty=0.00009000 | ts=1785845903453
[2026-08-04T12:18:23.740Z] [INFO] TRADE → ETHUSDT | price=1868.97000000 | qty=0.00270000 | ts=1785845903448
[2026-08-04T12:18:23.740Z] [INFO] TRADE → BTCUSDT | price=63815.05000000 | qty=0.00008000 | ts=1785845903453
[2026-08-04T12:18:23.740Z] [INFO] TRADE → ETHUSDT | price=1868.98000000 | qty=0.00270000 | ts=1785845903448
[2026-08-04T12:18:23.740Z] [INFO] TRADE → BTCUSDT | price=63815.05000000 | qty=0.00009000 | ts=1785845903453
[2026-08-04T12:18:23.740Z] [INFO] TRADE → ETHUSDT | price=1868.98000000 | qty=0.00270000 | ts=1785845903448
[2026-08-04T12:18:23.741Z] [INFO] TRADE → ETHUSDT | price=1868.98000000 | qty=0.00270000 | ts=1785845903448
[2026-08-04T12:18:23.741Z] [INFO] TRADE → BTCUSDT | price=63815.05000000 | qty=0.00009000 | ts=1785845903453
[2026-08-04T12:18:23.741Z] [INFO] TRADE → ETHUSDT | price=1868.98000000 | qty=0.00270000 | ts=1785845903448
[2026-08-04T12:18:23.741Z] [INFO] TRADE → BTCUSDT | price=63815.05000000 | qty=0.00058000 | ts=1785845903453
[2026-08-04T12:18:23.741Z] [INFO] TRADE → ETHUSDT | price=1868.98000000 | qty=0.00270000 | ts=1785845903448
[2026-08-04T12:18:23.742Z] [INFO] TRADE → BTCUSDT | price=63815.05000000 | qty=0.00008000 | ts=1785845903453
[2026-08-04T12:18:23.742Z] [INFO] TRADE → ETHUSDT | price=1868.99000000 | qty=0.00270000 | ts=1785845903448
[2026-08-04T12:18:23.742Z] [INFO] TRADE → BTCUSDT | price=63815.05000000 | qty=0.00009000 | ts=1785845903453
[2026-08-04T12:18:23.742Z] [INFO] TRADE → ETHUSDT | price=1868.99000000 | qty=0.00270000 | ts=1785845903448
[2026-08-04T12:18:23.743Z] [INFO] TRADE → BTCUSDT | price=63815.05000000 | qty=0.00009000 | ts=1785845903453
[2026-08-04T12:18:23.743Z] [INFO] TRADE → ETHUSDT | price=1868.99000000 | qty=0.00290000 | ts=1785845903448
[2026-08-04T12:18:23.743Z] [INFO] TRADE → BTCUSDT | price=63815.05000000 | qty=0.00009000 | ts=1785845903453
[2026-08-04T12:18:23.743Z] [INFO] TRADE → ETHUSDT | price=1868.99000000 | qty=0.00290000 | ts=1785845903448
[2026-08-04T12:18:23.743Z] [INFO] TRADE → BTCUSDT | price=63815.05000000 | qty=0.00009000 | ts=1785845903453
[2026-08-04T12:18:23.744Z] [INFO] TRADE → ETHUSDT | price=1868.99000000 | qty=0.00270000 | ts=1785845903448
[2026-08-04T12:18:23.744Z] [INFO] TRADE → BTCUSDT | price=63815.05000000 | qty=0.00009000 | ts=1785845903453
[2026-08-04T12:18:23.744Z] [INFO] TRADE → ETHUSDT | price=1868.99000000 | qty=0.00290000 | ts=1785845903448
[2026-08-04T12:18:23.744Z] [INFO] TRADE → BTCUSDT | price=63815.05000000 | qty=0.00009000 | ts=1785845903453
[2026-08-04T12:18:23.744Z] [INFO] TRADE → ETHUSDT | price=1868.99000000 | qty=0.00270000 | ts=1785845903448
[2026-08-04T12:18:23.745Z] [INFO] TRADE → BTCUSDT | price=63815.05000000 | qty=0.00009000 | ts=1785845903453
[2026-08-04T12:18:23.745Z] [INFO] TRADE → ETHUSDT | price=1868.99000000 | qty=0.00270000 | ts=1785845903448
[2026-08-04T12:18:23.745Z] [INFO] TRADE → BTCUSDT | price=63815.05000000 | qty=0.00009000 | ts=1785845903453
[2026-08-04T12:18:23.745Z] [INFO] TRADE → ETHUSDT | price=1868.99000000 | qty=0.00270000 | ts=1785845903448
[2026-08-04T12:18:23.745Z] [INFO] TRADE → BTCUSDT | price=63815.05000000 | qty=0.01190000 | ts=1785845903453
[2026-08-04T12:18:23.746Z] [INFO] TRADE → BTCUSDT | price=63815.05000000 | qty=0.00009000 | ts=1785845903453
[2026-08-04T12:18:23.746Z] [INFO] TRADE → BTCUSDT | price=63815.05000000 | qty=0.00009000 | ts=1785845903453
[2026-08-04T12:18:23.746Z] [INFO] TRADE → BTCUSDT | price=63815.05000000 | qty=0.00009000 | ts=1785845903453
[2026-08-04T12:18:23.747Z] [INFO] TRADE → BTCUSDT | price=63815.05000000 | qty=0.15890000 | ts=1785845903453
[2026-08-04T12:18:23.747Z] [INFO] TRADE → BTCUSDT | price=63815.05000000 | qty=0.00008000 | ts=1785845903453
[2026-08-04T12:18:23.748Z] [INFO] TRADE → BTCUSDT | price=63815.06000000 | qty=0.00008000 | ts=1785845903453
[2026-08-04T12:18:23.748Z] [INFO] TRADE → BTCUSDT | price=63815.06000000 | qty=0.00009000 | ts=1785845903453
[2026-08-04T12:18:23.748Z] [INFO] TRADE → BTCUSDT | price=63815.06000000 | qty=0.00009000 | ts=1785845903453
[2026-08-04T12:18:23.748Z] [INFO] TRADE → BTCUSDT | price=63815.06000000 | qty=0.00009000 | ts=1785845903453
[2026-08-04T12:18:23.749Z] [INFO] TRADE → BTCUSDT | price=63815.06000000 | qty=0.00009000 | ts=1785845903453
[2026-08-04T12:18:23.749Z] [INFO] TRADE → BTCUSDT | price=63815.06000000 | qty=0.00009000 | ts=1785845903453
[2026-08-04T12:18:23.749Z] [INFO] TRADE → BTCUSDT | price=63815.06000000 | qty=0.00009000 | ts=1785845903453
[2026-08-04T12:18:23.749Z] [INFO] TRADE → BTCUSDT | price=63815.06000000 | qty=0.00009000 | ts=1785845903453
[2026-08-04T12:18:23.750Z] [INFO] TRADE → BTCUSDT | price=63815.06000000 | qty=0.00009000 | ts=1785845903453
[2026-08-04T12:18:23.750Z] [INFO] TRADE → BTCUSDT | price=63815.06000000 | qty=0.00009000 | ts=1785845903453
[2026-08-04T12:18:23.750Z] [INFO] TRADE → BTCUSDT | price=63815.06000000 | qty=0.00008000 | ts=1785845903453
[2026-08-04T12:18:23.750Z] [INFO] TRADE → BTCUSDT | price=63815.22000000 | qty=0.00008000 | ts=1785845903453
[2026-08-04T12:18:23.750Z] [INFO] TRADE → BTCUSDT | price=63815.22000000 | qty=0.00008000 | ts=1785845903453
[2026-08-04T12:18:23.751Z] [INFO] TRADE → BTCUSDT | price=63815.22000000 | qty=0.00008000 | ts=1785845903453
[2026-08-04T12:18:23.751Z] [INFO] TRADE → BTCUSDT | price=63815.22000000 | qty=0.00008000 | ts=1785845903453
[2026-08-04T12:18:23.751Z] [INFO] TRADE → BTCUSDT | price=63815.22000000 | qty=0.00008000 | ts=1785845903453
[2026-08-04T12:18:23.751Z] [INFO] TRADE → BTCUSDT | price=63815.33000000 | qty=0.00008000 | ts=1785845903453
[2026-08-04T12:18:23.751Z] [INFO] TRADE → BTCUSDT | price=63815.85000000 | qty=0.00008000 | ts=1785845903453
[2026-08-04T12:18:23.752Z] [INFO] TRADE → BTCUSDT | price=63815.99000000 | qty=0.00009000 | ts=1785845903453
[2026-08-04T12:18:23.752Z] [INFO] TRADE → BTCUSDT | price=63815.99000000 | qty=0.00009000 | ts=1785845903453
[2026-08-04T12:18:23.752Z] [INFO] TRADE → BTCUSDT | price=63815.99000000 | qty=0.00009000 | ts=1785845903453
[2026-08-04T12:18:23.753Z] [INFO] TRADE → BTCUSDT | price=63816.00000000 | qty=0.00600000 | ts=1785845903453
[2026-08-04T12:18:23.754Z] [INFO] TRADE → BTCUSDT | price=63816.00000000 | qty=0.00500000 | ts=1785845903453
[2026-08-04T12:18:23.755Z] [INFO] TRADE → BTCUSDT | price=63816.00000000 | qty=0.00600000 | ts=1785845903453
[2026-08-04T12:18:23.756Z] [INFO] TRADE → BTCUSDT | price=63816.00000000 | qty=0.00800000 | ts=1785845903453
[2026-08-04T12:18:23.757Z] [INFO] TRADE → BTCUSDT | price=63816.00000000 | qty=0.00009000 | ts=1785845903453
[2026-08-04T12:18:23.757Z] [INFO] TRADE → BTCUSDT | price=63816.00000000 | qty=0.00009000 | ts=1785845903453
[2026-08-04T12:18:23.758Z] [INFO] TRADE → BTCUSDT | price=63816.24000000 | qty=0.00008000 | ts=1785845903453
[2026-08-04T12:18:23.759Z] [INFO] TRADE → BTCUSDT | price=63816.24000000 | qty=0.00008000 | ts=1785845903453
[2026-08-04T12:18:23.759Z] [INFO] TRADE → BTCUSDT | price=63816.39000000 | qty=0.00329000 | ts=1785845903453
[2026-08-04T12:18:23.759Z] [INFO] TRADE → BTCUSDT | price=63817.24000000 | qty=0.00008000 | ts=1785845903453
[2026-08-04T12:18:23.760Z] [INFO] TRADE → BTCUSDT | price=63817.58000000 | qty=0.00008000 | ts=1785845903453
[2026-08-04T12:18:23.760Z] [INFO] TRADE → BTCUSDT | price=63817.58000000 | qty=0.00008000 | ts=1785845903453
[2026-08-04T12:18:23.761Z] [INFO] TRADE → BTCUSDT | price=63817.99000000 | qty=0.00009000 | ts=1785845903453
[2026-08-04T12:18:23.761Z] [INFO] TRADE → BTCUSDT | price=63817.99000000 | qty=0.00009000 | ts=1785845903453
[2026-08-04T12:18:23.762Z] [INFO] TRADE → BTCUSDT | price=63817.99000000 | qty=0.00009000 | ts=1785845903453
[2026-08-04T12:18:23.762Z] [INFO] TRADE → BTCUSDT | price=63818.00000000 | qty=0.00600000 | ts=1785845903453
[2026-08-04T12:18:23.762Z] [INFO] TRADE → BTCUSDT | price=63818.00000000 | qty=0.00500000 | ts=1785845903453
[2026-08-04T12:18:23.762Z] [INFO] TRADE → BTCUSDT | price=63818.00000000 | qty=0.00600000 | ts=1785845903453
[2026-08-04T12:18:23.763Z] [INFO] TRADE → BTCUSDT | price=63818.00000000 | qty=0.00800000 | ts=1785845903453
[2026-08-04T12:18:23.763Z] [INFO] TRADE → BTCUSDT | price=63818.00000000 | qty=0.00009000 | ts=1785845903453
[2026-08-04T12:18:23.763Z] [INFO] TRADE → BTCUSDT | price=63818.00000000 | qty=0.00009000 | ts=1785845903453
[2026-08-04T12:18:23.764Z] [INFO] TRADE → BTCUSDT | price=63818.01000000 | qty=0.00008000 | ts=1785845903453
[2026-08-04T12:18:23.764Z] [INFO] TRADE → BTCUSDT | price=63818.01000000 | qty=0.00008000 | ts=1785845903453
[2026-08-04T12:18:23.764Z] [INFO] TRADE → BTCUSDT | price=63818.15000000 | qty=0.00024000 | ts=1785845903453
[2026-08-04T12:18:23.765Z] [INFO] TRADE → BTCUSDT | price=63818.50000000 | qty=0.00009000 | ts=1785845903453
[2026-08-04T12:18:23.765Z] [INFO] TRADE → BTCUSDT | price=63818.50000000 | qty=0.00009000 | ts=1785845903453
[2026-08-04T12:18:23.765Z] [INFO] TRADE → BTCUSDT | price=63818.55000000 | qty=0.00461000 | ts=1785845903453
[2026-08-04T12:18:23.765Z] [INFO] TRADE → BTCUSDT | price=63818.76000000 | qty=0.00008000 | ts=1785845903453
[2026-08-04T12:18:23.766Z] [INFO] TRADE → BTCUSDT | price=63819.00000000 | qty=0.00008000 | ts=1785845903453
[2026-08-04T12:18:23.766Z] [INFO] TRADE → BTCUSDT | price=63819.08000000 | qty=0.00047000 | ts=1785845903453
[2026-08-04T12:18:23.766Z] [INFO] TRADE → BTCUSDT | price=63819.14000000 | qty=0.00048000 | ts=1785845903453
[2026-08-04T12:18:23.767Z] [INFO] TRADE → BTCUSDT | price=63819.14000000 | qty=0.00008000 | ts=1785845903453
[2026-08-04T12:18:23.767Z] [INFO] TRADE → BTCUSDT | price=63819.14000000 | qty=0.00008000 | ts=1785845903453
[2026-08-04T12:18:23.768Z] [INFO] TRADE → BTCUSDT | price=63819.14000000 | qty=0.00008000 | ts=1785845903453
[2026-08-04T12:18:23.768Z] [INFO] TRADE → BTCUSDT | price=63819.14000000 | qty=0.00008000 | ts=1785845903453
[2026-08-04T12:18:23.769Z] [INFO] TRADE → BTCUSDT | price=63819.14000000 | qty=0.00008000 | ts=1785845903453
[2026-08-04T12:18:23.769Z] [INFO] TRADE → BTCUSDT | price=63819.69000000 | qty=0.00008000 | ts=1785845903453
[2026-08-04T12:18:23.769Z] [INFO] TRADE → BTCUSDT | price=63819.99000000 | qty=0.00009000 | ts=1785845903453
[2026-08-04T12:18:23.770Z] [INFO] TRADE → BTCUSDT | price=63819.99000000 | qty=0.00009000 | ts=1785845903453
[2026-08-04T12:18:23.770Z] [INFO] TRADE → BTCUSDT | price=63819.99000000 | qty=0.00009000 | ts=1785845903453
[2026-08-04T12:18:23.770Z] [INFO] TRADE → BTCUSDT | price=63820.00000000 | qty=0.00300000 | ts=1785845903465
[2026-08-04T12:18:23.770Z] [INFO] TRADE → BTCUSDT | price=63820.00000000 | qty=0.00300000 | ts=1785845903465
[2026-08-04T12:18:23.771Z] [INFO] TRADE → BTCUSDT | price=63820.00000000 | qty=0.00400000 | ts=1785845903485
[2026-08-04T12:18:23.771Z] [INFO] TRADE → BTCUSDT | price=63820.00000000 | qty=0.00600000 | ts=1785845903485
[2026-08-04T12:18:23.771Z] [INFO] TRADE → BTCUSDT | price=63820.00000000 | qty=0.00500000 | ts=1785845903486
[2026-08-04T12:18:23.772Z] [INFO] TRADE → BTCUSDT | price=63820.00000000 | qty=0.00500000 | ts=1785845903486
[2026-08-04T12:18:23.772Z] [INFO] TRADE → BTCUSDT | price=63820.00000000 | qty=0.00100000 | ts=1785845903486
[2026-08-04T12:18:23.773Z] [INFO] TRADE → BTCUSDT | price=63820.00000000 | qty=0.00800000 | ts=1785845903486
[2026-08-04T12:18:23.773Z] [INFO] TRADE → BTCUSDT | price=63820.00000000 | qty=0.00009000 | ts=1785845903486
[2026-08-04T12:18:23.774Z] [INFO] TRADE → BTCUSDT | price=63820.00000000 | qty=0.00009000 | ts=1785845903486
[2026-08-04T12:18:23.774Z] [INFO] TRADE → BTCUSDT | price=63820.00000000 | qty=0.00082000 | ts=1785845903486
[2026-08-04T12:18:23.774Z] [INFO] TRADE → BTCUSDT | price=63820.00000000 | qty=0.01000000 | ts=1785845903487
[2026-08-04T12:18:23.775Z] [INFO] TRADE → BTCUSDT | price=63820.00000000 | qty=0.01200000 | ts=1785845903487
[2026-08-04T12:18:23.775Z] [INFO] TRADE → BTCUSDT | price=63820.00000000 | qty=0.02600000 | ts=1785845903487
[2026-08-04T12:18:23.775Z] [INFO] TRADE → BTCUSDT | price=63820.00000000 | qty=0.02600000 | ts=1785845903487
[2026-08-04T12:18:23.775Z] [INFO] TRADE → BTCUSDT | price=63820.00000000 | qty=0.01000000 | ts=1785845903487
[2026-08-04T12:18:23.776Z] [INFO] TRADE → BTCUSDT | price=63820.00000000 | qty=0.01000000 | ts=1785845903488
[2026-08-04T12:18:23.776Z] [INFO] TRADE → BTCUSDT | price=63820.00000000 | qty=0.02600000 | ts=1785845903489
[2026-08-04T12:18:23.777Z] [INFO] TRADE → BTCUSDT | price=63820.00000000 | qty=0.01000000 | ts=1785845903490
[2026-08-04T12:18:23.777Z] [INFO] TRADE → BTCUSDT | price=63820.00000000 | qty=0.02600000 | ts=1785845903490
[2026-08-04T12:18:23.778Z] [INFO] TRADE → BTCUSDT | price=63820.00000000 | qty=0.02600000 | ts=1785845903490
[2026-08-04T12:18:23.778Z] [INFO] TRADE → BTCUSDT | price=63820.00000000 | qty=0.00001000 | ts=1785845903495
[2026-08-04T12:18:23.778Z] [INFO] TRADE → BTCUSDT | price=63820.00000000 | qty=0.00009000 | ts=1785845903495
[2026-08-04T12:18:23.779Z] [INFO] TRADE → BTCUSDT | price=63820.00000000 | qty=0.00008000 | ts=1785845903495
[2026-08-04T12:18:23.779Z] [INFO] TRADE → BTCUSDT | price=63820.00000000 | qty=0.00982000 | ts=1785845903495
[2026-08-04T12:18:23.779Z] [INFO] TRADE → BTCUSDT | price=63820.00000000 | qty=0.00300000 | ts=1785845903508
[2026-08-04T12:18:24.393Z] [INFO] TRADE → ETHUSDT | price=1868.99000000 | qty=3.20000000 | ts=1785845904277
[2026-08-04T12:18:24.407Z] [INFO] TRADE → BTCUSDT | price=63819.99000000 | qty=0.00032000 | ts=1785845904293
[2026-08-04T12:18:25.283Z] [INFO] TRADE → BTCUSDT | price=63819.99000000 | qty=0.00013000 | ts=1785845905167
[2026-08-04T12:18:25.299Z] [INFO] TRADE → ETHUSDT | price=1868.99000000 | qty=2.99090000 | ts=1785845905183
[2026-08-04T12:18:25.300Z] [INFO] TRADE → ETHUSDT | price=1868.99000000 | qty=0.16400000 | ts=1785845905183
[2026-08-04T12:18:25.300Z] [INFO] TRADE → ETHUSDT | price=1868.99000000 | qty=2.13830000 | ts=1785845905184
[2026-08-04T12:18:25.300Z] [INFO] TRADE → ETHUSDT | price=1868.99000000 | qty=0.73390000 | ts=1785845905184
[2026-08-04T12:18:25.304Z] [INFO] TRADE → ETHUSDT | price=1868.99000000 | qty=0.00280000 | ts=1785845905186
[2026-08-04T12:18:25.305Z] [INFO] TRADE → ETHUSDT | price=1868.99000000 | qty=0.00270000 | ts=1785845905186
[2026-08-04T12:18:25.306Z] [INFO] TRADE → ETHUSDT | price=1868.99000000 | qty=0.00280000 | ts=1785845905186
[2026-08-04T12:18:25.306Z] [INFO] TRADE → ETHUSDT | price=1868.99000000 | qty=0.00270000 | ts=1785845905186
[2026-08-04T12:18:25.307Z] [INFO] TRADE → ETHUSDT | price=1868.99000000 | qty=0.00270000 | ts=1785845905186
[2026-08-04T12:18:25.307Z] [INFO] TRADE → ETHUSDT | price=1868.99000000 | qty=0.25410000 | ts=1785845905186
[2026-08-04T12:18:25.307Z] [INFO] TRADE → ETHUSDT | price=1868.99000000 | qty=0.29830000 | ts=1785845905186
[2026-08-04T12:18:25.307Z] [INFO] TRADE → ETHUSDT | price=1868.99000000 | qty=0.00540000 | ts=1785845905186
[2026-08-04T12:18:25.308Z] [INFO] TRADE → ETHUSDT | price=1868.99000000 | qty=0.00270000 | ts=1785845905186
[2026-08-04T12:18:25.308Z] [INFO] TRADE → ETHUSDT | price=1868.99000000 | qty=0.00270000 | ts=1785845905186
[2026-08-04T12:18:25.308Z] [INFO] TRADE → ETHUSDT | price=1868.99000000 | qty=0.00960000 | ts=1785845905186
[2026-08-04T12:18:25.309Z] [INFO] TRADE → ETHUSDT | price=1868.99000000 | qty=0.00280000 | ts=1785845905186
[2026-08-04T12:18:25.309Z] [INFO] TRADE → ETHUSDT | price=1868.99000000 | qty=0.02360000 | ts=1785845905186
[2026-08-04T12:18:25.309Z] [INFO] TRADE → ETHUSDT | price=1868.99000000 | qty=0.11200000 | ts=1785845905186
[2026-08-04T12:18:25.309Z] [INFO] TRADE → ETHUSDT | price=1868.99000000 | qty=0.00280000 | ts=1785845905186
[2026-08-04T12:18:25.310Z] [INFO] TRADE → ETHUSDT | price=1868.99000000 | qty=0.00280000 | ts=1785845905186
[2026-08-04T12:18:25.310Z] [INFO] TRADE → ETHUSDT | price=1868.99000000 | qty=0.00280000 | ts=1785845905186
[2026-08-04T12:18:25.311Z] [INFO] TRADE → ETHUSDT | price=1868.99000000 | qty=0.00280000 | ts=1785845905186
[2026-08-04T12:18:25.311Z] [INFO] TRADE → ETHUSDT | price=1868.99000000 | qty=0.00280000 | ts=1785845905186
[2026-08-04T12:18:25.313Z] [INFO] TRADE → ETHUSDT | price=1868.99000000 | qty=0.00280000 | ts=1785845905186
[2026-08-04T12:18:25.313Z] [INFO] TRADE → ETHUSDT | price=1868.99000000 | qty=0.00270000 | ts=1785845905186
[2026-08-04T12:18:25.313Z] [INFO] TRADE → ETHUSDT | price=1868.99000000 | qty=0.00270000 | ts=1785845905186
[2026-08-04T12:18:25.314Z] [INFO] TRADE → ETHUSDT | price=1868.99000000 | qty=0.00270000 | ts=1785845905186
[2026-08-04T12:18:25.314Z] [INFO] TRADE → ETHUSDT | price=1868.99000000 | qty=0.00270000 | ts=1785845905186
[2026-08-04T12:18:25.314Z] [INFO] TRADE → ETHUSDT | price=1868.99000000 | qty=0.00270000 | ts=1785845905186
[2026-08-04T12:18:25.315Z] [INFO] TRADE → ETHUSDT | price=1868.99000000 | qty=0.00270000 | ts=1785845905186
[2026-08-04T12:18:25.315Z] [INFO] TRADE → ETHUSDT | price=1868.99000000 | qty=0.00270000 | ts=1785845905186
[2026-08-04T12:18:25.315Z] [INFO] TRADE → ETHUSDT | price=1868.99000000 | qty=0.00270000 | ts=1785845905186
[2026-08-04T12:18:25.316Z] [INFO] TRADE → ETHUSDT | price=1868.99000000 | qty=0.00270000 | ts=1785845905186
[2026-08-04T12:18:25.316Z] [INFO] TRADE → ETHUSDT | price=1868.99000000 | qty=0.00270000 | ts=1785845905186
[2026-08-04T12:18:25.316Z] [INFO] TRADE → ETHUSDT | price=1868.99000000 | qty=0.00270000 | ts=1785845905186
[2026-08-04T12:18:25.317Z] [INFO] TRADE → ETHUSDT | price=1868.99000000 | qty=0.00270000 | ts=1785845905186
[2026-08-04T12:18:25.317Z] [INFO] TRADE → ETHUSDT | price=1868.98000000 | qty=0.00540000 | ts=1785845905186
[2026-08-04T12:18:25.318Z] [INFO] TRADE → ETHUSDT | price=1868.98000000 | qty=0.00280000 | ts=1785845905186
[2026-08-04T12:18:25.318Z] [INFO] TRADE → ETHUSDT | price=1868.98000000 | qty=0.01050000 | ts=1785845905186
[2026-08-04T12:18:25.320Z] [INFO] TRADE → ETHUSDT | price=1868.98000000 | qty=0.00280000 | ts=1785845905186
[2026-08-04T12:18:25.322Z] [INFO] TRADE → ETHUSDT | price=1868.98000000 | qty=0.00280000 | ts=1785845905186
[2026-08-04T12:18:25.322Z] [INFO] TRADE → ETHUSDT | price=1868.98000000 | qty=0.00280000 | ts=1785845905186
[2026-08-04T12:18:25.322Z] [INFO] TRADE → ETHUSDT | price=1868.97000000 | qty=0.00540000 | ts=1785845905186
[2026-08-04T12:18:25.323Z] [INFO] TRADE → ETHUSDT | price=1868.97000000 | qty=0.00280000 | ts=1785845905186
[2026-08-04T12:18:25.323Z] [INFO] TRADE → ETHUSDT | price=1868.96000000 | qty=0.00270000 | ts=1785845905186
[2026-08-04T12:18:25.323Z] [INFO] TRADE → ETHUSDT | price=1868.96000000 | qty=0.00290000 | ts=1785845905186
[2026-08-04T12:18:25.323Z] [INFO] TRADE → ETHUSDT | price=1868.96000000 | qty=0.00290000 | ts=1785845905186
[2026-08-04T12:18:25.324Z] [INFO] TRADE → ETHUSDT | price=1868.96000000 | qty=0.00280000 | ts=1785845905186
[2026-08-04T12:18:25.324Z] [INFO] TRADE → ETHUSDT | price=1868.96000000 | qty=0.00270000 | ts=1785845905186
[2026-08-04T12:18:25.325Z] [INFO] TRADE → ETHUSDT | price=1868.96000000 | qty=0.00290000 | ts=1785845905186
[2026-08-04T12:18:25.325Z] [INFO] TRADE → ETHUSDT | price=1868.95000000 | qty=0.54000000 | ts=1785845905186
[2026-08-04T12:18:25.326Z] [INFO] TRADE → ETHUSDT | price=1868.95000000 | qty=0.00280000 | ts=1785845905186
[2026-08-04T12:18:25.326Z] [INFO] TRADE → ETHUSDT | price=1868.95000000 | qty=0.00270000 | ts=1785845905186
[2026-08-04T12:18:25.327Z] [INFO] TRADE → ETHUSDT | price=1868.95000000 | qty=0.00270000 | ts=1785845905186
[2026-08-04T12:18:25.327Z] [INFO] TRADE → ETHUSDT | price=1868.94000000 | qty=0.00270000 | ts=1785845905186
[2026-08-04T12:18:25.328Z] [INFO] TRADE → ETHUSDT | price=1868.94000000 | qty=0.00290000 | ts=1785845905186
[2026-08-04T12:18:25.328Z] [INFO] TRADE → ETHUSDT | price=1868.94000000 | qty=0.00290000 | ts=1785845905186
[2026-08-04T12:18:25.329Z] [INFO] TRADE → ETHUSDT | price=1868.94000000 | qty=0.00280000 | ts=1785845905186
[2026-08-04T12:18:25.329Z] [INFO] TRADE → ETHUSDT | price=1868.94000000 | qty=0.00290000 | ts=1785845905186
[2026-08-04T12:18:25.329Z] [INFO] TRADE → ETHUSDT | price=1868.93000000 | qty=0.00270000 | ts=1785845905186
[2026-08-04T12:18:25.330Z] [INFO] TRADE → ETHUSDT | price=1868.93000000 | qty=0.00270000 | ts=1785845905186
[2026-08-04T12:18:25.330Z] [INFO] TRADE → ETHUSDT | price=1868.93000000 | qty=0.00290000 | ts=1785845905186
[2026-08-04T12:18:25.330Z] [INFO] TRADE → ETHUSDT | price=1868.93000000 | qty=0.00290000 | ts=1785845905186
[2026-08-04T12:18:25.330Z] [INFO] TRADE → ETHUSDT | price=1868.93000000 | qty=0.00280000 | ts=1785845905186
[2026-08-04T12:18:25.331Z] [INFO] TRADE → ETHUSDT | price=1868.93000000 | qty=0.00270000 | ts=1785845905186
[2026-08-04T12:18:25.331Z] [INFO] TRADE → ETHUSDT | price=1868.93000000 | qty=0.00270000 | ts=1785845905186
[2026-08-04T12:18:25.331Z] [INFO] TRADE → ETHUSDT | price=1868.93000000 | qty=0.00290000 | ts=1785845905186
[2026-08-04T12:18:25.332Z] [INFO] TRADE → ETHUSDT | price=1868.93000000 | qty=0.00270000 | ts=1785845905186
[2026-08-04T12:18:25.332Z] [INFO] TRADE → ETHUSDT | price=1868.93000000 | qty=0.00270000 | ts=1785845905186
[2026-08-04T12:18:25.333Z] [INFO] TRADE → ETHUSDT | price=1868.93000000 | qty=0.00270000 | ts=1785845905186
[2026-08-04T12:18:25.333Z] [INFO] TRADE → ETHUSDT | price=1868.93000000 | qty=0.00270000 | ts=1785845905186
[2026-08-04T12:18:25.335Z] [INFO] TRADE → ETHUSDT | price=1868.93000000 | qty=0.00270000 | ts=1785845905186
[2026-08-04T12:18:25.335Z] [INFO] TRADE → ETHUSDT | price=1868.93000000 | qty=0.00270000 | ts=1785845905186
[2026-08-04T12:18:25.336Z] [INFO] TRADE → ETHUSDT | price=1868.92000000 | qty=0.00280000 | ts=1785845905186
[2026-08-04T12:18:25.336Z] [INFO] TRADE → ETHUSDT | price=1868.92000000 | qty=0.00290000 | ts=1785845905186
[2026-08-04T12:18:25.337Z] [INFO] TRADE → ETHUSDT | price=1868.92000000 | qty=0.00290000 | ts=1785845905186
[2026-08-04T12:18:25.337Z] [INFO] TRADE → ETHUSDT | price=1868.92000000 | qty=0.00290000 | ts=1785845905186
[2026-08-04T12:18:25.338Z] [INFO] TRADE → ETHUSDT | price=1868.91000000 | qty=0.00270000 | ts=1785845905195
[2026-08-04T12:18:25.338Z] [INFO] TRADE → ETHUSDT | price=1868.91000000 | qty=0.00270000 | ts=1785845905195
[2026-08-04T12:18:25.338Z] [INFO] TRADE → ETHUSDT | price=1868.91000000 | qty=0.00280000 | ts=1785845905195
[2026-08-04T12:18:25.339Z] [INFO] TRADE → ETHUSDT | price=1868.91000000 | qty=0.01280000 | ts=1785845905195
[2026-08-04T12:18:25.339Z] [INFO] TRADE → ETHUSDT | price=1868.91000000 | qty=1.65570000 | ts=1785845905218
[2026-08-04T12:18:25.347Z] [INFO] TRADE → ETHUSDT | price=1868.91000000 | qty=0.55770000 | ts=1785845905230
[2026-08-04T12:18:25.348Z] [INFO] TRADE → ETHUSDT | price=1868.91000000 | qty=1.27490000 | ts=1785845905230
[2026-08-04T12:18:25.384Z] [INFO] TRADE → ETHUSDT | price=1868.91000000 | qty=0.00270000 | ts=1785845905267
[2026-08-04T12:18:25.384Z] [INFO] TRADE → ETHUSDT | price=1868.91000000 | qty=0.00280000 | ts=1785845905267
[2026-08-04T12:18:25.385Z] [INFO] TRADE → ETHUSDT | price=1868.91000000 | qty=0.00280000 | ts=1785845905267
[2026-08-04T12:18:25.385Z] [INFO] TRADE → ETHUSDT | price=1868.91000000 | qty=0.00270000 | ts=1785845905267
[2026-08-04T12:18:25.385Z] [INFO] TRADE → ETHUSDT | price=1868.91000000 | qty=0.00270000 | ts=1785845905267
[2026-08-04T12:18:25.387Z] [INFO] TRADE → ETHUSDT | price=1868.91000000 | qty=0.00270000 | ts=1785845905267
[2026-08-04T12:18:25.387Z] [INFO] TRADE → ETHUSDT | price=1868.91000000 | qty=0.00280000 | ts=1785845905267
[2026-08-04T12:18:25.388Z] [INFO] TRADE → ETHUSDT | price=1868.91000000 | qty=0.00280000 | ts=1785845905267
[2026-08-04T12:18:25.389Z] [INFO] TRADE → ETHUSDT | price=1868.91000000 | qty=0.00280000 | ts=1785845905267
[2026-08-04T12:18:25.389Z] [INFO] TRADE → ETHUSDT | price=1868.91000000 | qty=0.00270000 | ts=1785845905267
[2026-08-04T12:18:25.389Z] [INFO] TRADE → ETHUSDT | price=1868.91000000 | qty=0.00270000 | ts=1785845905267
[2026-08-04T12:18:25.390Z] [INFO] TRADE → ETHUSDT | price=1868.91000000 | qty=0.00270000 | ts=1785845905267
[2026-08-04T12:18:25.390Z] [INFO] TRADE → ETHUSDT | price=1868.91000000 | qty=0.00270000 | ts=1785845905267
[2026-08-04T12:18:25.391Z] [INFO] TRADE → ETHUSDT | price=1868.91000000 | qty=0.00270000 | ts=1785845905267
[2026-08-04T12:18:25.391Z] [INFO] TRADE → ETHUSDT | price=1868.91000000 | qty=0.00270000 | ts=1785845905267
[2026-08-04T12:18:25.391Z] [INFO] TRADE → ETHUSDT | price=1868.90000000 | qty=0.00270000 | ts=1785845905267
[2026-08-04T12:18:25.392Z] [INFO] TRADE → ETHUSDT | price=1868.90000000 | qty=0.00280000 | ts=1785845905267
[2026-08-04T12:18:25.392Z] [INFO] TRADE → ETHUSDT | price=1868.90000000 | qty=0.00280000 | ts=1785845905267
[2026-08-04T12:18:25.392Z] [INFO] TRADE → ETHUSDT | price=1868.90000000 | qty=0.00280000 | ts=1785845905267
[2026-08-04T12:18:25.393Z] [INFO] TRADE → ETHUSDT | price=1868.90000000 | qty=0.00280000 | ts=1785845905267
[2026-08-04T12:18:25.393Z] [INFO] TRADE → ETHUSDT | price=1868.90000000 | qty=0.00270000 | ts=1785845905267
[2026-08-04T12:18:25.393Z] [INFO] TRADE → ETHUSDT | price=1868.90000000 | qty=0.00270000 | ts=1785845905267
[2026-08-04T12:18:25.396Z] [INFO] TRADE → ETHUSDT | price=1868.90000000 | qty=0.00270000 | ts=1785845905267
[2026-08-04T12:18:25.396Z] [INFO] TRADE → ETHUSDT | price=1868.90000000 | qty=0.00270000 | ts=1785845905267
[2026-08-04T12:18:25.396Z] [INFO] TRADE → ETHUSDT | price=1868.88000000 | qty=0.00280000 | ts=1785845905267
[2026-08-04T12:18:25.561Z] [INFO] TRADE → BTCUSDT | price=63820.00000000 | qty=0.00314000 | ts=1785845905447
[2026-08-04T12:18:25.977Z] [INFO] TRADE → BTCUSDT | price=63820.00000000 | qty=0.00032000 | ts=1785845905864
[2026-08-04T12:18:26.043Z] [INFO] TRADE → BTCUSDT | price=63820.00000000 | qty=0.00031000 | ts=1785845905928
[2026-08-04T12:18:26.407Z] [INFO] TRADE → ETHUSDT | price=1868.88000000 | qty=1.00040000 | ts=1785845906291
[2026-08-04T12:18:26.886Z] [INFO] TRADE → BTCUSDT | price=63820.00000000 | qty=0.30560000 | ts=1785845906772
[2026-08-04T12:18:26.887Z] [INFO] TRADE → BTCUSDT | price=63820.00000000 | qty=0.21754000 | ts=1785845906772
[2026-08-04T12:18:27.341Z] [INFO] TRADE → BTCUSDT | price=63819.99000000 | qty=0.00846000 | ts=1785845907226
[2026-08-04T12:18:27.347Z] [INFO] TRADE → BTCUSDT | price=63819.99000000 | qty=0.00884000 | ts=1785845907232
[2026-08-04T12:18:27.428Z] [INFO] TRADE → BTCUSDT | price=63820.00000000 | qty=0.00555000 | ts=1785845907312
[2026-08-04T12:18:27.428Z] [INFO] TRADE → BTCUSDT | price=63820.00000000 | qty=0.00250000 | ts=1785845907312
[2026-08-04T12:18:27.429Z] [INFO] TRADE → BTCUSDT | price=63820.00000000 | qty=0.00009000 | ts=1785845907312
[2026-08-04T12:18:27.429Z] [INFO] TRADE → BTCUSDT | price=63820.00000000 | qty=0.00009000 | ts=1785845907312
[2026-08-04T12:18:27.430Z] [INFO] TRADE → BTCUSDT | price=63820.00000000 | qty=0.00009000 | ts=1785845907312
[2026-08-04T12:18:27.430Z] [INFO] TRADE → BTCUSDT | price=63820.00000000 | qty=0.00008000 | ts=1785845907312
[2026-08-04T12:18:27.430Z] [INFO] TRADE → BTCUSDT | price=63820.00000000 | qty=0.00008000 | ts=1785845907312
[2026-08-04T12:18:27.431Z] [INFO] TRADE → BTCUSDT | price=63820.00000000 | qty=0.00054000 | ts=1785845907312
[2026-08-04T12:18:27.431Z] [INFO] TRADE → BTCUSDT | price=63820.00000000 | qty=0.00008000 | ts=1785845907312
[2026-08-04T12:18:27.431Z] [INFO] TRADE → BTCUSDT | price=63820.00000000 | qty=0.00008000 | ts=1785845907312
[2026-08-04T12:18:27.432Z] [INFO] TRADE → BTCUSDT | price=63820.00000000 | qty=0.00009000 | ts=1785845907312
[2026-08-04T12:18:27.432Z] [INFO] TRADE → BTCUSDT | price=63820.00000000 | qty=0.00008000 | ts=1785845907312
[2026-08-04T12:18:27.432Z] [INFO] TRADE → BTCUSDT | price=63820.00000000 | qty=0.02555000 | ts=1785845907312
[2026-08-04T12:18:27.682Z] [INFO] TRADE → BTCUSDT | price=63819.99000000 | qty=0.00032000 | ts=1785845907568
[2026-08-04T12:18:28.434Z] [INFO] TRADE → BTCUSDT | price=63819.99000000 | qty=0.00031000 | ts=1785845908321
[2026-08-04T12:18:29.047Z] [INFO] TRADE → BTCUSDT | price=63820.00000000 | qty=0.00032000 | ts=1785845908933
[2026-08-04T12:18:29.387Z] [INFO] TRADE → ETHUSDT | price=1868.87000000 | qty=0.00270000 | ts=1785845909271
[2026-08-04T12:18:29.387Z] [INFO] TRADE → ETHUSDT | price=1868.87000000 | qty=0.00270000 | ts=1785845909271
[2026-08-04T12:18:29.388Z] [INFO] TRADE → ETHUSDT | price=1868.87000000 | qty=0.00280000 | ts=1785845909271
[2026-08-04T12:18:29.388Z] [INFO] TRADE → ETHUSDT | price=1868.87000000 | qty=0.00280000 | ts=1785845909271
[2026-08-04T12:18:29.388Z] [INFO] TRADE → ETHUSDT | price=1868.87000000 | qty=0.00540000 | ts=1785845909271
[2026-08-04T12:18:29.388Z] [INFO] TRADE → ETHUSDT | price=1868.87000000 | qty=0.03680000 | ts=1785845909271
[2026-08-04T12:18:29.920Z] [INFO] TRADE → BTCUSDT | price=63820.00000000 | qty=0.01092000 | ts=1785845909792
[2026-08-04T12:18:29.986Z] [INFO] TRADE → BTCUSDT | price=63819.99000000 | qty=0.02324000 | ts=1785845909872
[2026-08-04T12:18:30.128Z] [INFO] TRADE → ETHUSDT | price=1868.88000000 | qty=0.00510000 | ts=1785845910012
[2026-08-04T12:18:30.137Z] [INFO] TRADE → ETHUSDT | price=1868.87000000 | qty=0.11210000 | ts=1785845910021
[2026-08-04T12:18:30.138Z] [INFO] TRADE → ETHUSDT | price=1868.87000000 | qty=0.38790000 | ts=1785845910021
[2026-08-04T12:18:30.161Z] [INFO] TRADE → ETHUSDT | price=1868.88000000 | qty=6.28700000 | ts=1785845910044
[2026-08-04T12:18:30.162Z] [INFO] TRADE → ETHUSDT | price=1868.88000000 | qty=4.00000000 | ts=1785845910044
[2026-08-04T12:18:30.162Z] [INFO] TRADE → ETHUSDT | price=1868.88000000 | qty=1.72880000 | ts=1785845910044
[2026-08-04T12:18:30.163Z] [INFO] TRADE → ETHUSDT | price=1868.88000000 | qty=1.82300000 | ts=1785845910044
[2026-08-04T12:18:30.164Z] [INFO] TRADE → ETHUSDT | price=1868.88000000 | qty=1.67270000 | ts=1785845910044
[2026-08-04T12:18:30.164Z] [INFO] TRADE → ETHUSDT | price=1868.88000000 | qty=3.28700000 | ts=1785845910044
[2026-08-04T12:18:30.164Z] [INFO] TRADE → ETHUSDT | price=1868.88000000 | qty=5.68040000 | ts=1785845910044
[2026-08-04T12:18:30.165Z] [INFO] TRADE → ETHUSDT | price=1868.88000000 | qty=0.00270000 | ts=1785845910044
[2026-08-04T12:18:30.165Z] [INFO] TRADE → ETHUSDT | price=1868.88000000 | qty=3.23290000 | ts=1785845910044
[2026-08-04T12:18:30.166Z] [INFO] TRADE → ETHUSDT | price=1868.88000000 | qty=0.00280000 | ts=1785845910044
[2026-08-04T12:18:30.166Z] [INFO] TRADE → ETHUSDT | price=1868.88000000 | qty=0.00270000 | ts=1785845910044
[2026-08-04T12:18:30.167Z] [INFO] TRADE → ETHUSDT | price=1868.88000000 | qty=8.10200000 | ts=1785845910044
[2026-08-04T12:18:30.168Z] [INFO] TRADE → ETHUSDT | price=1868.88000000 | qty=0.00540000 | ts=1785845910044
[2026-08-04T12:18:30.168Z] [INFO] TRADE → ETHUSDT | price=1868.88000000 | qty=0.00270000 | ts=1785845910044
[2026-08-04T12:18:30.168Z] [INFO] TRADE → ETHUSDT | price=1868.88000000 | qty=0.00270000 | ts=1785845910044
[2026-08-04T12:18:30.169Z] [INFO] TRADE → ETHUSDT | price=1868.88000000 | qty=0.00290000 | ts=1785845910044
[2026-08-04T12:18:30.169Z] [INFO] TRADE → ETHUSDT | price=1868.88000000 | qty=0.00290000 | ts=1785845910044
[2026-08-04T12:18:30.170Z] [INFO] TRADE → ETHUSDT | price=1868.88000000 | qty=0.00270000 | ts=1785845910044
[2026-08-04T12:18:30.170Z] [INFO] TRADE → ETHUSDT | price=1868.88000000 | qty=2.59730000 | ts=1785845910044
[2026-08-04T12:18:30.170Z] [INFO] TRADE → ETHUSDT | price=1868.88000000 | qty=0.00270000 | ts=1785845910044
[2026-08-04T12:18:30.171Z] [INFO] TRADE → ETHUSDT | price=1868.88000000 | qty=0.09560000 | ts=1785845910044
[2026-08-04T12:18:30.171Z] [INFO] TRADE → ETHUSDT | price=1868.88000000 | qty=1.11000000 | ts=1785845910044
[2026-08-04T12:18:30.172Z] [INFO] TRADE → ETHUSDT | price=1868.88000000 | qty=0.00270000 | ts=1785845910044
[2026-08-04T12:18:30.172Z] [INFO] TRADE → ETHUSDT | price=1868.88000000 | qty=0.00320000 | ts=1785845910044
[2026-08-04T12:18:30.173Z] [INFO] TRADE → ETHUSDT | price=1868.88000000 | qty=2.81190000 | ts=1785845910044
[2026-08-04T12:18:30.173Z] [INFO] TRADE → ETHUSDT | price=1868.88000000 | qty=0.00280000 | ts=1785845910044
[2026-08-04T12:18:30.174Z] [INFO] TRADE → ETHUSDT | price=1868.88000000 | qty=0.00280000 | ts=1785845910044
[2026-08-04T12:18:30.174Z] [INFO] TRADE → ETHUSDT | price=1868.88000000 | qty=0.00090000 | ts=1785845910044
[2026-08-04T12:18:30.259Z] [INFO] TRADE → BTCUSDT | price=63820.00000000 | qty=0.00231000 | ts=1785845910145
[2026-08-04T12:18:30.320Z] [INFO] TRADE → ETHUSDT | price=1868.88000000 | qty=0.00320000 | ts=1785845910200
[2026-08-04T12:18:30.321Z] [INFO] TRADE → ETHUSDT | price=1868.88000000 | qty=0.00270000 | ts=1785845910200
[2026-08-04T12:18:30.321Z] [INFO] TRADE → ETHUSDT | price=1868.88000000 | qty=0.00270000 | ts=1785845910200
[2026-08-04T12:18:30.322Z] [INFO] TRADE → ETHUSDT | price=1868.88000000 | qty=0.00280000 | ts=1785845910200
[2026-08-04T12:18:30.322Z] [INFO] TRADE → ETHUSDT | price=1868.88000000 | qty=0.00280000 | ts=1785845910200
[2026-08-04T12:18:30.322Z] [INFO] TRADE → ETHUSDT | price=1868.88000000 | qty=0.00540000 | ts=1785845910200
[2026-08-04T12:18:30.323Z] [INFO] TRADE → ETHUSDT | price=1868.88000000 | qty=0.00280000 | ts=1785845910200
[2026-08-04T12:18:30.323Z] [INFO] TRADE → ETHUSDT | price=1868.88000000 | qty=0.00270000 | ts=1785845910200
[2026-08-04T12:18:30.323Z] [INFO] TRADE → ETHUSDT | price=1868.88000000 | qty=0.00280000 | ts=1785845910200
[2026-08-04T12:18:30.324Z] [INFO] TRADE → ETHUSDT | price=1868.88000000 | qty=0.02150000 | ts=1785845910200
[2026-08-04T12:18:30.324Z] [INFO] TRADE → ETHUSDT | price=1868.88000000 | qty=0.00320000 | ts=1785845910200
[2026-08-04T12:18:30.324Z] [INFO] TRADE → ETHUSDT | price=1868.88000000 | qty=0.00270000 | ts=1785845910200
[2026-08-04T12:18:30.324Z] [INFO] TRADE → ETHUSDT | price=1868.88000000 | qty=0.00270000 | ts=1785845910200
[2026-08-04T12:18:30.325Z] [INFO] TRADE → ETHUSDT | price=1868.88000000 | qty=0.00270000 | ts=1785845910200
[2026-08-04T12:18:30.325Z] [INFO] TRADE → ETHUSDT | price=1868.88000000 | qty=0.00270000 | ts=1785845910200
[2026-08-04T12:18:30.325Z] [INFO] TRADE → ETHUSDT | price=1868.88000000 | qty=0.00270000 | ts=1785845910200
[2026-08-04T12:18:30.325Z] [INFO] TRADE → ETHUSDT | price=1868.88000000 | qty=0.00270000 | ts=1785845910200
[2026-08-04T12:18:30.326Z] [INFO] TRADE → ETHUSDT | price=1868.89000000 | qty=0.00540000 | ts=1785845910200
[2026-08-04T12:18:30.326Z] [INFO] TRADE → ETHUSDT | price=1868.89000000 | qty=0.00280000 | ts=1785845910200
[2026-08-04T12:18:30.326Z] [INFO] TRADE → ETHUSDT | price=1868.89000000 | qty=0.00280000 | ts=1785845910200
[2026-08-04T12:18:30.327Z] [INFO] TRADE → ETHUSDT | price=1868.89000000 | qty=0.00280000 | ts=1785845910200
[2026-08-04T12:18:30.327Z] [INFO] TRADE → ETHUSDT | price=1868.90000000 | qty=0.00540000 | ts=1785845910206
[2026-08-04T12:18:30.328Z] [INFO] TRADE → ETHUSDT | price=1868.90000000 | qty=0.00280000 | ts=1785845910206
[2026-08-04T12:18:30.328Z] [INFO] TRADE → ETHUSDT | price=1868.90000000 | qty=0.00320000 | ts=1785845910206
[2026-08-04T12:18:30.329Z] [INFO] TRADE → ETHUSDT | price=1868.90000000 | qty=0.00320000 | ts=1785845910206
[2026-08-04T12:18:30.329Z] [INFO] TRADE → ETHUSDT | price=1868.90000000 | qty=0.00270000 | ts=1785845910206
[2026-08-04T12:18:30.329Z] [INFO] TRADE → ETHUSDT | price=1868.90000000 | qty=0.00280000 | ts=1785845910206
[2026-08-04T12:18:30.330Z] [INFO] TRADE → ETHUSDT | price=1868.90000000 | qty=0.00280000 | ts=1785845910206
[2026-08-04T12:18:30.330Z] [INFO] TRADE → ETHUSDT | price=1868.90000000 | qty=0.00280000 | ts=1785845910206
[2026-08-04T12:18:30.330Z] [INFO] TRADE → ETHUSDT | price=1868.90000000 | qty=0.00280000 | ts=1785845910206
[2026-08-04T12:18:30.330Z] [INFO] TRADE → ETHUSDT | price=1868.90000000 | qty=0.00270000 | ts=1785845910206
[2026-08-04T12:18:30.331Z] [INFO] TRADE → ETHUSDT | price=1868.90000000 | qty=0.00280000 | ts=1785845910206
[2026-08-04T12:18:30.331Z] [INFO] TRADE → ETHUSDT | price=1868.90000000 | qty=0.00280000 | ts=1785845910206
[2026-08-04T12:18:30.331Z] [INFO] TRADE → ETHUSDT | price=1868.90000000 | qty=0.00270000 | ts=1785845910206
[2026-08-04T12:18:30.334Z] [INFO] TRADE → ETHUSDT | price=1868.91000000 | qty=0.00290000 | ts=1785845910206
[2026-08-04T12:18:30.335Z] [INFO] TRADE → ETHUSDT | price=1868.91000000 | qty=0.00290000 | ts=1785845910206
[2026-08-04T12:18:30.335Z] [INFO] TRADE → ETHUSDT | price=1868.91000000 | qty=0.00280000 | ts=1785845910206
[2026-08-04T12:18:30.335Z] [INFO] TRADE → ETHUSDT | price=1868.91000000 | qty=0.00280000 | ts=1785845910206
[2026-08-04T12:18:30.337Z] [INFO] TRADE → ETHUSDT | price=1868.91000000 | qty=0.00280000 | ts=1785845910206
[2026-08-04T12:18:30.338Z] [INFO] TRADE → BTCUSDT | price=63819.99000000 | qty=0.00032000 | ts=1785845910209
[2026-08-04T12:18:30.339Z] [INFO] TRADE → ETHUSDT | price=1868.91000000 | qty=0.00280000 | ts=1785845910206
[2026-08-04T12:18:30.339Z] [INFO] TRADE → ETHUSDT | price=1868.91000000 | qty=0.00280000 | ts=1785845910206
[2026-08-04T12:18:30.340Z] [INFO] TRADE → ETHUSDT | price=1868.91000000 | qty=0.00290000 | ts=1785845910206
[2026-08-04T12:18:30.340Z] [INFO] TRADE → ETHUSDT | price=1868.92000000 | qty=0.00270000 | ts=1785845910212
[2026-08-04T12:18:30.341Z] [INFO] TRADE → ETHUSDT | price=1868.92000000 | qty=0.00270000 | ts=1785845910212
[2026-08-04T12:18:30.341Z] [INFO] TRADE → ETHUSDT | price=1868.92000000 | qty=0.00280000 | ts=1785845910212
[2026-08-04T12:18:30.342Z] [INFO] TRADE → ETHUSDT | price=1868.92000000 | qty=0.00320000 | ts=1785845910212
[2026-08-04T12:18:30.342Z] [INFO] TRADE → ETHUSDT | price=1868.92000000 | qty=0.00320000 | ts=1785845910212
[2026-08-04T12:18:30.342Z] [INFO] TRADE → ETHUSDT | price=1868.92000000 | qty=0.00270000 | ts=1785845910212
[2026-08-04T12:18:30.343Z] [INFO] TRADE → ETHUSDT | price=1868.92000000 | qty=0.00280000 | ts=1785845910212
[2026-08-04T12:18:30.343Z] [INFO] TRADE → ETHUSDT | price=1868.92000000 | qty=0.00280000 | ts=1785845910212
[2026-08-04T12:18:30.344Z] [INFO] TRADE → ETHUSDT | price=1868.92000000 | qty=0.00280000 | ts=1785845910212
[2026-08-04T12:18:30.344Z] [INFO] TRADE → ETHUSDT | price=1868.92000000 | qty=0.00280000 | ts=1785845910212
[2026-08-04T12:18:30.344Z] [INFO] TRADE → ETHUSDT | price=1868.92000000 | qty=0.00280000 | ts=1785845910212
[2026-08-04T12:18:30.345Z] [INFO] TRADE → ETHUSDT | price=1868.92000000 | qty=0.00280000 | ts=1785845910212
[2026-08-04T12:18:30.345Z] [INFO] TRADE → ETHUSDT | price=1868.92000000 | qty=0.00270000 | ts=1785845910212
[2026-08-04T12:18:30.346Z] [INFO] TRADE → ETHUSDT | price=1868.92000000 | qty=0.00270000 | ts=1785845910212
[2026-08-04T12:18:30.346Z] [INFO] TRADE → ETHUSDT | price=1868.92000000 | qty=0.00270000 | ts=1785845910212
[2026-08-04T12:18:30.346Z] [INFO] TRADE → ETHUSDT | price=1868.92000000 | qty=0.00270000 | ts=1785845910212
[2026-08-04T12:18:30.348Z] [INFO] TRADE → ETHUSDT | price=1868.92000000 | qty=0.00270000 | ts=1785845910212
[2026-08-04T12:18:30.349Z] [INFO] TRADE → ETHUSDT | price=1868.92000000 | qty=0.00270000 | ts=1785845910212
[2026-08-04T12:18:30.349Z] [INFO] TRADE → ETHUSDT | price=1868.92000000 | qty=0.00270000 | ts=1785845910212
[2026-08-04T12:18:30.349Z] [INFO] TRADE → ETHUSDT | price=1868.92000000 | qty=0.00270000 | ts=1785845910212
[2026-08-04T12:18:30.349Z] [INFO] TRADE → ETHUSDT | price=1868.93000000 | qty=0.00280000 | ts=1785845910212
[2026-08-04T12:18:30.350Z] [INFO] TRADE → ETHUSDT | price=1868.93000000 | qty=0.00280000 | ts=1785845910212
[2026-08-04T12:18:30.350Z] [INFO] TRADE → ETHUSDT | price=1868.93000000 | qty=0.00280000 | ts=1785845910212
[2026-08-04T12:18:30.356Z] [INFO] TRADE → ETHUSDT | price=1868.93000000 | qty=0.29140000 | ts=1785845910241
[2026-08-04T12:18:30.475Z] [INFO] TRADE → ETHUSDT | price=1868.94000000 | qty=0.00330000 | ts=1785845910358
[2026-08-04T12:18:30.475Z] [INFO] TRADE → ETHUSDT | price=1868.94000000 | qty=0.00280000 | ts=1785845910358
[2026-08-04T12:18:30.475Z] [INFO] TRADE → ETHUSDT | price=1868.94000000 | qty=0.00320000 | ts=1785845910358
[2026-08-04T12:18:30.476Z] [INFO] TRADE → ETHUSDT | price=1868.94000000 | qty=0.00320000 | ts=1785845910358
[2026-08-04T12:18:30.476Z] [INFO] TRADE → ETHUSDT | price=1868.94000000 | qty=0.00270000 | ts=1785845910358
[2026-08-04T12:18:30.476Z] [INFO] TRADE → ETHUSDT | price=1868.94000000 | qty=0.00280000 | ts=1785845910358
[2026-08-04T12:18:30.476Z] [INFO] TRADE → ETHUSDT | price=1868.94000000 | qty=0.00280000 | ts=1785845910358
[2026-08-04T12:18:30.477Z] [INFO] TRADE → ETHUSDT | price=1868.94000000 | qty=0.00280000 | ts=1785845910358
[2026-08-04T12:18:30.477Z] [INFO] TRADE → ETHUSDT | price=1868.94000000 | qty=0.00280000 | ts=1785845910358
[2026-08-04T12:18:30.477Z] [INFO] TRADE → ETHUSDT | price=1868.94000000 | qty=0.00280000 | ts=1785845910358
[2026-08-04T12:18:30.477Z] [INFO] TRADE → ETHUSDT | price=1868.94000000 | qty=0.00280000 | ts=1785845910358
[2026-08-04T12:18:30.478Z] [INFO] TRADE → ETHUSDT | price=1868.94000000 | qty=0.00270000 | ts=1785845910358
[2026-08-04T12:18:30.478Z] [INFO] TRADE → ETHUSDT | price=1868.95000000 | qty=0.00280000 | ts=1785845910358
[2026-08-04T12:18:30.478Z] [INFO] TRADE → ETHUSDT | price=1868.95000000 | qty=0.00280000 | ts=1785845910358
[2026-08-04T12:18:30.478Z] [INFO] TRADE → ETHUSDT | price=1868.95000000 | qty=0.00280000 | ts=1785845910358
[2026-08-04T12:18:30.478Z] [INFO] TRADE → ETHUSDT | price=1868.95000000 | qty=0.00280000 | ts=1785845910358
[2026-08-04T12:18:30.479Z] [INFO] TRADE → ETHUSDT | price=1868.98000000 | qty=0.00270000 | ts=1785845910358
[2026-08-04T12:18:30.479Z] [INFO] TRADE → ETHUSDT | price=1868.98000000 | qty=0.00280000 | ts=1785845910358
[2026-08-04T12:18:30.479Z] [INFO] TRADE → ETHUSDT | price=1868.98000000 | qty=0.00270000 | ts=1785845910358
[2026-08-04T12:18:30.480Z] [INFO] TRADE → ETHUSDT | price=1868.99000000 | qty=0.00270000 | ts=1785845910358
[2026-08-04T12:18:30.480Z] [INFO] TRADE → ETHUSDT | price=1868.99000000 | qty=0.00290000 | ts=1785845910358
[2026-08-04T12:18:30.480Z] [INFO] TRADE → ETHUSDT | price=1868.99000000 | qty=0.00290000 | ts=1785845910358
[2026-08-04T12:18:30.481Z] [INFO] TRADE → ETHUSDT | price=1868.99000000 | qty=0.00280000 | ts=1785845910358
[2026-08-04T12:18:30.481Z] [INFO] TRADE → ETHUSDT | price=1868.99000000 | qty=0.00270000 | ts=1785845910358
[2026-08-04T12:18:30.481Z] [INFO] TRADE → ETHUSDT | price=1868.99000000 | qty=0.00290000 | ts=1785845910358
[2026-08-04T12:18:30.482Z] [INFO] TRADE → ETHUSDT | price=1868.99000000 | qty=0.00270000 | ts=1785845910358
[2026-08-04T12:18:30.813Z] [INFO] TRADE → BTCUSDT | price=63819.99000000 | qty=0.00979000 | ts=1785845910698
[2026-08-04T12:18:31.410Z] [INFO] TRADE → ETHUSDT | price=1869.00000000 | qty=0.00300000 | ts=1785845911294
[2026-08-04T12:18:31.410Z] [INFO] TRADE → ETHUSDT | price=1869.00000000 | qty=1.05530000 | ts=1785845911294
[2026-08-04T12:18:31.597Z] [INFO] TRADE → BTCUSDT | price=63820.00000000 | qty=0.00031000 | ts=1785845911479
[2026-08-04T12:18:32.199Z] [INFO] TRADE → BTCUSDT | price=63819.99000000 | qty=0.00429000 | ts=1785845912083
[2026-08-04T12:18:32.734Z] [INFO] TRADE → BTCUSDT | price=63819.99000000 | qty=0.00031000 | ts=1785845912620
[2026-08-04T12:18:33.823Z] [INFO] TRADE → BTCUSDT | price=63819.99000000 | qty=0.00313000 | ts=1785845913709
[2026-08-04T12:18:33.875Z] [INFO] TRADE → BTCUSDT | price=63820.00000000 | qty=0.00031000 | ts=1785845913761
[2026-08-04T12:18:34.310Z] [INFO] TRADE → BTCUSDT | price=63820.00000000 | qty=0.00031000 | ts=1785845914196
[2026-08-04T12:18:34.548Z] [INFO] TRADE → ETHUSDT | price=1868.99000000 | qty=3.20000000 | ts=1785845914432
[2026-08-04T12:18:35.019Z] [INFO] TRADE → BTCUSDT | price=63819.99000000 | qty=0.00031000 | ts=1785845914905
[2026-08-04T12:18:35.278Z] [INFO] TRADE → BTCUSDT | price=63820.00000000 | qty=0.00013000 | ts=1785845915155
[2026-08-04T12:18:35.401Z] [INFO] TRADE → BTCUSDT | price=63820.00000000 | qty=0.00014000 | ts=1785845915287
[2026-08-04T12:18:36.092Z] [INFO] TRADE → BTCUSDT | price=63819.99000000 | qty=0.00015000 | ts=1785845915973
[2026-08-04T12:18:36.205Z] [INFO] TRADE → BTCUSDT | price=63820.00000000 | qty=0.00031000 | ts=1785845916081
[2026-08-04T12:18:36.659Z] [INFO] TRADE → BTCUSDT | price=63820.00000000 | qty=0.00102000 | ts=1785845916544
[2026-08-04T12:18:36.931Z] [INFO] TRADE → BTCUSDT | price=63819.99000000 | qty=0.00130000 | ts=1785845916810
[2026-08-04T12:18:36.951Z] [INFO] TRADE → BTCUSDT | price=63820.00000000 | qty=0.00098000 | ts=1785845916837
[2026-08-04T12:18:37.029Z] [INFO] TRADE → ETHUSDT | price=1869.00000000 | qty=0.13370000 | ts=1785845916912
[2026-08-04T12:18:37.052Z] [INFO] TRADE → BTCUSDT | price=63819.99000000 | qty=0.00016000 | ts=1785845916937
[2026-08-04T12:18:37.395Z] [INFO] TRADE → BTCUSDT | price=63819.99000000 | qty=0.00031000 | ts=1785845917280
[2026-08-04T12:18:37.402Z] [INFO] TRADE → BTCUSDT | price=63820.00000000 | qty=0.02965000 | ts=1785845917289
[2026-08-04T12:18:37.579Z] [INFO] TRADE → ETHUSDT | price=1868.99000000 | qty=1.41570000 | ts=1785845917462
[2026-08-04T12:18:37.579Z] [INFO] TRADE → ETHUSDT | price=1868.99000000 | qty=0.00270000 | ts=1785845917462
[2026-08-04T12:18:37.580Z] [INFO] TRADE → ETHUSDT | price=1868.99000000 | qty=0.00270000 | ts=1785845917462
[2026-08-04T12:18:37.580Z] [INFO] TRADE → ETHUSDT | price=1868.99000000 | qty=0.00280000 | ts=1785845917462
[2026-08-04T12:18:37.580Z] [INFO] TRADE → ETHUSDT | price=1868.99000000 | qty=0.00540000 | ts=1785845917462
[2026-08-04T12:18:37.581Z] [INFO] TRADE → ETHUSDT | price=1868.99000000 | qty=0.00270000 | ts=1785845917462
[2026-08-04T12:18:37.581Z] [INFO] TRADE → ETHUSDT | price=1868.99000000 | qty=0.00270000 | ts=1785845917462
[2026-08-04T12:18:37.581Z] [INFO] TRADE → ETHUSDT | price=1868.99000000 | qty=0.00270000 | ts=1785845917462
[2026-08-04T12:18:37.581Z] [INFO] TRADE → ETHUSDT | price=1868.99000000 | qty=0.00280000 | ts=1785845917462
[2026-08-04T12:18:37.581Z] [INFO] TRADE → ETHUSDT | price=1868.99000000 | qty=0.00280000 | ts=1785845917462
[2026-08-04T12:18:37.582Z] [INFO] TRADE → ETHUSDT | price=1868.99000000 | qty=0.00270000 | ts=1785845917462
[2026-08-04T12:18:37.582Z] [INFO] TRADE → ETHUSDT | price=1868.99000000 | qty=0.00270000 | ts=1785845917462
[2026-08-04T12:18:37.582Z] [INFO] TRADE → ETHUSDT | price=1868.99000000 | qty=0.00270000 | ts=1785845917462
[2026-08-04T12:18:37.582Z] [INFO] TRADE → ETHUSDT | price=1868.99000000 | qty=0.00270000 | ts=1785845917462
[2026-08-04T12:18:37.583Z] [INFO] TRADE → ETHUSDT | price=1868.99000000 | qty=0.00270000 | ts=1785845917462
[2026-08-04T12:18:37.583Z] [INFO] TRADE → ETHUSDT | price=1868.99000000 | qty=0.00270000 | ts=1785845917462
[2026-08-04T12:18:37.583Z] [INFO] TRADE → ETHUSDT | price=1868.99000000 | qty=0.00270000 | ts=1785845917462
[2026-08-04T12:18:37.583Z] [INFO] TRADE → ETHUSDT | price=1868.99000000 | qty=0.00270000 | ts=1785845917462
[2026-08-04T12:18:37.584Z] [INFO] TRADE → ETHUSDT | price=1868.99000000 | qty=0.00270000 | ts=1785845917462
[2026-08-04T12:18:37.584Z] [INFO] TRADE → ETHUSDT | price=1868.99000000 | qty=0.00270000 | ts=1785845917462
[2026-08-04T12:18:37.584Z] [INFO] TRADE → ETHUSDT | price=1868.99000000 | qty=0.00270000 | ts=1785845917462
[2026-08-04T12:18:37.584Z] [INFO] TRADE → ETHUSDT | price=1868.99000000 | qty=0.00270000 | ts=1785845917462
[2026-08-04T12:18:37.585Z] [INFO] TRADE → ETHUSDT | price=1868.99000000 | qty=0.00270000 | ts=1785845917462
[2026-08-04T12:18:37.585Z] [INFO] TRADE → ETHUSDT | price=1868.99000000 | qty=0.00040000 | ts=1785845917462
[2026-08-04T12:18:37.585Z] [INFO] TRADE → ETHUSDT | price=1868.99000000 | qty=0.00230000 | ts=1785845917462
[2026-08-04T12:18:37.585Z] [INFO] TRADE → ETHUSDT | price=1868.99000000 | qty=0.00040000 | ts=1785845917462
[2026-08-04T12:18:37.586Z] [INFO] TRADE → ETHUSDT | price=1868.99000000 | qty=0.00230000 | ts=1785845917462
[2026-08-04T12:18:37.586Z] [INFO] TRADE → ETHUSDT | price=1868.99000000 | qty=0.00270000 | ts=1785845917462
[2026-08-04T12:18:37.586Z] [INFO] TRADE → ETHUSDT | price=1868.99000000 | qty=0.00270000 | ts=1785845917462
[2026-08-04T12:18:37.586Z] [INFO] TRADE → ETHUSDT | price=1868.98000000 | qty=0.00060000 | ts=1785845917462
[2026-08-04T12:18:37.587Z] [INFO] TRADE → ETHUSDT | price=1868.98000000 | qty=0.00480000 | ts=1785845917463
[2026-08-04T12:18:37.587Z] [INFO] TRADE → ETHUSDT | price=1868.98000000 | qty=0.00280000 | ts=1785845917463
[2026-08-04T12:18:37.587Z] [INFO] TRADE → ETHUSDT | price=1868.98000000 | qty=0.00280000 | ts=1785845917463
[2026-08-04T12:18:37.587Z] [INFO] TRADE → ETHUSDT | price=1868.98000000 | qty=0.00270000 | ts=1785845917463
[2026-08-04T12:18:37.587Z] [INFO] TRADE → ETHUSDT | price=1868.98000000 | qty=0.00270000 | ts=1785845917463
[2026-08-04T12:18:37.588Z] [INFO] TRADE → ETHUSDT | price=1868.97000000 | qty=0.00540000 | ts=1785845917463
[2026-08-04T12:18:37.588Z] [INFO] TRADE → ETHUSDT | price=1868.97000000 | qty=0.00280000 | ts=1785845917463
[2026-08-04T12:18:37.589Z] [INFO] TRADE → ETHUSDT | price=1868.96000000 | qty=0.00280000 | ts=1785845917463
[2026-08-04T12:18:37.589Z] [INFO] TRADE → ETHUSDT | price=1868.95000000 | qty=0.00280000 | ts=1785845917463
[2026-08-04T12:18:37.589Z] [INFO] TRADE → ETHUSDT | price=1868.94000000 | qty=0.00270000 | ts=1785845917463
[2026-08-04T12:18:37.590Z] [INFO] TRADE → ETHUSDT | price=1868.94000000 | qty=0.00280000 | ts=1785845917463
[2026-08-04T12:18:37.590Z] [INFO] TRADE → ETHUSDT | price=1868.93000000 | qty=0.00270000 | ts=1785845917463
[2026-08-04T12:18:37.590Z] [INFO] TRADE → ETHUSDT | price=1868.93000000 | qty=0.00280000 | ts=1785845917463
[2026-08-04T12:18:37.591Z] [INFO] TRADE → ETHUSDT | price=1868.93000000 | qty=0.00270000 | ts=1785845917463
[2026-08-04T12:18:37.591Z] [INFO] TRADE → ETHUSDT | price=1868.93000000 | qty=0.00270000 | ts=1785845917463
[2026-08-04T12:18:37.591Z] [INFO] TRADE → ETHUSDT | price=1868.93000000 | qty=0.00270000 | ts=1785845917463
[2026-08-04T12:18:37.592Z] [INFO] TRADE → ETHUSDT | price=1868.93000000 | qty=0.00270000 | ts=1785845917463
[2026-08-04T12:18:37.592Z] [INFO] TRADE → ETHUSDT | price=1868.93000000 | qty=0.00270000 | ts=1785845917463
[2026-08-04T12:18:37.592Z] [INFO] TRADE → ETHUSDT | price=1868.93000000 | qty=0.00270000 | ts=1785845917463
[2026-08-04T12:18:37.592Z] [INFO] TRADE → ETHUSDT | price=1868.92000000 | qty=0.00280000 | ts=1785845917463
[2026-08-04T12:18:37.593Z] [INFO] TRADE → ETHUSDT | price=1868.92000000 | qty=0.00280000 | ts=1785845917463
[2026-08-04T12:18:37.593Z] [INFO] TRADE → ETHUSDT | price=1868.91000000 | qty=0.00270000 | ts=1785845917463
[2026-08-04T12:18:37.593Z] [INFO] TRADE → ETHUSDT | price=1868.91000000 | qty=0.00280000 | ts=1785845917463
[2026-08-04T12:18:37.593Z] [INFO] TRADE → ETHUSDT | price=1868.91000000 | qty=0.00270000 | ts=1785845917463
[2026-08-04T12:18:37.593Z] [INFO] TRADE → ETHUSDT | price=1868.91000000 | qty=0.00270000 | ts=1785845917463
[2026-08-04T12:18:37.594Z] [INFO] TRADE → ETHUSDT | price=1868.91000000 | qty=0.00270000 | ts=1785845917463
[2026-08-04T12:18:37.594Z] [INFO] TRADE → ETHUSDT | price=1868.91000000 | qty=0.00270000 | ts=1785845917463
[2026-08-04T12:18:37.595Z] [INFO] TRADE → ETHUSDT | price=1868.91000000 | qty=0.00270000 | ts=1785845917463
[2026-08-04T12:18:37.595Z] [INFO] TRADE → ETHUSDT | price=1868.91000000 | qty=0.00270000 | ts=1785845917463
[2026-08-04T12:18:37.596Z] [INFO] TRADE → ETHUSDT | price=1868.90000000 | qty=0.00290000 | ts=1785845917463
[2026-08-04T12:18:37.596Z] [INFO] TRADE → ETHUSDT | price=1868.90000000 | qty=0.00290000 | ts=1785845917463
[2026-08-04T12:18:37.597Z] [INFO] TRADE → ETHUSDT | price=1868.90000000 | qty=0.00280000 | ts=1785845917463
[2026-08-04T12:18:37.597Z] [INFO] TRADE → ETHUSDT | price=1868.90000000 | qty=0.00290000 | ts=1785845917463
[2026-08-04T12:18:37.597Z] [INFO] TRADE → ETHUSDT | price=1868.89000000 | qty=0.00270000 | ts=1785845917463
[2026-08-04T12:18:37.597Z] [INFO] TRADE → ETHUSDT | price=1868.89000000 | qty=2.17090000 | ts=1785845917463
[2026-08-04T12:18:37.597Z] [INFO] TRADE → ETHUSDT | price=1868.89000000 | qty=0.06980000 | ts=1785845917463
[2026-08-04T12:18:37.598Z] [INFO] TRADE → ETHUSDT | price=1868.89000000 | qty=0.01120000 | ts=1785845917468
[2026-08-04T12:18:37.613Z] [INFO] TRADE → ETHUSDT | price=1868.89000000 | qty=0.00300000 | ts=1785845917496
[2026-08-04T12:18:37.620Z] [INFO] TRADE → ETHUSDT | price=1868.89000000 | qty=0.00270000 | ts=1785845917500
[2026-08-04T12:18:37.620Z] [INFO] TRADE → ETHUSDT | price=1868.89000000 | qty=0.00280000 | ts=1785845917500
[2026-08-04T12:18:37.621Z] [INFO] TRADE → ETHUSDT | price=1868.89000000 | qty=0.00280000 | ts=1785845917500
[2026-08-04T12:18:37.621Z] [INFO] TRADE → ETHUSDT | price=1868.89000000 | qty=0.00280000 | ts=1785845917500
[2026-08-04T12:18:37.621Z] [INFO] TRADE → ETHUSDT | price=1868.89000000 | qty=0.00280000 | ts=1785845917500
[2026-08-04T12:18:37.621Z] [INFO] TRADE → ETHUSDT | price=1868.89000000 | qty=0.00280000 | ts=1785845917500
[2026-08-04T12:18:37.622Z] [INFO] TRADE → ETHUSDT | price=1868.89000000 | qty=0.00280000 | ts=1785845917500
[2026-08-04T12:18:37.622Z] [INFO] TRADE → ETHUSDT | price=1868.89000000 | qty=0.00270000 | ts=1785845917500
[2026-08-04T12:18:37.622Z] [INFO] TRADE → ETHUSDT | price=1868.89000000 | qty=0.00280000 | ts=1785845917500
[2026-08-04T12:18:37.622Z] [INFO] TRADE → ETHUSDT | price=1868.89000000 | qty=0.00270000 | ts=1785845917500
[2026-08-04T12:18:37.623Z] [INFO] TRADE → ETHUSDT | price=1868.89000000 | qty=0.00270000 | ts=1785845917500
[2026-08-04T12:18:37.623Z] [INFO] TRADE → ETHUSDT | price=1868.89000000 | qty=0.00270000 | ts=1785845917500
[2026-08-04T12:18:37.623Z] [INFO] TRADE → ETHUSDT | price=1868.89000000 | qty=0.00270000 | ts=1785845917500
[2026-08-04T12:18:37.623Z] [INFO] TRADE → ETHUSDT | price=1868.89000000 | qty=0.00270000 | ts=1785845917500
[2026-08-04T12:18:37.623Z] [INFO] TRADE → ETHUSDT | price=1868.88000000 | qty=0.00280000 | ts=1785845917500
[2026-08-04T12:18:37.624Z] [INFO] TRADE → ETHUSDT | price=1868.88000000 | qty=0.00280000 | ts=1785845917500
[2026-08-04T12:18:37.624Z] [INFO] TRADE → ETHUSDT | price=1868.88000000 | qty=0.00280000 | ts=1785845917500
[2026-08-04T12:18:37.626Z] [INFO] TRADE → ETHUSDT | price=1868.87000000 | qty=0.00270000 | ts=1785845917500
[2026-08-04T12:18:37.626Z] [INFO] TRADE → ETHUSDT | price=1868.87000000 | qty=0.00280000 | ts=1785845917500
[2026-08-04T12:18:37.626Z] [INFO] TRADE → ETHUSDT | price=1868.85000000 | qty=0.00270000 | ts=1785845917500
[2026-08-04T12:18:37.627Z] [INFO] TRADE → ETHUSDT | price=1868.85000000 | qty=0.00270000 | ts=1785845917500
[2026-08-04T12:18:37.627Z] [INFO] TRADE → ETHUSDT | price=1868.85000000 | qty=0.00280000 | ts=1785845917500
[2026-08-04T12:18:37.628Z] [INFO] TRADE → ETHUSDT | price=1868.85000000 | qty=0.00270000 | ts=1785845917500
[2026-08-04T12:18:37.628Z] [INFO] TRADE → ETHUSDT | price=1868.85000000 | qty=0.00270000 | ts=1785845917500
[2026-08-04T12:18:37.628Z] [INFO] TRADE → ETHUSDT | price=1868.85000000 | qty=0.00270000 | ts=1785845917500
[2026-08-04T12:18:37.629Z] [INFO] TRADE → ETHUSDT | price=1868.85000000 | qty=0.00270000 | ts=1785845917500
[2026-08-04T12:18:37.629Z] [INFO] TRADE → ETHUSDT | price=1868.83000000 | qty=0.00270000 | ts=1785845917500
[2026-08-04T12:18:37.629Z] [INFO] TRADE → ETHUSDT | price=1868.83000000 | qty=0.00270000 | ts=1785845917500
[2026-08-04T12:18:37.630Z] [INFO] TRADE → ETHUSDT | price=1868.83000000 | qty=0.00290000 | ts=1785845917500
[2026-08-04T12:18:37.630Z] [INFO] TRADE → ETHUSDT | price=1868.83000000 | qty=0.00290000 | ts=1785845917500
[2026-08-04T12:18:37.630Z] [INFO] TRADE → ETHUSDT | price=1868.83000000 | qty=0.00280000 | ts=1785845917500
[2026-08-04T12:18:37.630Z] [INFO] TRADE → ETHUSDT | price=1868.83000000 | qty=0.00270000 | ts=1785845917500
[2026-08-04T12:18:37.631Z] [INFO] TRADE → ETHUSDT | price=1868.83000000 | qty=0.00290000 | ts=1785845917500
[2026-08-04T12:18:37.631Z] [INFO] TRADE → ETHUSDT | price=1868.83000000 | qty=0.00270000 | ts=1785845917500
[2026-08-04T12:18:37.631Z] [INFO] TRADE → ETHUSDT | price=1868.83000000 | qty=0.00270000 | ts=1785845917500
[2026-08-04T12:18:37.632Z] [INFO] TRADE → ETHUSDT | price=1868.83000000 | qty=0.00270000 | ts=1785845917500
[2026-08-04T12:18:37.632Z] [INFO] TRADE → ETHUSDT | price=1868.82000000 | qty=0.00270000 | ts=1785845917500
[2026-08-04T12:18:37.632Z] [INFO] TRADE → ETHUSDT | price=1868.82000000 | qty=0.01100000 | ts=1785845917500
[2026-08-04T12:18:37.633Z] [INFO] TRADE → ETHUSDT | price=1868.82000000 | qty=0.37110000 | ts=1785845917500
[2026-08-04T12:18:37.633Z] [INFO] TRADE → ETHUSDT | price=1868.82000000 | qty=0.00280000 | ts=1785845917500
[2026-08-04T12:18:37.633Z] [INFO] TRADE → ETHUSDT | price=1868.82000000 | qty=0.00270000 | ts=1785845917500
[2026-08-04T12:18:37.634Z] [INFO] TRADE → ETHUSDT | price=1868.82000000 | qty=0.00270000 | ts=1785845917500
[2026-08-04T12:18:37.634Z] [INFO] TRADE → ETHUSDT | price=1868.82000000 | qty=0.00270000 | ts=1785845917500
[2026-08-04T12:18:37.634Z] [INFO] TRADE → ETHUSDT | price=1868.82000000 | qty=0.00270000 | ts=1785845917500
[2026-08-04T12:18:37.635Z] [INFO] TRADE → ETHUSDT | price=1868.81000000 | qty=0.00270000 | ts=1785845917500
[2026-08-04T12:18:37.636Z] [INFO] TRADE → ETHUSDT | price=1868.81000000 | qty=0.00270000 | ts=1785845917500
[2026-08-04T12:18:37.636Z] [INFO] TRADE → ETHUSDT | price=1868.81000000 | qty=0.00280000 | ts=1785845917500
[2026-08-04T12:18:37.637Z] [INFO] TRADE → ETHUSDT | price=1868.81000000 | qty=0.00270000 | ts=1785845917500
[2026-08-04T12:18:37.638Z] [INFO] TRADE → ETHUSDT | price=1868.81000000 | qty=0.00270000 | ts=1785845917500
[2026-08-04T12:18:37.638Z] [INFO] TRADE → ETHUSDT | price=1868.80000000 | qty=0.00290000 | ts=1785845917500
[2026-08-04T12:18:37.638Z] [INFO] TRADE → ETHUSDT | price=1868.80000000 | qty=0.00290000 | ts=1785845917500
[2026-08-04T12:18:37.639Z] [INFO] TRADE → ETHUSDT | price=1868.80000000 | qty=0.00280000 | ts=1785845917500
[2026-08-04T12:18:37.639Z] [INFO] TRADE → ETHUSDT | price=1868.80000000 | qty=0.00290000 | ts=1785845917500
[2026-08-04T12:18:37.639Z] [INFO] TRADE → ETHUSDT | price=1868.79000000 | qty=0.00270000 | ts=1785845917500
[2026-08-04T12:18:37.640Z] [INFO] TRADE → ETHUSDT | price=1868.79000000 | qty=0.02240000 | ts=1785845917500
[2026-08-04T12:18:37.640Z] [INFO] TRADE → ETHUSDT | price=1868.79000000 | qty=0.77050000 | ts=1785845917500
[2026-08-04T12:18:37.640Z] [INFO] TRADE → ETHUSDT | price=1868.79000000 | qty=0.00280000 | ts=1785845917500
[2026-08-04T12:18:37.641Z] [INFO] TRADE → ETHUSDT | price=1868.79000000 | qty=0.00270000 | ts=1785845917500
[2026-08-04T12:18:37.641Z] [INFO] TRADE → ETHUSDT | price=1868.79000000 | qty=0.00270000 | ts=1785845917500
[2026-08-04T12:18:37.641Z] [INFO] TRADE → ETHUSDT | price=1868.79000000 | qty=0.00270000 | ts=1785845917500
[2026-08-04T12:18:37.641Z] [INFO] TRADE → ETHUSDT | price=1868.79000000 | qty=0.00270000 | ts=1785845917500
[2026-08-04T12:18:37.642Z] [INFO] TRADE → ETHUSDT | price=1868.78000000 | qty=0.00270000 | ts=1785845917500
[2026-08-04T12:18:37.642Z] [INFO] TRADE → ETHUSDT | price=1868.78000000 | qty=0.01930000 | ts=1785845917500
[2026-08-04T12:18:37.642Z] [INFO] TRADE → ETHUSDT | price=1868.78000000 | qty=0.00290000 | ts=1785845917500
[2026-08-04T12:18:37.643Z] [INFO] TRADE → ETHUSDT | price=1868.78000000 | qty=0.00290000 | ts=1785845917500
[2026-08-04T12:18:37.643Z] [INFO] TRADE → ETHUSDT | price=1868.78000000 | qty=0.00280000 | ts=1785845917500
[2026-08-04T12:18:37.643Z] [INFO] TRADE → ETHUSDT | price=1868.78000000 | qty=0.00270000 | ts=1785845917500
[2026-08-04T12:18:37.644Z] [INFO] TRADE → ETHUSDT | price=1868.78000000 | qty=0.00290000 | ts=1785845917500
[2026-08-04T12:18:37.644Z] [INFO] TRADE → ETHUSDT | price=1868.78000000 | qty=0.00270000 | ts=1785845917500
[2026-08-04T12:18:37.644Z] [INFO] TRADE → ETHUSDT | price=1868.78000000 | qty=0.00270000 | ts=1785845917500
[2026-08-04T12:18:37.644Z] [INFO] TRADE → ETHUSDT | price=1868.78000000 | qty=0.00270000 | ts=1785845917500
[2026-08-04T12:18:37.645Z] [INFO] TRADE → ETHUSDT | price=1868.77000000 | qty=0.00270000 | ts=1785845917500
[2026-08-04T12:18:37.645Z] [INFO] TRADE → ETHUSDT | price=1868.77000000 | qty=0.00270000 | ts=1785845917500
[2026-08-04T12:18:37.646Z] [INFO] TRADE → ETHUSDT | price=1868.77000000 | qty=0.00270000 | ts=1785845917500
[2026-08-04T12:18:37.646Z] [INFO] TRADE → ETHUSDT | price=1868.77000000 | qty=1.29320000 | ts=1785845917500
[2026-08-04T12:18:37.755Z] [INFO] TRADE → ETHUSDT | price=1868.77000000 | qty=0.00270000 | ts=1785845917637
[2026-08-04T12:18:37.755Z] [INFO] TRADE → ETHUSDT | price=1868.77000000 | qty=0.00270000 | ts=1785845917637
[2026-08-04T12:18:37.755Z] [INFO] TRADE → ETHUSDT | price=1868.77000000 | qty=0.00280000 | ts=1785845917637
[2026-08-04T12:18:37.756Z] [INFO] TRADE → ETHUSDT | price=1868.77000000 | qty=0.00270000 | ts=1785845917637
[2026-08-04T12:18:37.756Z] [INFO] TRADE → ETHUSDT | price=1868.77000000 | qty=0.00280000 | ts=1785845917637
[2026-08-04T12:18:37.756Z] [INFO] TRADE → ETHUSDT | price=1868.77000000 | qty=0.00280000 | ts=1785845917637
[2026-08-04T12:18:37.757Z] [INFO] TRADE → ETHUSDT | price=1868.77000000 | qty=0.00280000 | ts=1785845917637
[2026-08-04T12:18:37.757Z] [INFO] TRADE → ETHUSDT | price=1868.77000000 | qty=0.00280000 | ts=1785845917637
[2026-08-04T12:18:37.757Z] [INFO] TRADE → ETHUSDT | price=1868.77000000 | qty=0.00280000 | ts=1785845917637
[2026-08-04T12:18:37.758Z] [INFO] TRADE → ETHUSDT | price=1868.77000000 | qty=0.00280000 | ts=1785845917637
[2026-08-04T12:18:37.758Z] [INFO] TRADE → ETHUSDT | price=1868.77000000 | qty=0.00280000 | ts=1785845917637
[2026-08-04T12:18:37.758Z] [INFO] TRADE → ETHUSDT | price=1868.77000000 | qty=0.42410000 | ts=1785845917637
[2026-08-04T12:18:37.758Z] [INFO] TRADE → ETHUSDT | price=1868.77000000 | qty=0.00270000 | ts=1785845917637
[2026-08-04T12:18:37.759Z] [INFO] TRADE → ETHUSDT | price=1868.77000000 | qty=0.00280000 | ts=1785845917637
[2026-08-04T12:18:37.759Z] [INFO] TRADE → ETHUSDT | price=1868.77000000 | qty=0.00270000 | ts=1785845917637
[2026-08-04T12:18:37.759Z] [INFO] TRADE → ETHUSDT | price=1868.77000000 | qty=1.83150000 | ts=1785845917637
[2026-08-04T12:18:37.759Z] [INFO] TRADE → ETHUSDT | price=1868.77000000 | qty=1.82300000 | ts=1785845917637
[2026-08-04T12:18:37.760Z] [INFO] TRADE → ETHUSDT | price=1868.77000000 | qty=0.00270000 | ts=1785845917637
[2026-08-04T12:18:37.760Z] [INFO] TRADE → ETHUSDT | price=1868.77000000 | qty=0.00270000 | ts=1785845917637
[2026-08-04T12:18:37.760Z] [INFO] TRADE → ETHUSDT | price=1868.77000000 | qty=0.00270000 | ts=1785845917637
[2026-08-04T12:18:37.761Z] [INFO] TRADE → ETHUSDT | price=1868.77000000 | qty=0.00270000 | ts=1785845917637
[2026-08-04T12:18:37.762Z] [INFO] TRADE → ETHUSDT | price=1868.77000000 | qty=0.00270000 | ts=1785845917637
[2026-08-04T12:18:37.765Z] [INFO] TRADE → ETHUSDT | price=1868.77000000 | qty=0.00270000 | ts=1785845917637
[2026-08-04T12:18:37.766Z] [INFO] TRADE → ETHUSDT | price=1868.76000000 | qty=0.00270000 | ts=1785845917637
[2026-08-04T12:18:37.766Z] [INFO] TRADE → ETHUSDT | price=1868.76000000 | qty=0.00280000 | ts=1785845917637
[2026-08-04T12:18:37.766Z] [INFO] TRADE → ETHUSDT | price=1868.76000000 | qty=0.00280000 | ts=1785845917637
[2026-08-04T12:18:37.766Z] [INFO] TRADE → ETHUSDT | price=1868.76000000 | qty=0.00280000 | ts=1785845917637
[2026-08-04T12:18:37.767Z] [INFO] TRADE → ETHUSDT | price=1868.76000000 | qty=0.00280000 | ts=1785845917637
[2026-08-04T12:18:37.767Z] [INFO] TRADE → ETHUSDT | price=1868.75000000 | qty=0.00270000 | ts=1785845917637
[2026-08-04T12:18:37.767Z] [INFO] TRADE → ETHUSDT | price=1868.75000000 | qty=0.00270000 | ts=1785845917637
[2026-08-04T12:18:37.767Z] [INFO] TRADE → ETHUSDT | price=1868.75000000 | qty=0.00280000 | ts=1785845917637
[2026-08-04T12:18:37.768Z] [INFO] TRADE → ETHUSDT | price=1868.75000000 | qty=0.00270000 | ts=1785845917637
[2026-08-04T12:18:37.768Z] [INFO] TRADE → ETHUSDT | price=1868.75000000 | qty=0.00270000 | ts=1785845917637
[2026-08-04T12:18:37.768Z] [INFO] TRADE → ETHUSDT | price=1868.75000000 | qty=0.00270000 | ts=1785845917637
[2026-08-04T12:18:37.769Z] [INFO] TRADE → ETHUSDT | price=1868.75000000 | qty=0.00270000 | ts=1785845917637
[2026-08-04T12:18:37.769Z] [INFO] TRADE → ETHUSDT | price=1868.75000000 | qty=0.00270000 | ts=1785845917637
[2026-08-04T12:18:37.769Z] [INFO] TRADE → ETHUSDT | price=1868.75000000 | qty=0.00270000 | ts=1785845917637
[2026-08-04T12:18:37.769Z] [INFO] TRADE → ETHUSDT | price=1868.75000000 | qty=0.00270000 | ts=1785845917637
[2026-08-04T12:18:37.770Z] [INFO] TRADE → ETHUSDT | price=1868.75000000 | qty=0.00270000 | ts=1785845917637
[2026-08-04T12:18:37.770Z] [INFO] TRADE → ETHUSDT | price=1868.74000000 | qty=0.00270000 | ts=1785845917637
[2026-08-04T12:18:37.770Z] [INFO] TRADE → ETHUSDT | price=1868.74000000 | qty=0.00270000 | ts=1785845917637
[2026-08-04T12:18:37.770Z] [INFO] TRADE → ETHUSDT | price=1868.74000000 | qty=0.00290000 | ts=1785845917637
[2026-08-04T12:18:37.770Z] [INFO] TRADE → ETHUSDT | price=1868.74000000 | qty=0.00290000 | ts=1785845917637
[2026-08-04T12:18:37.771Z] [INFO] TRADE → ETHUSDT | price=1868.74000000 | qty=0.00280000 | ts=1785845917637
[2026-08-04T12:18:37.771Z] [INFO] TRADE → ETHUSDT | price=1868.74000000 | qty=0.00270000 | ts=1785845917637
[2026-08-04T12:18:37.771Z] [INFO] TRADE → ETHUSDT | price=1868.74000000 | qty=0.00290000 | ts=1785845917637
[2026-08-04T12:18:37.771Z] [INFO] TRADE → ETHUSDT | price=1868.74000000 | qty=0.00270000 | ts=1785845917637
[2026-08-04T12:18:37.772Z] [INFO] TRADE → ETHUSDT | price=1868.74000000 | qty=0.00270000 | ts=1785845917637
[2026-08-04T12:18:37.772Z] [INFO] TRADE → ETHUSDT | price=1868.74000000 | qty=0.00270000 | ts=1785845917637
[2026-08-04T12:18:37.772Z] [INFO] TRADE → ETHUSDT | price=1868.73000000 | qty=0.00800000 | ts=1785845917637
[2026-08-04T12:18:37.773Z] [INFO] TRADE → ETHUSDT | price=1868.73000000 | qty=1.12110000 | ts=1785845917637
[2026-08-04T12:18:37.982Z] [INFO] TRADE → ETHUSDT | price=1868.74000000 | qty=3.71400000 | ts=1785845917866
[2026-08-04T12:18:37.997Z] [INFO] TRADE → BTCUSDT | price=63819.99000000 | qty=0.18229000 | ts=1785845917878
[2026-08-04T12:18:38.001Z] [INFO] TRADE → BTCUSDT | price=63819.99000000 | qty=0.01503000 | ts=1785845917879
[2026-08-04T12:18:38.001Z] [INFO] TRADE → BTCUSDT | price=63819.99000000 | qty=0.68040000 | ts=1785845917879
[2026-08-04T12:18:38.002Z] [INFO] TRADE → BTCUSDT | price=63819.99000000 | qty=0.14460000 | ts=1785845917879
[2026-08-04T12:18:38.005Z] [INFO] TRADE → BTCUSDT | price=63819.99000000 | qty=0.03998000 | ts=1785845917879
[2026-08-04T12:18:38.005Z] [INFO] TRADE → ETHUSDT | price=1868.73000000 | qty=0.00290000 | ts=1785845917879
[2026-08-04T12:18:38.005Z] [INFO] TRADE → BTCUSDT | price=63819.99000000 | qty=0.09667000 | ts=1785845917879
[2026-08-04T12:18:38.006Z] [INFO] TRADE → ETHUSDT | price=1868.73000000 | qty=0.00290000 | ts=1785845917879
[2026-08-04T12:18:38.006Z] [INFO] TRADE → BTCUSDT | price=63819.99000000 | qty=0.02331000 | ts=1785845917879
[2026-08-04T12:18:38.006Z] [INFO] TRADE → ETHUSDT | price=1868.73000000 | qty=0.00280000 | ts=1785845917879
[2026-08-04T12:18:38.007Z] [INFO] TRADE → BTCUSDT | price=63819.99000000 | qty=0.03331000 | ts=1785845917880
[2026-08-04T12:18:38.007Z] [INFO] TRADE → ETHUSDT | price=1868.73000000 | qty=0.00270000 | ts=1785845917879
[2026-08-04T12:18:38.007Z] [INFO] TRADE → BTCUSDT | price=63819.99000000 | qty=0.01267000 | ts=1785845917880
[2026-08-04T12:18:38.007Z] [INFO] TRADE → ETHUSDT | price=1868.73000000 | qty=0.00270000 | ts=1785845917879
[2026-08-04T12:18:38.008Z] [INFO] TRADE → BTCUSDT | price=63819.99000000 | qty=0.10486000 | ts=1785845917880
[2026-08-04T12:18:38.008Z] [INFO] TRADE → ETHUSDT | price=1868.73000000 | qty=0.00280000 | ts=1785845917879
[2026-08-04T12:18:38.008Z] [INFO] TRADE → BTCUSDT | price=63819.99000000 | qty=0.00008000 | ts=1785845917880
[2026-08-04T12:18:38.008Z] [INFO] TRADE → ETHUSDT | price=1868.73000000 | qty=0.00280000 | ts=1785845917879
[2026-08-04T12:18:38.009Z] [INFO] TRADE → BTCUSDT | price=63819.99000000 | qty=0.00008000 | ts=1785845917880
[2026-08-04T12:18:38.009Z] [INFO] TRADE → ETHUSDT | price=1868.73000000 | qty=0.00280000 | ts=1785845917879
[2026-08-04T12:18:38.009Z] [INFO] TRADE → BTCUSDT | price=63819.99000000 | qty=0.00008000 | ts=1785845917880
[2026-08-04T12:18:38.009Z] [INFO] TRADE → ETHUSDT | price=1868.73000000 | qty=0.00280000 | ts=1785845917879
[2026-08-04T12:18:38.010Z] [INFO] TRADE → BTCUSDT | price=63819.99000000 | qty=0.00016000 | ts=1785845917880
[2026-08-04T12:18:38.010Z] [INFO] TRADE → ETHUSDT | price=1868.73000000 | qty=0.00280000 | ts=1785845917879
[2026-08-04T12:18:38.010Z] [INFO] TRADE → BTCUSDT | price=63819.99000000 | qty=0.00009000 | ts=1785845917880
[2026-08-04T12:18:38.010Z] [INFO] TRADE → ETHUSDT | price=1868.73000000 | qty=0.00280000 | ts=1785845917879
[2026-08-04T12:18:38.010Z] [INFO] TRADE → BTCUSDT | price=63819.99000000 | qty=0.00008000 | ts=1785845917880
[2026-08-04T12:18:38.011Z] [INFO] TRADE → ETHUSDT | price=1868.73000000 | qty=0.00280000 | ts=1785845917879
[2026-08-04T12:18:38.011Z] [INFO] TRADE → BTCUSDT | price=63819.99000000 | qty=0.00008000 | ts=1785845917880
[2026-08-04T12:18:38.011Z] [INFO] TRADE → ETHUSDT | price=1868.73000000 | qty=0.00270000 | ts=1785845917879
[2026-08-04T12:18:38.012Z] [INFO] TRADE → BTCUSDT | price=63819.99000000 | qty=0.00008000 | ts=1785845917880
[2026-08-04T12:18:38.012Z] [INFO] TRADE → ETHUSDT | price=1868.73000000 | qty=0.00270000 | ts=1785845917879
[2026-08-04T12:18:38.012Z] [INFO] TRADE → BTCUSDT | price=63819.99000000 | qty=0.00783000 | ts=1785845917880
[2026-08-04T12:18:38.012Z] [INFO] TRADE → ETHUSDT | price=1868.73000000 | qty=0.00280000 | ts=1785845917879
[2026-08-04T12:18:38.013Z] [INFO] TRADE → BTCUSDT | price=63819.99000000 | qty=0.00008000 | ts=1785845917880
[2026-08-04T12:18:38.013Z] [INFO] TRADE → ETHUSDT | price=1868.73000000 | qty=0.00270000 | ts=1785845917879
[2026-08-04T12:18:38.013Z] [INFO] TRADE → BTCUSDT | price=63819.99000000 | qty=0.00048000 | ts=1785845917880
[2026-08-04T12:18:38.013Z] [INFO] TRADE → ETHUSDT | price=1868.73000000 | qty=0.00290000 | ts=1785845917879
[2026-08-04T12:18:38.014Z] [INFO] TRADE → BTCUSDT | price=63819.99000000 | qty=0.00069000 | ts=1785845917880
[2026-08-04T12:18:38.014Z] [INFO] TRADE → ETHUSDT | price=1868.73000000 | qty=0.00270000 | ts=1785845917879
[2026-08-04T12:18:38.014Z] [INFO] TRADE → BTCUSDT | price=63819.99000000 | qty=0.00191000 | ts=1785845917880
[2026-08-04T12:18:38.014Z] [INFO] TRADE → ETHUSDT | price=1868.72000000 | qty=0.00270000 | ts=1785845917879
[2026-08-04T12:18:38.015Z] [INFO] TRADE → BTCUSDT | price=63819.99000000 | qty=0.00048000 | ts=1785845917880
[2026-08-04T12:18:38.015Z] [INFO] TRADE → ETHUSDT | price=1868.72000000 | qty=0.11500000 | ts=1785845917879
[2026-08-04T12:18:38.015Z] [INFO] TRADE → BTCUSDT | price=63819.99000000 | qty=0.00047000 | ts=1785845917880
[2026-08-04T12:18:38.015Z] [INFO] TRADE → ETHUSDT | price=1868.72000000 | qty=0.00290000 | ts=1785845917879
[2026-08-04T12:18:38.015Z] [INFO] TRADE → BTCUSDT | price=63819.99000000 | qty=0.13204000 | ts=1785845917880
[2026-08-04T12:18:38.016Z] [INFO] TRADE → ETHUSDT | price=1868.72000000 | qty=0.00290000 | ts=1785845917879
[2026-08-04T12:18:38.016Z] [INFO] TRADE → BTCUSDT | price=63819.99000000 | qty=0.00008000 | ts=1785845917880
[2026-08-04T12:18:38.016Z] [INFO] TRADE → ETHUSDT | price=1868.72000000 | qty=0.00280000 | ts=1785845917879
[2026-08-04T12:18:38.016Z] [INFO] TRADE → BTCUSDT | price=63819.99000000 | qty=0.00700000 | ts=1785845917880
[2026-08-04T12:18:38.017Z] [INFO] TRADE → ETHUSDT | price=1868.72000000 | qty=0.00280000 | ts=1785845917879
[2026-08-04T12:18:38.017Z] [INFO] TRADE → BTCUSDT | price=63819.99000000 | qty=0.00700000 | ts=1785845917880
[2026-08-04T12:18:38.017Z] [INFO] TRADE → ETHUSDT | price=1868.72000000 | qty=0.00280000 | ts=1785845917879
[2026-08-04T12:18:38.018Z] [INFO] TRADE → BTCUSDT | price=63819.99000000 | qty=0.00009000 | ts=1785845917880
[2026-08-04T12:18:38.018Z] [INFO] TRADE → ETHUSDT | price=1868.72000000 | qty=0.00280000 | ts=1785845917879
[2026-08-04T12:18:38.019Z] [INFO] TRADE → BTCUSDT | price=63819.99000000 | qty=0.00009000 | ts=1785845917880
[2026-08-04T12:18:38.019Z] [INFO] TRADE → ETHUSDT | price=1868.72000000 | qty=0.00270000 | ts=1785845917879
[2026-08-04T12:18:38.019Z] [INFO] TRADE → BTCUSDT | price=63819.99000000 | qty=0.00700000 | ts=1785845917880
[2026-08-04T12:18:38.019Z] [INFO] TRADE → ETHUSDT | price=1868.72000000 | qty=0.11500000 | ts=1785845917879
[2026-08-04T12:18:38.019Z] [INFO] TRADE → BTCUSDT | price=63819.99000000 | qty=0.00008000 | ts=1785845917880
[2026-08-04T12:18:38.020Z] [INFO] TRADE → ETHUSDT | price=1868.72000000 | qty=0.00290000 | ts=1785845917879
[2026-08-04T12:18:38.020Z] [INFO] TRADE → BTCUSDT | price=63819.99000000 | qty=0.00700000 | ts=1785845917880
[2026-08-04T12:18:38.020Z] [INFO] TRADE → ETHUSDT | price=1868.72000000 | qty=0.11500000 | ts=1785845917879
[2026-08-04T12:18:38.020Z] [INFO] TRADE → BTCUSDT | price=63819.99000000 | qty=0.00010000 | ts=1785845917880
[2026-08-04T12:18:38.020Z] [INFO] TRADE → ETHUSDT | price=1868.72000000 | qty=0.11500000 | ts=1785845917879
[2026-08-04T12:18:38.021Z] [INFO] TRADE → BTCUSDT | price=63819.99000000 | qty=0.00700000 | ts=1785845917880
[2026-08-04T12:18:38.021Z] [INFO] TRADE → ETHUSDT | price=1868.72000000 | qty=0.11500000 | ts=1785845917879
[2026-08-04T12:18:38.021Z] [INFO] TRADE → BTCUSDT | price=63819.99000000 | qty=0.00009000 | ts=1785845917880
[2026-08-04T12:18:38.021Z] [INFO] TRADE → ETHUSDT | price=1868.72000000 | qty=0.11500000 | ts=1785845917879
[2026-08-04T12:18:38.022Z] [INFO] TRADE → BTCUSDT | price=63819.99000000 | qty=0.00009000 | ts=1785845917880
[2026-08-04T12:18:38.022Z] [INFO] TRADE → ETHUSDT | price=1868.72000000 | qty=0.11500000 | ts=1785845917879
[2026-08-04T12:18:38.022Z] [INFO] TRADE → BTCUSDT | price=63819.99000000 | qty=0.00009000 | ts=1785845917880
[2026-08-04T12:18:38.023Z] [INFO] TRADE → ETHUSDT | price=1868.72000000 | qty=0.11500000 | ts=1785845917879
[2026-08-04T12:18:38.023Z] [INFO] TRADE → BTCUSDT | price=63819.99000000 | qty=0.00009000 | ts=1785845917880
[2026-08-04T12:18:38.023Z] [INFO] TRADE → ETHUSDT | price=1868.72000000 | qty=0.11500000 | ts=1785845917879
[2026-08-04T12:18:38.024Z] [INFO] TRADE → BTCUSDT | price=63819.99000000 | qty=0.00009000 | ts=1785845917880
[2026-08-04T12:18:38.024Z] [INFO] TRADE → ETHUSDT | price=1868.72000000 | qty=0.11500000 | ts=1785845917879
[2026-08-04T12:18:38.024Z] [INFO] TRADE → BTCUSDT | price=63819.99000000 | qty=0.00009000 | ts=1785845917880
[2026-08-04T12:18:38.025Z] [INFO] TRADE → ETHUSDT | price=1868.72000000 | qty=0.02500000 | ts=1785845917879
[2026-08-04T12:18:38.026Z] [INFO] TRADE → BTCUSDT | price=63819.99000000 | qty=0.00009000 | ts=1785845917880
[2026-08-04T12:18:38.026Z] [INFO] TRADE → ETHUSDT | price=1868.71000000 | qty=0.90000000 | ts=1785845917881
[2026-08-04T12:18:38.026Z] [INFO] TRADE → BTCUSDT | price=63819.99000000 | qty=0.00009000 | ts=1785845917880
[2026-08-04T12:18:38.027Z] [INFO] TRADE → ETHUSDT | price=1868.71000000 | qty=0.00270000 | ts=1785845917881
[2026-08-04T12:18:38.027Z] [INFO] TRADE → BTCUSDT | price=63819.99000000 | qty=0.00009000 | ts=1785845917880
[2026-08-04T12:18:38.027Z] [INFO] TRADE → ETHUSDT | price=1868.71000000 | qty=0.00270000 | ts=1785845917881
[2026-08-04T12:18:38.028Z] [INFO] TRADE → BTCUSDT | price=63819.99000000 | qty=0.00009000 | ts=1785845917880
[2026-08-04T12:18:38.028Z] [INFO] TRADE → ETHUSDT | price=1868.71000000 | qty=0.00280000 | ts=1785845917881
[2026-08-04T12:18:38.028Z] [INFO] TRADE → BTCUSDT | price=63819.99000000 | qty=0.00009000 | ts=1785845917880
[2026-08-04T12:18:38.028Z] [INFO] TRADE → ETHUSDT | price=1868.71000000 | qty=1.21100000 | ts=1785845917881
[2026-08-04T12:18:38.029Z] [INFO] TRADE → BTCUSDT | price=63819.99000000 | qty=0.00009000 | ts=1785845917880
[2026-08-04T12:18:38.029Z] [INFO] TRADE → ETHUSDT | price=1868.71000000 | qty=0.00280000 | ts=1785845917881
[2026-08-04T12:18:38.029Z] [INFO] TRADE → BTCUSDT | price=63819.99000000 | qty=0.00009000 | ts=1785845917880
[2026-08-04T12:18:38.029Z] [INFO] TRADE → ETHUSDT | price=1868.71000000 | qty=0.00270000 | ts=1785845917881
[2026-08-04T12:18:38.030Z] [INFO] TRADE → BTCUSDT | price=63819.99000000 | qty=0.00009000 | ts=1785845917880
[2026-08-04T12:18:38.030Z] [INFO] TRADE → ETHUSDT | price=1868.71000000 | qty=0.00270000 | ts=1785845917881
[2026-08-04T12:18:38.030Z] [INFO] TRADE → BTCUSDT | price=63819.99000000 | qty=0.00009000 | ts=1785845917880
[2026-08-04T12:18:38.030Z] [INFO] TRADE → ETHUSDT | price=1868.70000000 | qty=0.00300000 | ts=1785845917881
[2026-08-04T12:18:38.031Z] [INFO] TRADE → BTCUSDT | price=63819.99000000 | qty=0.00441000 | ts=1785845917880
[2026-08-04T12:18:38.032Z] [INFO] TRADE → ETHUSDT | price=1868.70000000 | qty=0.00300000 | ts=1785845917881
[2026-08-04T12:18:38.032Z] [INFO] TRADE → BTCUSDT | price=63819.99000000 | qty=0.00009000 | ts=1785845917880
[2026-08-04T12:18:38.032Z] [INFO] TRADE → ETHUSDT | price=1868.70000000 | qty=0.00280000 | ts=1785845917881
[2026-08-04T12:18:38.032Z] [INFO] TRADE → BTCUSDT | price=63819.99000000 | qty=0.00009000 | ts=1785845917880
[2026-08-04T12:18:38.033Z] [INFO] TRADE → ETHUSDT | price=1868.69000000 | qty=0.00270000 | ts=1785845917881
[2026-08-04T12:18:38.033Z] [INFO] TRADE → BTCUSDT | price=63819.99000000 | qty=0.02412000 | ts=1785845917880
[2026-08-04T12:18:38.033Z] [INFO] TRADE → ETHUSDT | price=1868.69000000 | qty=0.00280000 | ts=1785845917881
[2026-08-04T12:18:38.034Z] [INFO] TRADE → BTCUSDT | price=63819.99000000 | qty=0.00063000 | ts=1785845917880
[2026-08-04T12:18:38.034Z] [INFO] TRADE → ETHUSDT | price=1868.69000000 | qty=0.00270000 | ts=1785845917881
[2026-08-04T12:18:38.035Z] [INFO] TRADE → BTCUSDT | price=63819.99000000 | qty=0.00009000 | ts=1785845917880
[2026-08-04T12:18:38.036Z] [INFO] TRADE → ETHUSDT | price=1868.68000000 | qty=0.00270000 | ts=1785845917882
[2026-08-04T12:18:38.036Z] [INFO] TRADE → BTCUSDT | price=63819.99000000 | qty=0.00008000 | ts=1785845917880
[2026-08-04T12:18:38.036Z] [INFO] TRADE → ETHUSDT | price=1868.68000000 | qty=0.00290000 | ts=1785845917882
[2026-08-04T12:18:38.037Z] [INFO] TRADE → BTCUSDT | price=63819.99000000 | qty=0.00008000 | ts=1785845917880
[2026-08-04T12:18:38.037Z] [INFO] TRADE → ETHUSDT | price=1868.68000000 | qty=0.00290000 | ts=1785845917882
[2026-08-04T12:18:38.037Z] [INFO] TRADE → BTCUSDT | price=63819.99000000 | qty=0.00008000 | ts=1785845917880
[2026-08-04T12:18:38.037Z] [INFO] TRADE → ETHUSDT | price=1868.68000000 | qty=0.00280000 | ts=1785845917882
[2026-08-04T12:18:38.038Z] [INFO] TRADE → BTCUSDT | price=63819.99000000 | qty=0.00008000 | ts=1785845917880
[2026-08-04T12:18:38.038Z] [INFO] TRADE → ETHUSDT | price=1868.68000000 | qty=0.00270000 | ts=1785845917882
[2026-08-04T12:18:38.039Z] [INFO] TRADE → BTCUSDT | price=63819.99000000 | qty=0.00008000 | ts=1785845917880
[2026-08-04T12:18:38.039Z] [INFO] TRADE → ETHUSDT | price=1868.68000000 | qty=0.00290000 | ts=1785845917882
[2026-08-04T12:18:38.039Z] [INFO] TRADE → BTCUSDT | price=63819.99000000 | qty=0.00008000 | ts=1785845917880
[2026-08-04T12:18:38.040Z] [INFO] TRADE → ETHUSDT | price=1868.68000000 | qty=0.00270000 | ts=1785845917882
[2026-08-04T12:18:38.040Z] [INFO] TRADE → BTCUSDT | price=63819.99000000 | qty=0.00008000 | ts=1785845917880
[2026-08-04T12:18:38.040Z] [INFO] TRADE → ETHUSDT | price=1868.68000000 | qty=0.00270000 | ts=1785845917882
[2026-08-04T12:18:38.040Z] [INFO] TRADE → BTCUSDT | price=63819.99000000 | qty=0.00008000 | ts=1785845917880
[2026-08-04T12:18:38.041Z] [INFO] TRADE → ETHUSDT | price=1868.68000000 | qty=0.00270000 | ts=1785845917882
[2026-08-04T12:18:38.041Z] [INFO] TRADE → BTCUSDT | price=63819.99000000 | qty=0.00008000 | ts=1785845917880
[2026-08-04T12:18:38.041Z] [INFO] TRADE → ETHUSDT | price=1868.67000000 | qty=0.00270000 | ts=1785845917882
[2026-08-04T12:18:38.042Z] [INFO] TRADE → BTCUSDT | price=63819.99000000 | qty=0.00008000 | ts=1785845917880
[2026-08-04T12:18:38.042Z] [INFO] TRADE → ETHUSDT | price=1868.67000000 | qty=0.00270000 | ts=1785845917882
[2026-08-04T12:18:38.042Z] [INFO] TRADE → BTCUSDT | price=63819.99000000 | qty=0.00008000 | ts=1785845917880
[2026-08-04T12:18:38.042Z] [INFO] TRADE → ETHUSDT | price=1868.67000000 | qty=0.12070000 | ts=1785845917882
[2026-08-04T12:18:38.043Z] [INFO] TRADE → BTCUSDT | price=63819.99000000 | qty=0.00008000 | ts=1785845917880
[2026-08-04T12:18:38.043Z] [INFO] TRADE → ETHUSDT | price=1868.67000000 | qty=0.13210000 | ts=1785845917882
[2026-08-04T12:18:38.043Z] [INFO] TRADE → BTCUSDT | price=63819.99000000 | qty=0.00008000 | ts=1785845917880
[2026-08-04T12:18:38.044Z] [INFO] TRADE → ETHUSDT | price=1868.67000000 | qty=0.00280000 | ts=1785845917882
[2026-08-04T12:18:38.044Z] [INFO] TRADE → BTCUSDT | price=63819.99000000 | qty=0.00008000 | ts=1785845917880
[2026-08-04T12:18:38.044Z] [INFO] TRADE → ETHUSDT | price=1868.67000000 | qty=0.00270000 | ts=1785845917882
[2026-08-04T12:18:38.044Z] [INFO] TRADE → BTCUSDT | price=63819.99000000 | qty=0.00008000 | ts=1785845917880
[2026-08-04T12:18:38.045Z] [INFO] TRADE → ETHUSDT | price=1868.67000000 | qty=0.00270000 | ts=1785845917882
[2026-08-04T12:18:38.045Z] [INFO] TRADE → BTCUSDT | price=63819.99000000 | qty=0.00008000 | ts=1785845917880
[2026-08-04T12:18:38.045Z] [INFO] TRADE → ETHUSDT | price=1868.67000000 | qty=0.00270000 | ts=1785845917882
[2026-08-04T12:18:38.046Z] [INFO] TRADE → BTCUSDT | price=63819.99000000 | qty=0.00008000 | ts=1785845917880
[2026-08-04T12:18:38.046Z] [INFO] TRADE → ETHUSDT | price=1868.67000000 | qty=0.00270000 | ts=1785845917882
[2026-08-04T12:18:38.046Z] [INFO] TRADE → BTCUSDT | price=63819.99000000 | qty=0.00008000 | ts=1785845917880
[2026-08-04T12:18:38.046Z] [INFO] TRADE → ETHUSDT | price=1868.66000000 | qty=0.00410000 | ts=1785845917882
[2026-08-04T12:18:38.047Z] [INFO] TRADE → BTCUSDT | price=63819.99000000 | qty=0.00008000 | ts=1785845917880
[2026-08-04T12:18:38.047Z] [INFO] TRADE → ETHUSDT | price=1868.66000000 | qty=0.00270000 | ts=1785845917882
[2026-08-04T12:18:38.047Z] [INFO] TRADE → BTCUSDT | price=63819.99000000 | qty=0.00008000 | ts=1785845917880
[2026-08-04T12:18:38.047Z] [INFO] TRADE → ETHUSDT | price=1868.66000000 | qty=0.02170000 | ts=1785845917882
[2026-08-04T12:18:38.048Z] [INFO] TRADE → BTCUSDT | price=63819.98000000 | qty=0.00009000 | ts=1785845917880
[2026-08-04T12:18:38.048Z] [INFO] TRADE → ETHUSDT | price=1868.66000000 | qty=0.00280000 | ts=1785845917882
[2026-08-04T12:18:38.048Z] [INFO] TRADE → BTCUSDT | price=63819.98000000 | qty=0.00016000 | ts=1785845917880
[2026-08-04T12:18:38.049Z] [INFO] TRADE → ETHUSDT | price=1868.66000000 | qty=0.00270000 | ts=1785845917882
[2026-08-04T12:18:38.049Z] [INFO] TRADE → BTCUSDT | price=63819.98000000 | qty=0.00009000 | ts=1785845917880
[2026-08-04T12:18:38.049Z] [INFO] TRADE → ETHUSDT | price=1868.65000000 | qty=0.00270000 | ts=1785845917882
[2026-08-04T12:18:38.049Z] [INFO] TRADE → BTCUSDT | price=63819.98000000 | qty=0.00009000 | ts=1785845917880
[2026-08-04T12:18:38.050Z] [INFO] TRADE → ETHUSDT | price=1868.65000000 | qty=0.00860000 | ts=1785845917882
[2026-08-04T12:18:38.050Z] [INFO] TRADE → BTCUSDT | price=63819.98000000 | qty=0.00009000 | ts=1785845917880
[2026-08-04T12:18:38.050Z] [INFO] TRADE → ETHUSDT | price=1868.65000000 | qty=0.00270000 | ts=1785845917882
[2026-08-04T12:18:38.050Z] [INFO] TRADE → BTCUSDT | price=63819.98000000 | qty=0.00009000 | ts=1785845917880
[2026-08-04T12:18:38.051Z] [INFO] TRADE → ETHUSDT | price=1868.65000000 | qty=0.00290000 | ts=1785845917882
[2026-08-04T12:18:38.051Z] [INFO] TRADE → BTCUSDT | price=63819.98000000 | qty=0.00009000 | ts=1785845917880
[2026-08-04T12:18:38.051Z] [INFO] TRADE → ETHUSDT | price=1868.65000000 | qty=0.00290000 | ts=1785845917882
[2026-08-04T12:18:38.052Z] [INFO] TRADE → BTCUSDT | price=63819.98000000 | qty=0.00009000 | ts=1785845917880
[2026-08-04T12:18:38.052Z] [INFO] TRADE → ETHUSDT | price=1868.65000000 | qty=0.00280000 | ts=1785845917882
[2026-08-04T12:18:38.052Z] [INFO] TRADE → BTCUSDT | price=63819.98000000 | qty=0.00009000 | ts=1785845917880
[2026-08-04T12:18:38.052Z] [INFO] TRADE → ETHUSDT | price=1868.65000000 | qty=0.00270000 | ts=1785845917882
[2026-08-04T12:18:38.053Z] [INFO] TRADE → BTCUSDT | price=63819.98000000 | qty=0.00009000 | ts=1785845917880
[2026-08-04T12:18:38.053Z] [INFO] TRADE → ETHUSDT | price=1868.65000000 | qty=0.00290000 | ts=1785845917882
[2026-08-04T12:18:38.054Z] [INFO] TRADE → BTCUSDT | price=63819.97000000 | qty=0.00016000 | ts=1785845917880
[2026-08-04T12:18:38.054Z] [INFO] TRADE → ETHUSDT | price=1868.64000000 | qty=0.00410000 | ts=1785845917885
[2026-08-04T12:18:38.054Z] [INFO] TRADE → BTCUSDT | price=63819.96000000 | qty=0.00009000 | ts=1785845917880
[2026-08-04T12:18:38.055Z] [INFO] TRADE → ETHUSDT | price=1868.64000000 | qty=0.00270000 | ts=1785845917885
[2026-08-04T12:18:38.055Z] [INFO] TRADE → BTCUSDT | price=63819.96000000 | qty=0.00009000 | ts=1785845917880
[2026-08-04T12:18:38.055Z] [INFO] TRADE → ETHUSDT | price=1868.64000000 | qty=0.00270000 | ts=1785845917885
[2026-08-04T12:18:38.056Z] [INFO] TRADE → BTCUSDT | price=63819.96000000 | qty=0.00009000 | ts=1785845917880
[2026-08-04T12:18:38.056Z] [INFO] TRADE → ETHUSDT | price=1868.64000000 | qty=0.00270000 | ts=1785845917885
[2026-08-04T12:18:38.056Z] [INFO] TRADE → BTCUSDT | price=63819.95000000 | qty=0.05000000 | ts=1785845917880
[2026-08-04T12:18:38.056Z] [INFO] TRADE → ETHUSDT | price=1868.64000000 | qty=0.00270000 | ts=1785845917885
[2026-08-04T12:18:38.056Z] [INFO] TRADE → ETHUSDT | price=1868.64000000 | qty=0.00540000 | ts=1785845917897
[2026-08-04T12:18:38.057Z] [INFO] TRADE → BTCUSDT | price=63819.95000000 | qty=0.00008000 | ts=1785845917880
[2026-08-04T12:18:38.057Z] [INFO] TRADE → ETHUSDT | price=1868.63000000 | qty=0.00280000 | ts=1785845917899
[2026-08-04T12:18:38.057Z] [INFO] TRADE → BTCUSDT | price=63819.95000000 | qty=0.00008000 | ts=1785845917880
[2026-08-04T12:18:38.057Z] [INFO] TRADE → ETHUSDT | price=1868.63000000 | qty=0.00280000 | ts=1785845917899
[2026-08-04T12:18:38.057Z] [INFO] TRADE → BTCUSDT | price=63819.95000000 | qty=0.00009000 | ts=1785845917880
[2026-08-04T12:18:38.058Z] [INFO] TRADE → ETHUSDT | price=1868.63000000 | qty=0.00270000 | ts=1785845917899
[2026-08-04T12:18:38.058Z] [INFO] TRADE → BTCUSDT | price=63819.95000000 | qty=0.00008000 | ts=1785845917880
[2026-08-04T12:18:38.058Z] [INFO] TRADE → ETHUSDT | price=1868.63000000 | qty=0.00270000 | ts=1785845917899
[2026-08-04T12:18:38.058Z] [INFO] TRADE → BTCUSDT | price=63819.95000000 | qty=0.00008000 | ts=1785845917880
[2026-08-04T12:18:38.058Z] [INFO] TRADE → ETHUSDT | price=1868.63000000 | qty=0.00280000 | ts=1785845917899
[2026-08-04T12:18:38.059Z] [INFO] TRADE → BTCUSDT | price=63819.91000000 | qty=0.00009000 | ts=1785845917880
[2026-08-04T12:18:38.059Z] [INFO] TRADE → ETHUSDT | price=1868.63000000 | qty=0.00280000 | ts=1785845917899
[2026-08-04T12:18:38.059Z] [INFO] TRADE → BTCUSDT | price=63819.91000000 | qty=0.00009000 | ts=1785845917880
[2026-08-04T12:18:38.059Z] [INFO] TRADE → ETHUSDT | price=1868.63000000 | qty=0.00280000 | ts=1785845917899
[2026-08-04T12:18:38.060Z] [INFO] TRADE → BTCUSDT | price=63819.91000000 | qty=0.00009000 | ts=1785845917880
[2026-08-04T12:18:38.060Z] [INFO] TRADE → ETHUSDT | price=1868.63000000 | qty=0.00280000 | ts=1785845917899
[2026-08-04T12:18:38.060Z] [INFO] TRADE → BTCUSDT | price=63819.90000000 | qty=0.05000000 | ts=1785845917880
[2026-08-04T12:18:38.060Z] [INFO] TRADE → ETHUSDT | price=1868.63000000 | qty=0.00280000 | ts=1785845917899
[2026-08-04T12:18:38.060Z] [INFO] TRADE → BTCUSDT | price=63819.90000000 | qty=0.00009000 | ts=1785845917880
[2026-08-04T12:18:38.061Z] [INFO] TRADE → ETHUSDT | price=1868.63000000 | qty=0.00280000 | ts=1785845917899
[2026-08-04T12:18:38.061Z] [INFO] TRADE → BTCUSDT | price=63819.90000000 | qty=0.00008000 | ts=1785845917880
[2026-08-04T12:18:38.062Z] [INFO] TRADE → ETHUSDT | price=1868.63000000 | qty=0.00280000 | ts=1785845917899
[2026-08-04T12:18:38.062Z] [INFO] TRADE → BTCUSDT | price=63819.90000000 | qty=0.00008000 | ts=1785845917880
[2026-08-04T12:18:38.063Z] [INFO] TRADE → ETHUSDT | price=1868.63000000 | qty=0.00280000 | ts=1785845917899
[2026-08-04T12:18:38.063Z] [INFO] TRADE → BTCUSDT | price=63819.74000000 | qty=0.00009000 | ts=1785845917881
[2026-08-04T12:18:38.063Z] [INFO] TRADE → ETHUSDT | price=1868.63000000 | qty=0.00280000 | ts=1785845917899
[2026-08-04T12:18:38.064Z] [INFO] TRADE → BTCUSDT | price=63819.30000000 | qty=0.00009000 | ts=1785845917881
[2026-08-04T12:18:38.064Z] [INFO] TRADE → ETHUSDT | price=1868.63000000 | qty=0.00270000 | ts=1785845917899
[2026-08-04T12:18:38.064Z] [INFO] TRADE → BTCUSDT | price=63819.23000000 | qty=0.00270000 | ts=1785845917881
[2026-08-04T12:18:38.064Z] [INFO] TRADE → BTCUSDT | price=63819.13000000 | qty=0.00009000 | ts=1785845917881
[2026-08-04T12:18:38.066Z] [INFO] TRADE → BTCUSDT | price=63819.13000000 | qty=0.00009000 | ts=1785845917881
[2026-08-04T12:18:38.066Z] [INFO] TRADE → BTCUSDT | price=63819.13000000 | qty=0.00009000 | ts=1785845917881
[2026-08-04T12:18:38.066Z] [INFO] TRADE → BTCUSDT | price=63819.12000000 | qty=0.00009000 | ts=1785845917881
[2026-08-04T12:18:38.067Z] [INFO] TRADE → BTCUSDT | price=63819.12000000 | qty=0.00009000 | ts=1785845917883
[2026-08-04T12:18:38.067Z] [INFO] TRADE → BTCUSDT | price=63819.12000000 | qty=0.00008000 | ts=1785845917883
[2026-08-04T12:18:38.067Z] [INFO] TRADE → BTCUSDT | price=63819.12000000 | qty=0.00008000 | ts=1785845917883
[2026-08-04T12:18:38.068Z] [INFO] TRADE → BTCUSDT | price=63819.03000000 | qty=0.01170000 | ts=1785845917883
[2026-08-04T12:18:38.068Z] [INFO] TRADE → BTCUSDT | price=63819.00000000 | qty=0.00008000 | ts=1785845917883
[2026-08-04T12:18:38.068Z] [INFO] TRADE → BTCUSDT | price=63818.01000000 | qty=0.00008000 | ts=1785845917885
[2026-08-04T12:18:38.069Z] [INFO] TRADE → BTCUSDT | price=63818.01000000 | qty=0.00009000 | ts=1785845917885
[2026-08-04T12:18:38.069Z] [INFO] TRADE → BTCUSDT | price=63818.01000000 | qty=0.00009000 | ts=1785845917885
[2026-08-04T12:18:38.069Z] [INFO] TRADE → BTCUSDT | price=63818.01000000 | qty=0.00008000 | ts=1785845917885
[2026-08-04T12:18:38.070Z] [INFO] TRADE → BTCUSDT | price=63818.01000000 | qty=0.00008000 | ts=1785845917885
[2026-08-04T12:18:38.070Z] [INFO] TRADE → BTCUSDT | price=63818.01000000 | qty=0.00009000 | ts=1785845917885
[2026-08-04T12:18:38.070Z] [INFO] TRADE → BTCUSDT | price=63818.01000000 | qty=0.00008000 | ts=1785845917885
[2026-08-04T12:18:38.071Z] [INFO] TRADE → BTCUSDT | price=63818.01000000 | qty=0.00008000 | ts=1785845917885
[2026-08-04T12:18:38.072Z] [INFO] TRADE → BTCUSDT | price=63818.01000000 | qty=0.00008000 | ts=1785845917885
[2026-08-04T12:18:38.072Z] [INFO] TRADE → BTCUSDT | price=63818.01000000 | qty=0.00008000 | ts=1785845917885
[2026-08-04T12:18:38.072Z] [INFO] TRADE → BTCUSDT | price=63818.00000000 | qty=0.00500000 | ts=1785845917889
[2026-08-04T12:18:38.073Z] [INFO] TRADE → BTCUSDT | price=63818.00000000 | qty=0.00600000 | ts=1785845917889
[2026-08-04T12:18:38.073Z] [INFO] TRADE → BTCUSDT | price=63818.00000000 | qty=0.00600000 | ts=1785845917889
[2026-08-04T12:18:38.073Z] [INFO] TRADE → BTCUSDT | price=63818.00000000 | qty=0.00800000 | ts=1785845917889
[2026-08-04T12:18:38.074Z] [INFO] TRADE → BTCUSDT | price=63818.00000000 | qty=0.00009000 | ts=1785845917889
[2026-08-04T12:18:38.074Z] [INFO] TRADE → BTCUSDT | price=63818.00000000 | qty=0.00009000 | ts=1785845917889
[2026-08-04T12:18:38.074Z] [INFO] TRADE → BTCUSDT | price=63818.00000000 | qty=0.00008000 | ts=1785845917889
[2026-08-04T12:18:38.075Z] [INFO] TRADE → BTCUSDT | price=63818.00000000 | qty=0.00008000 | ts=1785845917889
[2026-08-04T12:18:38.075Z] [INFO] TRADE → BTCUSDT | price=63818.00000000 | qty=0.00001000 | ts=1785845917889
[2026-08-04T12:18:38.075Z] [INFO] TRADE → BTCUSDT | price=63818.00000000 | qty=0.00008000 | ts=1785845917893
[2026-08-04T12:18:38.075Z] [INFO] TRADE → BTCUSDT | price=63818.00000000 | qty=0.00009000 | ts=1785845917893
[2026-08-04T12:18:38.076Z] [INFO] TRADE → BTCUSDT | price=63818.00000000 | qty=0.00008000 | ts=1785845917893
[2026-08-04T12:18:38.076Z] [INFO] TRADE → BTCUSDT | price=63818.00000000 | qty=0.00009000 | ts=1785845917893
[2026-08-04T12:18:38.076Z] [INFO] TRADE → BTCUSDT | price=63818.00000000 | qty=0.00009000 | ts=1785845917893
[2026-08-04T12:18:38.076Z] [INFO] TRADE → BTCUSDT | price=63818.00000000 | qty=0.00009000 | ts=1785845917893
[2026-08-04T12:18:38.077Z] [INFO] TRADE → BTCUSDT | price=63818.00000000 | qty=0.00009000 | ts=1785845917893
[2026-08-04T12:18:38.077Z] [INFO] TRADE → BTCUSDT | price=63818.00000000 | qty=0.00009000 | ts=1785845917893
[2026-08-04T12:18:38.077Z] [INFO] TRADE → BTCUSDT | price=63818.00000000 | qty=0.00009000 | ts=1785845917893
[2026-08-04T12:18:38.078Z] [INFO] TRADE → BTCUSDT | price=63818.00000000 | qty=0.00009000 | ts=1785845917893
[2026-08-04T12:18:38.078Z] [INFO] TRADE → BTCUSDT | price=63818.00000000 | qty=0.00008000 | ts=1785845917893
[2026-08-04T12:18:38.079Z] [INFO] TRADE → BTCUSDT | price=63818.00000000 | qty=0.00009000 | ts=1785845917893
[2026-08-04T12:18:38.079Z] [INFO] TRADE → BTCUSDT | price=63818.00000000 | qty=0.00009000 | ts=1785845917893
[2026-08-04T12:18:38.079Z] [INFO] TRADE → BTCUSDT | price=63818.00000000 | qty=0.00009000 | ts=1785845917893
[2026-08-04T12:18:38.080Z] [INFO] TRADE → BTCUSDT | price=63818.00000000 | qty=0.00009000 | ts=1785845917893
[2026-08-04T12:18:38.080Z] [INFO] TRADE → BTCUSDT | price=63818.00000000 | qty=0.00009000 | ts=1785845917893
[2026-08-04T12:18:38.081Z] [INFO] TRADE → BTCUSDT | price=63818.00000000 | qty=0.00009000 | ts=1785845917893
[2026-08-04T12:18:38.081Z] [INFO] TRADE → BTCUSDT | price=63818.00000000 | qty=0.00009000 | ts=1785845917893
[2026-08-04T12:18:38.081Z] [INFO] TRADE → BTCUSDT | price=63818.00000000 | qty=0.00009000 | ts=1785845917893
[2026-08-04T12:18:38.082Z] [INFO] TRADE → BTCUSDT | price=63818.00000000 | qty=0.00008000 | ts=1785845917893
[2026-08-04T12:18:38.082Z] [INFO] TRADE → BTCUSDT | price=63818.00000000 | qty=0.00009000 | ts=1785845917893
[2026-08-04T12:18:38.082Z] [INFO] TRADE → BTCUSDT | price=63818.00000000 | qty=0.00009000 | ts=1785845917893
[2026-08-04T12:18:38.083Z] [INFO] TRADE → BTCUSDT | price=63818.00000000 | qty=0.00009000 | ts=1785845917893
[2026-08-04T12:18:38.083Z] [INFO] TRADE → BTCUSDT | price=63818.00000000 | qty=0.00009000 | ts=1785845917893
[2026-08-04T12:18:38.084Z] [INFO] TRADE → BTCUSDT | price=63818.00000000 | qty=0.00009000 | ts=1785845917893
[2026-08-04T12:18:38.084Z] [INFO] TRADE → BTCUSDT | price=63818.00000000 | qty=0.04532000 | ts=1785845917893
[2026-08-04T12:18:38.084Z] [INFO] TRADE → BTCUSDT | price=63818.00000000 | qty=0.00009000 | ts=1785845917893
[2026-08-04T12:18:38.085Z] [INFO] TRADE → BTCUSDT | price=63818.00000000 | qty=0.00008000 | ts=1785845917893
[2026-08-04T12:18:38.085Z] [INFO] TRADE → BTCUSDT | price=63817.99000000 | qty=0.00009000 | ts=1785845917893
[2026-08-04T12:18:38.085Z] [INFO] TRADE → BTCUSDT | price=63817.99000000 | qty=0.00009000 | ts=1785845917893
[2026-08-04T12:18:38.086Z] [INFO] TRADE → BTCUSDT | price=63817.99000000 | qty=0.00009000 | ts=1785845917893
[2026-08-04T12:18:38.086Z] [INFO] TRADE → BTCUSDT | price=63817.99000000 | qty=0.00009000 | ts=1785845917893
[2026-08-04T12:18:38.086Z] [INFO] TRADE → BTCUSDT | price=63817.99000000 | qty=0.00009000 | ts=1785845917893
[2026-08-04T12:18:38.086Z] [INFO] TRADE → BTCUSDT | price=63817.99000000 | qty=0.00009000 | ts=1785845917893
[2026-08-04T12:18:38.087Z] [INFO] TRADE → BTCUSDT | price=63817.99000000 | qty=0.00009000 | ts=1785845917893
[2026-08-04T12:18:38.087Z] [INFO] TRADE → BTCUSDT | price=63817.99000000 | qty=0.00009000 | ts=1785845917893
[2026-08-04T12:18:38.087Z] [INFO] TRADE → BTCUSDT | price=63817.99000000 | qty=0.00009000 | ts=1785845917893
[2026-08-04T12:18:38.087Z] [INFO] TRADE → BTCUSDT | price=63817.44000000 | qty=0.00009000 | ts=1785845917893
[2026-08-04T12:18:38.088Z] [INFO] TRADE → BTCUSDT | price=63817.44000000 | qty=0.00009000 | ts=1785845917893
[2026-08-04T12:18:38.088Z] [INFO] TRADE → BTCUSDT | price=63817.44000000 | qty=0.00009000 | ts=1785845917893
[2026-08-04T12:18:38.089Z] [INFO] TRADE → BTCUSDT | price=63817.43000000 | qty=0.02000000 | ts=1785845917896
[2026-08-04T12:18:38.089Z] [INFO] TRADE → BTCUSDT | price=63817.43000000 | qty=0.00131000 | ts=1785845917898
[2026-08-04T12:18:38.089Z] [INFO] TRADE → BTCUSDT | price=63817.43000000 | qty=0.00009000 | ts=1785845917948
[2026-08-04T12:18:38.090Z] [INFO] TRADE → BTCUSDT | price=63817.43000000 | qty=0.00009000 | ts=1785845917948
[2026-08-04T12:18:38.090Z] [INFO] TRADE → BTCUSDT | price=63817.43000000 | qty=0.00009000 | ts=1785845917948
[2026-08-04T12:18:38.090Z] [INFO] TRADE → BTCUSDT | price=63817.43000000 | qty=0.00008000 | ts=1785845917948
[2026-08-04T12:18:38.090Z] [INFO] TRADE → BTCUSDT | price=63817.43000000 | qty=0.00009000 | ts=1785845917948
[2026-08-04T12:18:38.091Z] [INFO] TRADE → BTCUSDT | price=63817.43000000 | qty=0.00008000 | ts=1785845917948
[2026-08-04T12:18:38.091Z] [INFO] TRADE → BTCUSDT | price=63817.43000000 | qty=0.00009000 | ts=1785845917948
[2026-08-04T12:18:38.091Z] [INFO] TRADE → BTCUSDT | price=63817.43000000 | qty=0.00009000 | ts=1785845917948
[2026-08-04T12:18:38.091Z] [INFO] TRADE → BTCUSDT | price=63817.43000000 | qty=0.00009000 | ts=1785845917948
[2026-08-04T12:18:38.091Z] [INFO] TRADE → BTCUSDT | price=63817.43000000 | qty=0.00009000 | ts=1785845917948
[2026-08-04T12:18:38.092Z] [INFO] TRADE → BTCUSDT | price=63817.43000000 | qty=0.00009000 | ts=1785845917948
[2026-08-04T12:18:38.092Z] [INFO] TRADE → BTCUSDT | price=63817.43000000 | qty=0.00009000 | ts=1785845917948
[2026-08-04T12:18:38.092Z] [INFO] TRADE → BTCUSDT | price=63817.43000000 | qty=0.00009000 | ts=1785845917948
[2026-08-04T12:18:38.092Z] [INFO] TRADE → BTCUSDT | price=63817.43000000 | qty=0.00009000 | ts=1785845917948
[2026-08-04T12:18:38.093Z] [INFO] TRADE → BTCUSDT | price=63817.43000000 | qty=0.00008000 | ts=1785845917948
[2026-08-04T12:18:38.093Z] [INFO] TRADE → BTCUSDT | price=63817.43000000 | qty=0.00009000 | ts=1785845917948
[2026-08-04T12:18:38.093Z] [INFO] TRADE → BTCUSDT | price=63817.43000000 | qty=0.00008000 | ts=1785845917948
[2026-08-04T12:18:38.094Z] [INFO] TRADE → BTCUSDT | price=63817.43000000 | qty=0.00009000 | ts=1785845917948
[2026-08-04T12:18:38.094Z] [INFO] TRADE → BTCUSDT | price=63817.43000000 | qty=0.00009000 | ts=1785845917948
[2026-08-04T12:18:38.094Z] [INFO] TRADE → BTCUSDT | price=63817.43000000 | qty=0.00009000 | ts=1785845917948
[2026-08-04T12:18:38.095Z] [INFO] TRADE → BTCUSDT | price=63817.43000000 | qty=0.00009000 | ts=1785845917948
[2026-08-04T12:18:38.095Z] [INFO] TRADE → BTCUSDT | price=63817.43000000 | qty=0.00008000 | ts=1785845917948
[2026-08-04T12:18:38.095Z] [INFO] TRADE → BTCUSDT | price=63817.43000000 | qty=0.00008000 | ts=1785845917948
[2026-08-04T12:18:38.095Z] [INFO] TRADE → BTCUSDT | price=63817.43000000 | qty=0.00008000 | ts=1785845917948
[2026-08-04T12:18:38.096Z] [INFO] TRADE → BTCUSDT | price=63817.43000000 | qty=0.00008000 | ts=1785845917948
[2026-08-04T12:18:38.096Z] [INFO] TRADE → BTCUSDT | price=63817.43000000 | qty=0.00008000 | ts=1785845917948
[2026-08-04T12:18:38.096Z] [INFO] TRADE → BTCUSDT | price=63817.43000000 | qty=0.00008000 | ts=1785845917948
[2026-08-04T12:18:38.096Z] [INFO] TRADE → BTCUSDT | price=63817.43000000 | qty=0.00008000 | ts=1785845917948
[2026-08-04T12:18:38.096Z] [INFO] TRADE → BTCUSDT | price=63817.43000000 | qty=0.00008000 | ts=1785845917948
[2026-08-04T12:18:38.097Z] [INFO] TRADE → BTCUSDT | price=63817.42000000 | qty=0.00009000 | ts=1785845917948
[2026-08-04T12:18:38.097Z] [INFO] TRADE → BTCUSDT | price=63817.42000000 | qty=0.00009000 | ts=1785845917948
[2026-08-04T12:18:38.097Z] [INFO] TRADE → BTCUSDT | price=63817.42000000 | qty=0.00009000 | ts=1785845917948
[2026-08-04T12:18:38.097Z] [INFO] TRADE → BTCUSDT | price=63817.42000000 | qty=0.00009000 | ts=1785845917948
[2026-08-04T12:18:38.098Z] [INFO] TRADE → BTCUSDT | price=63817.42000000 | qty=0.00009000 | ts=1785845917948
[2026-08-04T12:18:38.098Z] [INFO] TRADE → BTCUSDT | price=63817.42000000 | qty=0.00009000 | ts=1785845917948
[2026-08-04T12:18:38.098Z] [INFO] TRADE → BTCUSDT | price=63817.42000000 | qty=0.00009000 | ts=1785845917948
[2026-08-04T12:18:38.099Z] [INFO] TRADE → BTCUSDT | price=63817.42000000 | qty=0.00009000 | ts=1785845917948
[2026-08-04T12:18:38.099Z] [INFO] TRADE → BTCUSDT | price=63817.42000000 | qty=0.00009000 | ts=1785845917948
[2026-08-04T12:18:38.099Z] [INFO] TRADE → BTCUSDT | price=63817.25000000 | qty=0.00008000 | ts=1785845917948
[2026-08-04T12:18:38.101Z] [INFO] TRADE → BTCUSDT | price=63816.01000000 | qty=0.00009000 | ts=1785845917948
[2026-08-04T12:18:38.101Z] [INFO] TRADE → BTCUSDT | price=63816.01000000 | qty=0.00009000 | ts=1785845917948
[2026-08-04T12:18:38.101Z] [INFO] TRADE → BTCUSDT | price=63816.01000000 | qty=0.00009000 | ts=1785845917948
[2026-08-04T12:18:38.102Z] [INFO] TRADE → BTCUSDT | price=63816.00000000 | qty=0.00500000 | ts=1785845917948
[2026-08-04T12:18:38.102Z] [INFO] TRADE → BTCUSDT | price=63816.00000000 | qty=0.00600000 | ts=1785845917948
[2026-08-04T12:18:38.103Z] [INFO] TRADE → BTCUSDT | price=63816.00000000 | qty=0.00600000 | ts=1785845917948
[2026-08-04T12:18:38.103Z] [INFO] TRADE → BTCUSDT | price=63816.00000000 | qty=0.00800000 | ts=1785845917948
[2026-08-04T12:18:38.104Z] [INFO] TRADE → BTCUSDT | price=63816.00000000 | qty=0.00009000 | ts=1785845917948
[2026-08-04T12:18:38.105Z] [INFO] TRADE → BTCUSDT | price=63816.00000000 | qty=0.00009000 | ts=1785845917948
[2026-08-04T12:18:38.300Z] [INFO] TRADE → ETHUSDT | price=1868.62000000 | qty=0.00270000 | ts=1785845918178
[2026-08-04T12:18:38.300Z] [INFO] TRADE → ETHUSDT | price=1868.62000000 | qty=0.00270000 | ts=1785845918178
[2026-08-04T12:18:38.301Z] [INFO] TRADE → ETHUSDT | price=1868.62000000 | qty=0.00280000 | ts=1785845918178
[2026-08-04T12:18:38.301Z] [INFO] TRADE → ETHUSDT | price=1868.62000000 | qty=0.00270000 | ts=1785845918178
[2026-08-04T12:18:38.301Z] [INFO] TRADE → ETHUSDT | price=1868.62000000 | qty=0.00280000 | ts=1785845918178
[2026-08-04T12:18:38.302Z] [INFO] TRADE → ETHUSDT | price=1868.62000000 | qty=0.00280000 | ts=1785845918178
[2026-08-04T12:18:38.302Z] [INFO] TRADE → ETHUSDT | price=1868.62000000 | qty=0.25250000 | ts=1785845918178
[2026-08-04T12:18:38.302Z] [INFO] TRADE → ETHUSDT | price=1868.62000000 | qty=0.00280000 | ts=1785845918178
[2026-08-04T12:18:38.302Z] [INFO] TRADE → ETHUSDT | price=1868.62000000 | qty=0.00270000 | ts=1785845918178
[2026-08-04T12:18:38.302Z] [INFO] TRADE → ETHUSDT | price=1868.62000000 | qty=0.00270000 | ts=1785845918178
[2026-08-04T12:18:38.303Z] [INFO] TRADE → ETHUSDT | price=1868.62000000 | qty=0.00270000 | ts=1785845918178
[2026-08-04T12:18:38.303Z] [INFO] TRADE → ETHUSDT | price=1868.62000000 | qty=0.00270000 | ts=1785845918178
[2026-08-04T12:18:38.303Z] [INFO] TRADE → ETHUSDT | price=1868.62000000 | qty=0.00270000 | ts=1785845918178
[2026-08-04T12:18:38.303Z] [INFO] TRADE → ETHUSDT | price=1868.61000000 | qty=0.00280000 | ts=1785845918178
[2026-08-04T12:18:38.304Z] [INFO] TRADE → ETHUSDT | price=1868.61000000 | qty=0.00280000 | ts=1785845918178
[2026-08-04T12:18:38.304Z] [INFO] TRADE → ETHUSDT | price=1868.61000000 | qty=0.00280000 | ts=1785845918178
[2026-08-04T12:18:38.304Z] [INFO] TRADE → ETHUSDT | price=1868.60000000 | qty=0.00300000 | ts=1785845918178
[2026-08-04T12:18:38.304Z] [INFO] TRADE → ETHUSDT | price=1868.60000000 | qty=0.00270000 | ts=1785845918178
[2026-08-04T12:18:38.305Z] [INFO] TRADE → ETHUSDT | price=1868.60000000 | qty=0.00270000 | ts=1785845918178
[2026-08-04T12:18:38.306Z] [INFO] TRADE → ETHUSDT | price=1868.60000000 | qty=0.00270000 | ts=1785845918178
[2026-08-04T12:18:38.306Z] [INFO] TRADE → ETHUSDT | price=1868.60000000 | qty=0.00280000 | ts=1785845918178
[2026-08-04T12:18:38.307Z] [INFO] TRADE → ETHUSDT | price=1868.60000000 | qty=0.00270000 | ts=1785845918178
[2026-08-04T12:18:38.307Z] [INFO] TRADE → ETHUSDT | price=1868.60000000 | qty=0.00270000 | ts=1785845918178
[2026-08-04T12:18:38.307Z] [INFO] TRADE → ETHUSDT | price=1868.60000000 | qty=0.00270000 | ts=1785845918178
[2026-08-04T12:18:38.307Z] [INFO] TRADE → ETHUSDT | price=1868.60000000 | qty=0.00270000 | ts=1785845918178
[2026-08-04T12:18:38.308Z] [INFO] TRADE → ETHUSDT | price=1868.60000000 | qty=0.00270000 | ts=1785845918178
[2026-08-04T12:18:38.308Z] [INFO] TRADE → ETHUSDT | price=1868.59000000 | qty=0.00270000 | ts=1785845918178
[2026-08-04T12:18:38.308Z] [INFO] TRADE → ETHUSDT | price=1868.59000000 | qty=0.00280000 | ts=1785845918178
[2026-08-04T12:18:38.309Z] [INFO] TRADE → ETHUSDT | price=1868.59000000 | qty=0.00270000 | ts=1785845918178
[2026-08-04T12:18:38.309Z] [INFO] TRADE → ETHUSDT | price=1868.59000000 | qty=0.00270000 | ts=1785845918178
[2026-08-04T12:18:38.309Z] [INFO] TRADE → ETHUSDT | price=1868.59000000 | qty=0.00270000 | ts=1785845918178
[2026-08-04T12:18:38.309Z] [INFO] TRADE → ETHUSDT | price=1868.59000000 | qty=0.00270000 | ts=1785845918178
[2026-08-04T12:18:38.310Z] [INFO] TRADE → ETHUSDT | price=1868.58000000 | qty=0.00270000 | ts=1785845918178
[2026-08-04T12:18:38.310Z] [INFO] TRADE → ETHUSDT | price=1868.58000000 | qty=0.00270000 | ts=1785845918178
[2026-08-04T12:18:38.310Z] [INFO] TRADE → ETHUSDT | price=1868.58000000 | qty=0.00280000 | ts=1785845918178
[2026-08-04T12:18:38.311Z] [INFO] TRADE → ETHUSDT | price=1868.58000000 | qty=0.00270000 | ts=1785845918178
[2026-08-04T12:18:38.312Z] [INFO] TRADE → ETHUSDT | price=1868.58000000 | qty=0.00270000 | ts=1785845918178
[2026-08-04T12:18:38.312Z] [INFO] TRADE → ETHUSDT | price=1868.58000000 | qty=0.00270000 | ts=1785845918178
[2026-08-04T12:18:38.313Z] [INFO] TRADE → ETHUSDT | price=1868.58000000 | qty=0.00270000 | ts=1785845918178
[2026-08-04T12:18:38.313Z] [INFO] TRADE → ETHUSDT | price=1868.57000000 | qty=0.00270000 | ts=1785845918178
[2026-08-04T12:18:38.313Z] [INFO] TRADE → ETHUSDT | price=1868.57000000 | qty=0.00280000 | ts=1785845918178
[2026-08-04T12:18:38.314Z] [INFO] TRADE → ETHUSDT | price=1868.56000000 | qty=0.00270000 | ts=1785845918178
[2026-08-04T12:18:38.314Z] [INFO] TRADE → ETHUSDT | price=1868.56000000 | qty=0.00280000 | ts=1785845918178
[2026-08-04T12:18:38.315Z] [INFO] TRADE → ETHUSDT | price=1868.56000000 | qty=0.00270000 | ts=1785845918178
[2026-08-04T12:18:38.315Z] [INFO] TRADE → ETHUSDT | price=1868.55000000 | qty=0.00620000 | ts=1785845918178
[2026-08-04T12:18:38.315Z] [INFO] TRADE → ETHUSDT | price=1868.55000000 | qty=0.00270000 | ts=1785845918178
[2026-08-04T12:18:38.315Z] [INFO] TRADE → ETHUSDT | price=1868.55000000 | qty=0.00280000 | ts=1785845918178
[2026-08-04T12:18:38.316Z] [INFO] TRADE → ETHUSDT | price=1868.55000000 | qty=0.00270000 | ts=1785845918178
[2026-08-04T12:18:38.316Z] [INFO] TRADE → ETHUSDT | price=1868.55000000 | qty=0.00270000 | ts=1785845918178
[2026-08-04T12:18:38.317Z] [INFO] TRADE → ETHUSDT | price=1868.55000000 | qty=0.00270000 | ts=1785845918178
[2026-08-04T12:18:38.317Z] [INFO] TRADE → ETHUSDT | price=1868.55000000 | qty=0.00270000 | ts=1785845918178
[2026-08-04T12:18:38.318Z] [INFO] TRADE → ETHUSDT | price=1868.54000000 | qty=0.00270000 | ts=1785845918178
[2026-08-04T12:18:38.318Z] [INFO] TRADE → ETHUSDT | price=1868.54000000 | qty=0.00280000 | ts=1785845918178
[2026-08-04T12:18:38.319Z] [INFO] TRADE → ETHUSDT | price=1868.54000000 | qty=0.00270000 | ts=1785845918178
[2026-08-04T12:18:38.319Z] [INFO] TRADE → ETHUSDT | price=1868.54000000 | qty=0.00270000 | ts=1785845918178
[2026-08-04T12:18:38.319Z] [INFO] TRADE → ETHUSDT | price=1868.54000000 | qty=0.00270000 | ts=1785845918178
[2026-08-04T12:18:38.320Z] [INFO] TRADE → ETHUSDT | price=1868.54000000 | qty=0.00270000 | ts=1785845918178
[2026-08-04T12:18:38.320Z] [INFO] TRADE → ETHUSDT | price=1868.53000000 | qty=0.00270000 | ts=1785845918178
[2026-08-04T12:18:38.320Z] [INFO] TRADE → ETHUSDT | price=1868.53000000 | qty=0.00270000 | ts=1785845918178
[2026-08-04T12:18:38.321Z] [INFO] TRADE → ETHUSDT | price=1868.52000000 | qty=0.01100000 | ts=1785845918178
[2026-08-04T12:18:38.321Z] [INFO] TRADE → ETHUSDT | price=1868.52000000 | qty=0.01000000 | ts=1785845918178
[2026-08-04T12:18:38.321Z] [INFO] TRADE → ETHUSDT | price=1868.52000000 | qty=0.00270000 | ts=1785845918178
[2026-08-04T12:18:38.322Z] [INFO] TRADE → ETHUSDT | price=1868.52000000 | qty=0.00290000 | ts=1785845918178
[2026-08-04T12:18:38.322Z] [INFO] TRADE → ETHUSDT | price=1868.52000000 | qty=0.00290000 | ts=1785845918178
[2026-08-04T12:18:38.323Z] [INFO] TRADE → ETHUSDT | price=1868.52000000 | qty=0.00270000 | ts=1785845918178
[2026-08-04T12:18:38.323Z] [INFO] TRADE → ETHUSDT | price=1868.52000000 | qty=0.00290000 | ts=1785845918178
[2026-08-04T12:18:38.324Z] [INFO] TRADE → ETHUSDT | price=1868.51000000 | qty=0.00270000 | ts=1785845918178
[2026-08-04T12:18:38.325Z] [INFO] TRADE → ETHUSDT | price=1868.51000000 | qty=0.12350000 | ts=1785845918178
[2026-08-04T12:18:38.325Z] [INFO] TRADE → ETHUSDT | price=1868.51000000 | qty=0.00270000 | ts=1785845918178
[2026-08-04T12:18:38.325Z] [INFO] TRADE → ETHUSDT | price=1868.50000000 | qty=0.05000000 | ts=1785845918178
[2026-08-04T12:18:38.326Z] [INFO] TRADE → ETHUSDT | price=1868.50000000 | qty=0.00300000 | ts=1785845918178
[2026-08-04T12:18:38.326Z] [INFO] TRADE → ETHUSDT | price=1868.50000000 | qty=0.00270000 | ts=1785845918178
[2026-08-04T12:18:38.327Z] [INFO] TRADE → ETHUSDT | price=1868.50000000 | qty=0.00270000 | ts=1785845918178
[2026-08-04T12:18:38.327Z] [INFO] TRADE → ETHUSDT | price=1868.50000000 | qty=0.00270000 | ts=1785845918178
[2026-08-04T12:18:38.327Z] [INFO] TRADE → ETHUSDT | price=1868.50000000 | qty=0.00270000 | ts=1785845918178
[2026-08-04T12:18:38.328Z] [INFO] TRADE → ETHUSDT | price=1868.50000000 | qty=0.00270000 | ts=1785845918178
[2026-08-04T12:18:38.328Z] [INFO] TRADE → ETHUSDT | price=1868.49000000 | qty=0.00270000 | ts=1785845918178
[2026-08-04T12:18:38.328Z] [INFO] TRADE → ETHUSDT | price=1868.49000000 | qty=0.00270000 | ts=1785845918178
[2026-08-04T12:18:38.328Z] [INFO] TRADE → ETHUSDT | price=1868.49000000 | qty=0.00270000 | ts=1785845918178
[2026-08-04T12:18:38.330Z] [INFO] TRADE → ETHUSDT | price=1868.49000000 | qty=0.00270000 | ts=1785845918178
[2026-08-04T12:18:38.331Z] [INFO] TRADE → ETHUSDT | price=1868.49000000 | qty=0.00270000 | ts=1785845918178
[2026-08-04T12:18:38.331Z] [INFO] TRADE → ETHUSDT | price=1868.49000000 | qty=0.00270000 | ts=1785845918178
[2026-08-04T12:18:38.332Z] [INFO] TRADE → ETHUSDT | price=1868.48000000 | qty=0.00270000 | ts=1785845918178
[2026-08-04T12:18:38.332Z] [INFO] TRADE → ETHUSDT | price=1868.48000000 | qty=0.00270000 | ts=1785845918178
[2026-08-04T12:18:38.333Z] [INFO] TRADE → ETHUSDT | price=1868.48000000 | qty=0.00270000 | ts=1785845918178
[2026-08-04T12:18:38.333Z] [INFO] TRADE → ETHUSDT | price=1868.48000000 | qty=0.00270000 | ts=1785845918178
[2026-08-04T12:18:38.334Z] [INFO] TRADE → ETHUSDT | price=1868.48000000 | qty=0.00270000 | ts=1785845918178
[2026-08-04T12:18:38.336Z] [INFO] TRADE → ETHUSDT | price=1868.47000000 | qty=0.00410000 | ts=1785845918178
[2026-08-04T12:18:38.336Z] [INFO] TRADE → ETHUSDT | price=1868.47000000 | qty=0.00290000 | ts=1785845918178
[2026-08-04T12:18:38.336Z] [INFO] TRADE → ETHUSDT | price=1868.47000000 | qty=0.00290000 | ts=1785845918178
[2026-08-04T12:18:38.337Z] [INFO] TRADE → ETHUSDT | price=1868.47000000 | qty=0.00290000 | ts=1785845918178
[2026-08-04T12:18:38.337Z] [INFO] TRADE → ETHUSDT | price=1868.46000000 | qty=0.24150000 | ts=1785845918178
[2026-08-04T12:18:38.337Z] [INFO] TRADE → ETHUSDT | price=1868.46000000 | qty=0.00270000 | ts=1785845918178
[2026-08-04T12:18:38.338Z] [INFO] TRADE → ETHUSDT | price=1868.46000000 | qty=0.00270000 | ts=1785845918178
[2026-08-04T12:18:38.338Z] [INFO] TRADE → ETHUSDT | price=1868.45000000 | qty=0.00730000 | ts=1785845918178
[2026-08-04T12:18:38.338Z] [INFO] TRADE → ETHUSDT | price=1868.45000000 | qty=0.00280000 | ts=1785845918178
[2026-08-04T12:18:38.339Z] [INFO] TRADE → ETHUSDT | price=1868.45000000 | qty=0.00270000 | ts=1785845918178
[2026-08-04T12:18:38.339Z] [INFO] TRADE → ETHUSDT | price=1868.45000000 | qty=0.00270000 | ts=1785845918178
[2026-08-04T12:18:38.339Z] [INFO] TRADE → ETHUSDT | price=1868.45000000 | qty=0.00270000 | ts=1785845918178
[2026-08-04T12:18:38.339Z] [INFO] TRADE → ETHUSDT | price=1868.45000000 | qty=0.00270000 | ts=1785845918178
[2026-08-04T12:18:38.340Z] [INFO] TRADE → ETHUSDT | price=1868.45000000 | qty=0.00270000 | ts=1785845918178
[2026-08-04T12:18:38.340Z] [INFO] TRADE → ETHUSDT | price=1868.45000000 | qty=0.00270000 | ts=1785845918178
[2026-08-04T12:18:38.340Z] [INFO] TRADE → ETHUSDT | price=1868.45000000 | qty=0.00270000 | ts=1785845918178
[2026-08-04T12:18:38.341Z] [INFO] TRADE → ETHUSDT | price=1868.45000000 | qty=0.00270000 | ts=1785845918178
[2026-08-04T12:18:38.341Z] [INFO] TRADE → ETHUSDT | price=1868.45000000 | qty=0.00270000 | ts=1785845918178
[2026-08-04T12:18:38.341Z] [INFO] TRADE → ETHUSDT | price=1868.45000000 | qty=0.00270000 | ts=1785845918178
[2026-08-04T12:18:38.342Z] [INFO] TRADE → ETHUSDT | price=1868.44000000 | qty=0.00440000 | ts=1785845918178
[2026-08-04T12:18:38.342Z] [INFO] TRADE → ETHUSDT | price=1868.44000000 | qty=0.00280000 | ts=1785845918178
[2026-08-04T12:18:38.342Z] [INFO] TRADE → ETHUSDT | price=1868.43000000 | qty=0.00270000 | ts=1785845918178
[2026-08-04T12:18:38.343Z] [INFO] TRADE → ETHUSDT | price=1868.43000000 | qty=0.00270000 | ts=1785845918178
[2026-08-04T12:18:38.343Z] [INFO] TRADE → ETHUSDT | price=1868.42000000 | qty=0.00290000 | ts=1785845918178
[2026-08-04T12:18:38.343Z] [INFO] TRADE → ETHUSDT | price=1868.41000000 | qty=0.00270000 | ts=1785845918178
[2026-08-04T12:18:38.344Z] [INFO] TRADE → ETHUSDT | price=1868.41000000 | qty=0.00270000 | ts=1785845918178
[2026-08-04T12:18:38.344Z] [INFO] TRADE → ETHUSDT | price=1868.40000000 | qty=0.00330000 | ts=1785845918178
[2026-08-04T12:18:38.344Z] [INFO] TRADE → ETHUSDT | price=1868.40000000 | qty=0.00300000 | ts=1785845918178
[2026-08-04T12:18:38.344Z] [INFO] TRADE → ETHUSDT | price=1868.40000000 | qty=0.00280000 | ts=1785845918178
[2026-08-04T12:18:38.345Z] [INFO] TRADE → ETHUSDT | price=1868.40000000 | qty=0.04000000 | ts=1785845918178
[2026-08-04T12:18:38.345Z] [INFO] TRADE → ETHUSDT | price=1868.40000000 | qty=0.00270000 | ts=1785845918178
[2026-08-04T12:18:38.345Z] [INFO] TRADE → ETHUSDT | price=1868.40000000 | qty=0.00270000 | ts=1785845918178
[2026-08-04T12:18:38.345Z] [INFO] TRADE → ETHUSDT | price=1868.40000000 | qty=0.00270000 | ts=1785845918178
[2026-08-04T12:18:38.346Z] [INFO] TRADE → ETHUSDT | price=1868.39000000 | qty=0.00270000 | ts=1785845918178
[2026-08-04T12:18:38.346Z] [INFO] TRADE → ETHUSDT | price=1868.39000000 | qty=0.00270000 | ts=1785845918178
[2026-08-04T12:18:38.346Z] [INFO] TRADE → ETHUSDT | price=1868.39000000 | qty=0.00270000 | ts=1785845918178
[2026-08-04T12:18:38.347Z] [INFO] TRADE → ETHUSDT | price=1868.39000000 | qty=0.00270000 | ts=1785845918178
[2026-08-04T12:18:38.347Z] [INFO] TRADE → ETHUSDT | price=1868.39000000 | qty=0.00270000 | ts=1785845918178
[2026-08-04T12:18:38.347Z] [INFO] TRADE → ETHUSDT | price=1868.39000000 | qty=0.00270000 | ts=1785845918178
[2026-08-04T12:18:38.348Z] [INFO] TRADE → ETHUSDT | price=1868.38000000 | qty=0.00280000 | ts=1785845918178
[2026-08-04T12:18:38.348Z] [INFO] TRADE → ETHUSDT | price=1868.38000000 | qty=0.00290000 | ts=1785845918178
[2026-08-04T12:18:38.348Z] [INFO] TRADE → ETHUSDT | price=1868.37000000 | qty=0.00270000 | ts=1785845918178
[2026-08-04T12:18:38.352Z] [INFO] TRADE → ETHUSDT | price=1868.37000000 | qty=0.10000000 | ts=1785845918178
[2026-08-04T12:18:38.353Z] [INFO] TRADE → ETHUSDT | price=1868.37000000 | qty=1.17420000 | ts=1785845918178
[2026-08-04T12:18:38.354Z] [INFO] TRADE → ETHUSDT | price=1868.37000000 | qty=0.00270000 | ts=1785845918178
[2026-08-04T12:18:38.354Z] [INFO] TRADE → ETHUSDT | price=1868.37000000 | qty=0.00270000 | ts=1785845918178
[2026-08-04T12:18:38.355Z] [INFO] TRADE → ETHUSDT | price=1868.37000000 | qty=0.00270000 | ts=1785845918178
[2026-08-04T12:18:38.355Z] [INFO] TRADE → ETHUSDT | price=1868.37000000 | qty=0.00270000 | ts=1785845918178
[2026-08-04T12:18:38.355Z] [INFO] TRADE → ETHUSDT | price=1868.36000000 | qty=0.00270000 | ts=1785845918178
[2026-08-04T12:18:38.355Z] [INFO] TRADE → ETHUSDT | price=1868.36000000 | qty=0.01000000 | ts=1785845918178
[2026-08-04T12:18:38.356Z] [INFO] TRADE → ETHUSDT | price=1868.36000000 | qty=0.00270000 | ts=1785845918178
[2026-08-04T12:18:38.357Z] [INFO] TRADE → ETHUSDT | price=1868.36000000 | qty=0.00290000 | ts=1785845918178
[2026-08-04T12:18:38.359Z] [INFO] TRADE → ETHUSDT | price=1868.36000000 | qty=0.00290000 | ts=1785845918178
[2026-08-04T12:18:38.359Z] [INFO] TRADE → ETHUSDT | price=1868.36000000 | qty=0.00270000 | ts=1785845918178
[2026-08-04T12:18:38.360Z] [INFO] TRADE → ETHUSDT | price=1868.36000000 | qty=0.00290000 | ts=1785845918178
[2026-08-04T12:18:38.360Z] [INFO] TRADE → ETHUSDT | price=1868.36000000 | qty=0.00270000 | ts=1785845918178
[2026-08-04T12:18:38.360Z] [INFO] TRADE → ETHUSDT | price=1868.36000000 | qty=0.00270000 | ts=1785845918178
[2026-08-04T12:18:38.361Z] [INFO] TRADE → ETHUSDT | price=1868.36000000 | qty=0.00270000 | ts=1785845918178
[2026-08-04T12:18:38.362Z] [INFO] TRADE → ETHUSDT | price=1868.35000000 | qty=0.00270000 | ts=1785845918178
[2026-08-04T12:18:38.362Z] [INFO] TRADE → ETHUSDT | price=1868.35000000 | qty=0.00270000 | ts=1785845918178
[2026-08-04T12:18:38.362Z] [INFO] TRADE → ETHUSDT | price=1868.35000000 | qty=0.10000000 | ts=1785845918178
[2026-08-04T12:18:38.362Z] [INFO] TRADE → ETHUSDT | price=1868.35000000 | qty=0.17790000 | ts=1785845918178
[2026-08-04T12:18:38.426Z] [INFO] TRADE → BTCUSDT | price=63815.88000000 | qty=0.00008000 | ts=1785845918312
[2026-08-04T12:18:38.428Z] [INFO] TRADE → BTCUSDT | price=63815.88000000 | qty=0.00009000 | ts=1785845918312
[2026-08-04T12:18:38.428Z] [INFO] TRADE → BTCUSDT | price=63815.88000000 | qty=0.00008000 | ts=1785845918312
[2026-08-04T12:18:38.428Z] [INFO] TRADE → BTCUSDT | price=63815.88000000 | qty=0.00009000 | ts=1785845918312
[2026-08-04T12:18:38.429Z] [INFO] TRADE → BTCUSDT | price=63815.88000000 | qty=0.00009000 | ts=1785845918312
[2026-08-04T12:18:38.429Z] [INFO] TRADE → BTCUSDT | price=63815.88000000 | qty=0.00009000 | ts=1785845918312
[2026-08-04T12:18:38.429Z] [INFO] TRADE → BTCUSDT | price=63815.88000000 | qty=0.00009000 | ts=1785845918312
[2026-08-04T12:18:38.429Z] [INFO] TRADE → BTCUSDT | price=63815.88000000 | qty=0.00009000 | ts=1785845918312
[2026-08-04T12:18:38.432Z] [INFO] TRADE → BTCUSDT | price=63815.88000000 | qty=0.00008000 | ts=1785845918312
[2026-08-04T12:18:38.432Z] [INFO] TRADE → BTCUSDT | price=63815.88000000 | qty=0.00009000 | ts=1785845918312
[2026-08-04T12:18:38.432Z] [INFO] TRADE → BTCUSDT | price=63815.88000000 | qty=0.00009000 | ts=1785845918312
[2026-08-04T12:18:38.432Z] [INFO] TRADE → BTCUSDT | price=63815.88000000 | qty=0.00008000 | ts=1785845918312
[2026-08-04T12:18:38.433Z] [INFO] TRADE → BTCUSDT | price=63815.88000000 | qty=0.00009000 | ts=1785845918312
[2026-08-04T12:18:38.434Z] [INFO] TRADE → BTCUSDT | price=63815.88000000 | qty=0.03895000 | ts=1785845918312
[2026-08-04T12:18:38.434Z] [INFO] TRADE → BTCUSDT | price=63815.88000000 | qty=0.00008000 | ts=1785845918316
[2026-08-04T12:18:38.434Z] [INFO] TRADE → BTCUSDT | price=63815.88000000 | qty=0.00009000 | ts=1785845918316
[2026-08-04T12:18:38.435Z] [INFO] TRADE → BTCUSDT | price=63815.88000000 | qty=0.00009000 | ts=1785845918316
[2026-08-04T12:18:38.435Z] [INFO] TRADE → BTCUSDT | price=63815.88000000 | qty=0.00009000 | ts=1785845918316
[2026-08-04T12:18:38.436Z] [INFO] TRADE → BTCUSDT | price=63815.88000000 | qty=0.00008000 | ts=1785845918316
[2026-08-04T12:18:38.436Z] [INFO] TRADE → BTCUSDT | price=63815.88000000 | qty=0.00009000 | ts=1785845918316
[2026-08-04T12:18:38.437Z] [INFO] TRADE → BTCUSDT | price=63815.88000000 | qty=0.00009000 | ts=1785845918316
[2026-08-04T12:18:38.437Z] [INFO] TRADE → BTCUSDT | price=63815.88000000 | qty=0.00009000 | ts=1785845918316
[2026-08-04T12:18:38.437Z] [INFO] TRADE → BTCUSDT | price=63815.88000000 | qty=0.00008000 | ts=1785845918316
[2026-08-04T12:18:38.438Z] [INFO] TRADE → BTCUSDT | price=63815.88000000 | qty=0.00008000 | ts=1785845918316
[2026-08-04T12:18:38.438Z] [INFO] TRADE → BTCUSDT | price=63815.88000000 | qty=0.00009000 | ts=1785845918316
[2026-08-04T12:18:38.438Z] [INFO] TRADE → BTCUSDT | price=63815.88000000 | qty=0.00009000 | ts=1785845918316
[2026-08-04T12:18:38.438Z] [INFO] TRADE → BTCUSDT | price=63815.88000000 | qty=0.00009000 | ts=1785845918316
[2026-08-04T12:18:38.439Z] [INFO] TRADE → BTCUSDT | price=63815.88000000 | qty=0.00009000 | ts=1785845918316
[2026-08-04T12:18:38.439Z] [INFO] TRADE → BTCUSDT | price=63815.88000000 | qty=0.00009000 | ts=1785845918316
[2026-08-04T12:18:38.439Z] [INFO] TRADE → BTCUSDT | price=63815.88000000 | qty=0.00009000 | ts=1785845918316
[2026-08-04T12:18:38.439Z] [INFO] TRADE → BTCUSDT | price=63815.88000000 | qty=0.00009000 | ts=1785845918316
[2026-08-04T12:18:38.440Z] [INFO] TRADE → BTCUSDT | price=63815.88000000 | qty=0.00009000 | ts=1785845918316
[2026-08-04T12:18:38.440Z] [INFO] TRADE → BTCUSDT | price=63815.88000000 | qty=0.00009000 | ts=1785845918316
[2026-08-04T12:18:38.440Z] [INFO] TRADE → BTCUSDT | price=63815.88000000 | qty=0.00009000 | ts=1785845918316
[2026-08-04T12:18:38.440Z] [INFO] TRADE → BTCUSDT | price=63815.88000000 | qty=0.00008000 | ts=1785845918316
[2026-08-04T12:18:38.441Z] [INFO] TRADE → BTCUSDT | price=63815.88000000 | qty=0.15890000 | ts=1785845918316
[2026-08-04T12:18:38.441Z] [INFO] TRADE → BTCUSDT | price=63815.88000000 | qty=0.00008000 | ts=1785845918316
[2026-08-04T12:18:38.441Z] [INFO] TRADE → BTCUSDT | price=63815.88000000 | qty=0.00008000 | ts=1785845918316
[2026-08-04T12:18:38.442Z] [INFO] TRADE → BTCUSDT | price=63815.88000000 | qty=0.00008000 | ts=1785845918316
[2026-08-04T12:18:38.442Z] [INFO] TRADE → BTCUSDT | price=63815.88000000 | qty=0.00008000 | ts=1785845918316
[2026-08-04T12:18:38.442Z] [INFO] TRADE → BTCUSDT | price=63815.88000000 | qty=0.00008000 | ts=1785845918316
[2026-08-04T12:18:38.443Z] [INFO] TRADE → BTCUSDT | price=63815.87000000 | qty=0.00009000 | ts=1785845918316
[2026-08-04T12:18:38.443Z] [INFO] TRADE → BTCUSDT | price=63815.87000000 | qty=0.00009000 | ts=1785845918316
[2026-08-04T12:18:38.444Z] [INFO] TRADE → BTCUSDT | price=63815.87000000 | qty=0.00009000 | ts=1785845918316
[2026-08-04T12:18:38.445Z] [INFO] TRADE → BTCUSDT | price=63815.87000000 | qty=0.00009000 | ts=1785845918316
[2026-08-04T12:18:38.445Z] [INFO] TRADE → BTCUSDT | price=63815.87000000 | qty=0.00009000 | ts=1785845918316
[2026-08-04T12:18:38.445Z] [INFO] TRADE → BTCUSDT | price=63815.87000000 | qty=0.00009000 | ts=1785845918316
[2026-08-04T12:18:38.446Z] [INFO] TRADE → BTCUSDT | price=63815.87000000 | qty=0.00009000 | ts=1785845918316
[2026-08-04T12:18:38.446Z] [INFO] TRADE → BTCUSDT | price=63815.87000000 | qty=0.00009000 | ts=1785845918316
[2026-08-04T12:18:38.446Z] [INFO] TRADE → BTCUSDT | price=63815.87000000 | qty=0.00009000 | ts=1785845918316
[2026-08-04T12:18:38.446Z] [INFO] TRADE → BTCUSDT | price=63815.87000000 | qty=0.00009000 | ts=1785845918316
[2026-08-04T12:18:38.447Z] [INFO] TRADE → BTCUSDT | price=63814.01000000 | qty=0.00009000 | ts=1785845918316
[2026-08-04T12:18:38.447Z] [INFO] TRADE → BTCUSDT | price=63814.01000000 | qty=0.00009000 | ts=1785845918316
[2026-08-04T12:18:38.447Z] [INFO] TRADE → BTCUSDT | price=63814.01000000 | qty=0.00009000 | ts=1785845918316
[2026-08-04T12:18:38.448Z] [INFO] TRADE → BTCUSDT | price=63814.00000000 | qty=0.00500000 | ts=1785845918316
[2026-08-04T12:18:38.448Z] [INFO] TRADE → BTCUSDT | price=63814.00000000 | qty=0.00600000 | ts=1785845918316
[2026-08-04T12:18:38.448Z] [INFO] TRADE → BTCUSDT | price=63814.00000000 | qty=0.00600000 | ts=1785845918316
[2026-08-04T12:18:38.449Z] [INFO] TRADE → BTCUSDT | price=63814.00000000 | qty=0.00800000 | ts=1785845918316
[2026-08-04T12:18:38.449Z] [INFO] TRADE → BTCUSDT | price=63814.00000000 | qty=0.00009000 | ts=1785845918316
[2026-08-04T12:18:38.450Z] [INFO] TRADE → BTCUSDT | price=63814.00000000 | qty=0.00009000 | ts=1785845918316
[2026-08-04T12:18:38.450Z] [INFO] TRADE → BTCUSDT | price=63813.43000000 | qty=0.00008000 | ts=1785845918316
[2026-08-04T12:18:38.450Z] [INFO] TRADE → BTCUSDT | price=63813.16000000 | qty=0.00009000 | ts=1785845918316
[2026-08-04T12:18:38.451Z] [INFO] TRADE → BTCUSDT | price=63813.16000000 | qty=0.00009000 | ts=1785845918316
[2026-08-04T12:18:38.451Z] [INFO] TRADE → BTCUSDT | price=63813.16000000 | qty=0.00009000 | ts=1785845918316
[2026-08-04T12:18:38.463Z] [INFO] TRADE → ETHUSDT | price=1868.36000000 | qty=0.00700000 | ts=1785845918347
[2026-08-04T12:18:38.467Z] [INFO] TRADE → ETHUSDT | price=1868.36000000 | qty=0.00700000 | ts=1785845918351
[2026-08-04T12:18:38.469Z] [INFO] TRADE → BTCUSDT | price=63813.15000000 | qty=0.00009000 | ts=1785845918352
[2026-08-04T12:18:38.470Z] [INFO] TRADE → BTCUSDT | price=63813.15000000 | qty=0.00009000 | ts=1785845918352
[2026-08-04T12:18:38.470Z] [INFO] TRADE → BTCUSDT | price=63813.15000000 | qty=0.00009000 | ts=1785845918352
[2026-08-04T12:18:38.470Z] [INFO] TRADE → BTCUSDT | price=63813.15000000 | qty=0.00008000 | ts=1785845918352
[2026-08-04T12:18:38.471Z] [INFO] TRADE → BTCUSDT | price=63813.15000000 | qty=0.00008000 | ts=1785845918352
[2026-08-04T12:18:38.471Z] [INFO] TRADE → BTCUSDT | price=63813.15000000 | qty=0.00009000 | ts=1785845918352
[2026-08-04T12:18:38.471Z] [INFO] TRADE → BTCUSDT | price=63813.15000000 | qty=0.00009000 | ts=1785845918352
[2026-08-04T12:18:38.471Z] [INFO] TRADE → BTCUSDT | price=63813.15000000 | qty=0.00009000 | ts=1785845918352
[2026-08-04T12:18:38.472Z] [INFO] TRADE → BTCUSDT | price=63813.15000000 | qty=0.00009000 | ts=1785845918352
[2026-08-04T12:18:38.472Z] [INFO] TRADE → BTCUSDT | price=63813.15000000 | qty=0.00009000 | ts=1785845918352
[2026-08-04T12:18:38.472Z] [INFO] TRADE → BTCUSDT | price=63813.15000000 | qty=0.00009000 | ts=1785845918352
[2026-08-04T12:18:38.473Z] [INFO] TRADE → BTCUSDT | price=63813.15000000 | qty=0.00009000 | ts=1785845918352
[2026-08-04T12:18:38.473Z] [INFO] TRADE → BTCUSDT | price=63813.15000000 | qty=0.00009000 | ts=1785845918352
[2026-08-04T12:18:38.473Z] [INFO] TRADE → BTCUSDT | price=63813.15000000 | qty=0.00009000 | ts=1785845918352
[2026-08-04T12:18:38.473Z] [INFO] TRADE → BTCUSDT | price=63813.15000000 | qty=0.00009000 | ts=1785845918352
[2026-08-04T12:18:38.474Z] [INFO] TRADE → BTCUSDT | price=63813.15000000 | qty=0.00009000 | ts=1785845918352
[2026-08-04T12:18:38.474Z] [INFO] TRADE → BTCUSDT | price=63813.15000000 | qty=0.00009000 | ts=1785845918352
[2026-08-04T12:18:38.474Z] [INFO] TRADE → BTCUSDT | price=63813.15000000 | qty=0.00009000 | ts=1785845918352
[2026-08-04T12:18:38.474Z] [INFO] TRADE → BTCUSDT | price=63813.15000000 | qty=0.00009000 | ts=1785845918352
[2026-08-04T12:18:38.475Z] [INFO] TRADE → BTCUSDT | price=63813.15000000 | qty=0.00009000 | ts=1785845918352
[2026-08-04T12:18:38.475Z] [INFO] TRADE → BTCUSDT | price=63813.15000000 | qty=0.00009000 | ts=1785845918352
[2026-08-04T12:18:38.475Z] [INFO] TRADE → BTCUSDT | price=63813.15000000 | qty=0.00009000 | ts=1785845918352
[2026-08-04T12:18:38.476Z] [INFO] TRADE → BTCUSDT | price=63813.15000000 | qty=0.00008000 | ts=1785845918352
[2026-08-04T12:18:38.476Z] [INFO] TRADE → BTCUSDT | price=63813.15000000 | qty=0.00009000 | ts=1785845918352
[2026-08-04T12:18:38.476Z] [INFO] TRADE → BTCUSDT | price=63813.15000000 | qty=0.00009000 | ts=1785845918352
[2026-08-04T12:18:38.477Z] [INFO] TRADE → BTCUSDT | price=63813.15000000 | qty=0.00009000 | ts=1785845918352
[2026-08-04T12:18:38.477Z] [INFO] TRADE → BTCUSDT | price=63813.15000000 | qty=0.00008000 | ts=1785845918352
[2026-08-04T12:18:38.479Z] [INFO] TRADE → BTCUSDT | price=63813.15000000 | qty=0.00008000 | ts=1785845918352
[2026-08-04T12:18:38.480Z] [INFO] TRADE → BTCUSDT | price=63813.15000000 | qty=0.00008000 | ts=1785845918352
[2026-08-04T12:18:38.480Z] [INFO] TRADE → BTCUSDT | price=63813.15000000 | qty=0.00008000 | ts=1785845918352
[2026-08-04T12:18:38.480Z] [INFO] TRADE → BTCUSDT | price=63813.15000000 | qty=0.00008000 | ts=1785845918352
[2026-08-04T12:18:38.480Z] [INFO] TRADE → BTCUSDT | price=63813.15000000 | qty=0.00008000 | ts=1785845918352
[2026-08-04T12:18:38.480Z] [INFO] TRADE → BTCUSDT | price=63813.14000000 | qty=0.00009000 | ts=1785845918352
[2026-08-04T12:18:38.481Z] [INFO] TRADE → ETHUSDT | price=1868.36000000 | qty=0.00700000 | ts=1785845918365
[2026-08-04T12:18:38.481Z] [INFO] TRADE → BTCUSDT | price=63813.14000000 | qty=0.00009000 | ts=1785845918352
[2026-08-04T12:18:38.481Z] [INFO] TRADE → BTCUSDT | price=63813.14000000 | qty=0.00009000 | ts=1785845918352
[2026-08-04T12:18:38.483Z] [INFO] TRADE → BTCUSDT | price=63813.14000000 | qty=0.00009000 | ts=1785845918352
[2026-08-04T12:18:38.483Z] [INFO] TRADE → ETHUSDT | price=1868.36000000 | qty=0.00700000 | ts=1785845918367
[2026-08-04T12:18:38.483Z] [INFO] TRADE → BTCUSDT | price=63813.14000000 | qty=0.00009000 | ts=1785845918352
[2026-08-04T12:18:38.483Z] [INFO] TRADE → BTCUSDT | price=63813.14000000 | qty=0.00009000 | ts=1785845918352
[2026-08-04T12:18:38.484Z] [INFO] TRADE → BTCUSDT | price=63813.14000000 | qty=0.00009000 | ts=1785845918352
[2026-08-04T12:18:38.484Z] [INFO] TRADE → BTCUSDT | price=63813.14000000 | qty=0.00009000 | ts=1785845918352
[2026-08-04T12:18:38.484Z] [INFO] TRADE → BTCUSDT | price=63813.14000000 | qty=0.00009000 | ts=1785845918352
[2026-08-04T12:18:38.484Z] [INFO] TRADE → BTCUSDT | price=63812.70000000 | qty=0.00008000 | ts=1785845918352
[2026-08-04T12:18:38.485Z] [INFO] TRADE → BTCUSDT | price=63812.01000000 | qty=0.00009000 | ts=1785845918352
[2026-08-04T12:18:38.485Z] [INFO] TRADE → BTCUSDT | price=63812.01000000 | qty=0.00009000 | ts=1785845918352
[2026-08-04T12:18:38.485Z] [INFO] TRADE → BTCUSDT | price=63812.01000000 | qty=0.00009000 | ts=1785845918352
[2026-08-04T12:18:38.485Z] [INFO] TRADE → BTCUSDT | price=63812.00000000 | qty=0.00600000 | ts=1785845918352
[2026-08-04T12:18:38.485Z] [INFO] TRADE → BTCUSDT | price=63812.00000000 | qty=0.00800000 | ts=1785845918352
[2026-08-04T12:18:38.486Z] [INFO] TRADE → BTCUSDT | price=63812.00000000 | qty=0.00500000 | ts=1785845918352
[2026-08-04T12:18:38.486Z] [INFO] TRADE → BTCUSDT | price=63812.00000000 | qty=0.00600000 | ts=1785845918352
[2026-08-04T12:18:38.486Z] [INFO] TRADE → BTCUSDT | price=63812.00000000 | qty=0.00009000 | ts=1785845918352
[2026-08-04T12:18:38.486Z] [INFO] TRADE → BTCUSDT | price=63812.00000000 | qty=0.00009000 | ts=1785845918352
[2026-08-04T12:18:38.486Z] [INFO] TRADE → BTCUSDT | price=63811.72000000 | qty=0.00024000 | ts=1785845918352
[2026-08-04T12:18:38.487Z] [INFO] TRADE → BTCUSDT | price=63811.72000000 | qty=0.00009000 | ts=1785845918352
[2026-08-04T12:18:38.487Z] [INFO] TRADE → BTCUSDT | price=63811.72000000 | qty=0.00009000 | ts=1785845918352
[2026-08-04T12:18:38.487Z] [INFO] TRADE → BTCUSDT | price=63811.72000000 | qty=0.00009000 | ts=1785845918352
[2026-08-04T12:18:38.487Z] [INFO] TRADE → BTCUSDT | price=63811.71000000 | qty=0.01477000 | ts=1785845918352
[2026-08-04T12:18:38.487Z] [INFO] TRADE → BTCUSDT | price=63811.71000000 | qty=0.00156000 | ts=1785845918352
[2026-08-04T12:18:38.488Z] [INFO] TRADE → BTCUSDT | price=63811.71000000 | qty=0.00409000 | ts=1785845918352
[2026-08-04T12:18:38.488Z] [INFO] TRADE → BTCUSDT | price=63811.71000000 | qty=0.00323000 | ts=1785845918352
[2026-08-04T12:18:38.488Z] [INFO] TRADE → BTCUSDT | price=63811.71000000 | qty=0.00024000 | ts=1785845918352
[2026-08-04T12:18:38.488Z] [INFO] TRADE → BTCUSDT | price=63811.71000000 | qty=0.00078000 | ts=1785845918352
[2026-08-04T12:18:38.489Z] [INFO] TRADE → BTCUSDT | price=63811.71000000 | qty=0.00009000 | ts=1785845918352
[2026-08-04T12:18:38.489Z] [INFO] TRADE → ETHUSDT | price=1868.36000000 | qty=0.00700000 | ts=1785845918373
[2026-08-04T12:18:38.489Z] [INFO] TRADE → BTCUSDT | price=63811.71000000 | qty=0.00009000 | ts=1785845918352
[2026-08-04T12:18:38.489Z] [INFO] TRADE → BTCUSDT | price=63811.25000000 | qty=0.00009000 | ts=1785845918352
[2026-08-04T12:18:38.490Z] [INFO] TRADE → BTCUSDT | price=63811.25000000 | qty=0.00009000 | ts=1785845918352
[2026-08-04T12:18:38.490Z] [INFO] TRADE → BTCUSDT | price=63811.25000000 | qty=0.00009000 | ts=1785845918352
[2026-08-04T12:18:38.499Z] [INFO] TRADE → ETHUSDT | price=1868.36000000 | qty=0.00700000 | ts=1785845918383
[2026-08-04T12:18:38.503Z] [INFO] TRADE → BTCUSDT | price=63811.24000000 | qty=0.00008000 | ts=1785845918387
[2026-08-04T12:18:38.504Z] [INFO] TRADE → BTCUSDT | price=63811.24000000 | qty=0.00009000 | ts=1785845918387
[2026-08-04T12:18:38.505Z] [INFO] TRADE → ETHUSDT | price=1868.36000000 | qty=0.00700000 | ts=1785845918387
[2026-08-04T12:18:38.505Z] [INFO] TRADE → BTCUSDT | price=63811.24000000 | qty=0.00009000 | ts=1785845918387
[2026-08-04T12:18:38.506Z] [INFO] TRADE → BTCUSDT | price=63811.24000000 | qty=0.20781000 | ts=1785845918387
[2026-08-04T12:18:38.506Z] [INFO] TRADE → BTCUSDT | price=63811.24000000 | qty=0.00009000 | ts=1785845918387
[2026-08-04T12:18:38.506Z] [INFO] TRADE → BTCUSDT | price=63811.24000000 | qty=0.00009000 | ts=1785845918387
[2026-08-04T12:18:38.506Z] [INFO] TRADE → BTCUSDT | price=63811.24000000 | qty=0.00008000 | ts=1785845918387
[2026-08-04T12:18:38.507Z] [INFO] TRADE → BTCUSDT | price=63811.24000000 | qty=0.00009000 | ts=1785845918387
[2026-08-04T12:18:38.507Z] [INFO] TRADE → BTCUSDT | price=63811.24000000 | qty=0.00008000 | ts=1785845918387
[2026-08-04T12:18:38.507Z] [INFO] TRADE → BTCUSDT | price=63811.24000000 | qty=0.00009000 | ts=1785845918387
[2026-08-04T12:18:38.508Z] [INFO] TRADE → BTCUSDT | price=63811.24000000 | qty=0.00009000 | ts=1785845918387
[2026-08-04T12:18:38.508Z] [INFO] TRADE → BTCUSDT | price=63811.24000000 | qty=0.00009000 | ts=1785845918387
[2026-08-04T12:18:38.508Z] [INFO] TRADE → BTCUSDT | price=63811.24000000 | qty=0.00009000 | ts=1785845918387
[2026-08-04T12:18:38.509Z] [INFO] TRADE → BTCUSDT | price=63811.24000000 | qty=0.00009000 | ts=1785845918387
[2026-08-04T12:18:38.509Z] [INFO] TRADE → ETHUSDT | price=1868.36000000 | qty=0.00700000 | ts=1785845918392
[2026-08-04T12:18:38.509Z] [INFO] TRADE → BTCUSDT | price=63811.24000000 | qty=0.00009000 | ts=1785845918387
[2026-08-04T12:18:38.510Z] [INFO] TRADE → BTCUSDT | price=63811.24000000 | qty=0.00009000 | ts=1785845918387
[2026-08-04T12:18:38.510Z] [INFO] TRADE → BTCUSDT | price=63811.24000000 | qty=0.00009000 | ts=1785845918387
[2026-08-04T12:18:38.510Z] [INFO] TRADE → BTCUSDT | price=63811.24000000 | qty=0.00008000 | ts=1785845918387
[2026-08-04T12:18:38.511Z] [INFO] TRADE → BTCUSDT | price=63811.24000000 | qty=0.00009000 | ts=1785845918387
[2026-08-04T12:18:38.511Z] [INFO] TRADE → BTCUSDT | price=63811.24000000 | qty=0.00009000 | ts=1785845918387
[2026-08-04T12:18:38.511Z] [INFO] TRADE → BTCUSDT | price=63811.24000000 | qty=0.00008000 | ts=1785845918387
[2026-08-04T12:18:38.512Z] [INFO] TRADE → BTCUSDT | price=63811.24000000 | qty=0.00008000 | ts=1785845918387
[2026-08-04T12:18:38.512Z] [INFO] TRADE → BTCUSDT | price=63811.24000000 | qty=0.00009000 | ts=1785845918387
[2026-08-04T12:18:38.512Z] [INFO] TRADE → BTCUSDT | price=63811.24000000 | qty=0.00009000 | ts=1785845918387
[2026-08-04T12:18:38.513Z] [INFO] TRADE → BTCUSDT | price=63811.24000000 | qty=0.00009000 | ts=1785845918387
[2026-08-04T12:18:38.513Z] [INFO] TRADE → BTCUSDT | price=63811.24000000 | qty=0.00009000 | ts=1785845918387
[2026-08-04T12:18:38.514Z] [INFO] TRADE → BTCUSDT | price=63811.24000000 | qty=0.15890000 | ts=1785845918387
[2026-08-04T12:18:38.514Z] [INFO] TRADE → BTCUSDT | price=63811.24000000 | qty=0.00008000 | ts=1785845918387
[2026-08-04T12:18:38.514Z] [INFO] TRADE → BTCUSDT | price=63811.24000000 | qty=0.00008000 | ts=1785845918387
[2026-08-04T12:18:38.515Z] [INFO] TRADE → BTCUSDT | price=63811.24000000 | qty=0.00008000 | ts=1785845918387
[2026-08-04T12:18:38.515Z] [INFO] TRADE → ETHUSDT | price=1868.36000000 | qty=0.00700000 | ts=1785845918399
[2026-08-04T12:18:38.516Z] [INFO] TRADE → BTCUSDT | price=63811.24000000 | qty=0.00008000 | ts=1785845918387
[2026-08-04T12:18:38.516Z] [INFO] TRADE → BTCUSDT | price=63811.24000000 | qty=0.00008000 | ts=1785845918387
[2026-08-04T12:18:38.516Z] [INFO] TRADE → BTCUSDT | price=63811.24000000 | qty=0.00008000 | ts=1785845918387
[2026-08-04T12:18:38.517Z] [INFO] TRADE → BTCUSDT | price=63811.24000000 | qty=0.00008000 | ts=1785845918387
[2026-08-04T12:18:38.517Z] [INFO] TRADE → BTCUSDT | price=63811.23000000 | qty=0.00009000 | ts=1785845918387
[2026-08-04T12:18:38.518Z] [INFO] TRADE → BTCUSDT | price=63811.23000000 | qty=0.00009000 | ts=1785845918387
[2026-08-04T12:18:38.518Z] [INFO] TRADE → BTCUSDT | price=63811.23000000 | qty=0.00007000 | ts=1785845918387
[2026-08-04T12:18:38.518Z] [INFO] TRADE → BTCUSDT | price=63811.23000000 | qty=0.00002000 | ts=1785845918402
[2026-08-04T12:18:38.518Z] [INFO] TRADE → BTCUSDT | price=63811.23000000 | qty=0.00008000 | ts=1785845918402
[2026-08-04T12:18:38.524Z] [INFO] TRADE → BTCUSDT | price=63811.23000000 | qty=0.00001000 | ts=1785845918408
[2026-08-04T12:18:38.524Z] [INFO] TRADE → BTCUSDT | price=63811.23000000 | qty=0.00009000 | ts=1785845918408
[2026-08-04T12:18:38.524Z] [INFO] TRADE → BTCUSDT | price=63811.23000000 | qty=0.00009000 | ts=1785845918408
[2026-08-04T12:18:38.525Z] [INFO] TRADE → BTCUSDT | price=63811.23000000 | qty=0.00009000 | ts=1785845918408
[2026-08-04T12:18:38.525Z] [INFO] TRADE → BTCUSDT | price=63811.23000000 | qty=0.00009000 | ts=1785845918408
[2026-08-04T12:18:38.526Z] [INFO] TRADE → BTCUSDT | price=63811.23000000 | qty=0.00009000 | ts=1785845918408
[2026-08-04T12:18:38.526Z] [INFO] TRADE → BTCUSDT | price=63811.23000000 | qty=0.00008000 | ts=1785845918408
[2026-08-04T12:18:38.526Z] [INFO] TRADE → BTCUSDT | price=63811.23000000 | qty=0.00009000 | ts=1785845918408
[2026-08-04T12:18:38.526Z] [INFO] TRADE → BTCUSDT | price=63811.23000000 | qty=0.00009000 | ts=1785845918408
[2026-08-04T12:18:38.527Z] [INFO] TRADE → BTCUSDT | price=63811.23000000 | qty=0.00008000 | ts=1785845918408
[2026-08-04T12:18:38.527Z] [INFO] TRADE → BTCUSDT | price=63811.23000000 | qty=0.00009000 | ts=1785845918408
[2026-08-04T12:18:38.527Z] [INFO] TRADE → BTCUSDT | price=63811.23000000 | qty=0.00009000 | ts=1785845918408
[2026-08-04T12:18:38.528Z] [INFO] TRADE → BTCUSDT | price=63811.23000000 | qty=0.00008000 | ts=1785845918408
[2026-08-04T12:18:38.528Z] [INFO] TRADE → BTCUSDT | price=63811.23000000 | qty=0.00009000 | ts=1785845918408
[2026-08-04T12:18:38.528Z] [INFO] TRADE → BTCUSDT | price=63811.23000000 | qty=0.00009000 | ts=1785845918408
[2026-08-04T12:18:38.529Z] [INFO] TRADE → BTCUSDT | price=63811.23000000 | qty=0.00009000 | ts=1785845918408
[2026-08-04T12:18:38.529Z] [INFO] TRADE → BTCUSDT | price=63811.23000000 | qty=0.00009000 | ts=1785845918408
[2026-08-04T12:18:38.529Z] [INFO] TRADE → BTCUSDT | price=63811.23000000 | qty=0.00009000 | ts=1785845918408
[2026-08-04T12:18:38.530Z] [INFO] TRADE → BTCUSDT | price=63811.23000000 | qty=0.00009000 | ts=1785845918408
[2026-08-04T12:18:38.530Z] [INFO] TRADE → BTCUSDT | price=63811.23000000 | qty=0.00009000 | ts=1785845918408
[2026-08-04T12:18:38.530Z] [INFO] TRADE → BTCUSDT | price=63811.23000000 | qty=0.00009000 | ts=1785845918408
[2026-08-04T12:18:38.531Z] [INFO] TRADE → BTCUSDT | price=63811.23000000 | qty=0.00009000 | ts=1785845918408
[2026-08-04T12:18:38.531Z] [INFO] TRADE → BTCUSDT | price=63811.23000000 | qty=0.00009000 | ts=1785845918408
[2026-08-04T12:18:38.531Z] [INFO] TRADE → BTCUSDT | price=63811.23000000 | qty=0.00009000 | ts=1785845918408
[2026-08-04T12:18:38.531Z] [INFO] TRADE → BTCUSDT | price=63811.23000000 | qty=0.00009000 | ts=1785845918408
[2026-08-04T12:18:38.532Z] [INFO] TRADE → BTCUSDT | price=63811.23000000 | qty=0.00008000 | ts=1785845918408
[2026-08-04T12:18:38.532Z] [INFO] TRADE → BTCUSDT | price=63811.23000000 | qty=0.00008000 | ts=1785845918408
[2026-08-04T12:18:38.533Z] [INFO] TRADE → BTCUSDT | price=63811.23000000 | qty=0.00009000 | ts=1785845918408
[2026-08-04T12:18:38.533Z] [INFO] TRADE → BTCUSDT | price=63811.23000000 | qty=0.15890000 | ts=1785845918408
[2026-08-04T12:18:38.533Z] [INFO] TRADE → BTCUSDT | price=63811.23000000 | qty=0.00008000 | ts=1785845918408
[2026-08-04T12:18:38.534Z] [INFO] TRADE → BTCUSDT | price=63811.23000000 | qty=0.00008000 | ts=1785845918408
[2026-08-04T12:18:38.534Z] [INFO] TRADE → BTCUSDT | price=63811.23000000 | qty=0.00008000 | ts=1785845918408
[2026-08-04T12:18:38.534Z] [INFO] TRADE → BTCUSDT | price=63811.23000000 | qty=0.00008000 | ts=1785845918408
[2026-08-04T12:18:38.535Z] [INFO] TRADE → BTCUSDT | price=63811.23000000 | qty=0.00008000 | ts=1785845918408
[2026-08-04T12:18:38.535Z] [INFO] TRADE → BTCUSDT | price=63811.23000000 | qty=0.00008000 | ts=1785845918408
[2026-08-04T12:18:38.535Z] [INFO] TRADE → BTCUSDT | price=63811.22000000 | qty=0.00009000 | ts=1785845918408
[2026-08-04T12:18:38.536Z] [INFO] TRADE → BTCUSDT | price=63811.22000000 | qty=0.00009000 | ts=1785845918408
[2026-08-04T12:18:38.536Z] [INFO] TRADE → BTCUSDT | price=63811.22000000 | qty=0.00009000 | ts=1785845918408
[2026-08-04T12:18:38.536Z] [INFO] TRADE → BTCUSDT | price=63811.22000000 | qty=0.00009000 | ts=1785845918408
[2026-08-04T12:18:38.536Z] [INFO] TRADE → BTCUSDT | price=63811.22000000 | qty=0.00009000 | ts=1785845918408
[2026-08-04T12:18:38.537Z] [INFO] TRADE → BTCUSDT | price=63811.22000000 | qty=0.00009000 | ts=1785845918408
[2026-08-04T12:18:38.537Z] [INFO] TRADE → BTCUSDT | price=63811.22000000 | qty=0.00009000 | ts=1785845918408
[2026-08-04T12:18:38.537Z] [INFO] TRADE → BTCUSDT | price=63811.22000000 | qty=0.00009000 | ts=1785845918408
[2026-08-04T12:18:38.539Z] [INFO] TRADE → BTCUSDT | price=63811.22000000 | qty=0.00009000 | ts=1785845918408
[2026-08-04T12:18:38.540Z] [INFO] TRADE → BTCUSDT | price=63811.00000000 | qty=0.00341000 | ts=1785845918408
[2026-08-04T12:18:38.541Z] [INFO] TRADE → BTCUSDT | price=63810.60000000 | qty=0.00031000 | ts=1785845918421
[2026-08-04T12:18:38.827Z] [INFO] TRADE → ETHUSDT | price=1868.36000000 | qty=0.00810000 | ts=1785845918710
[2026-08-04T12:18:38.847Z] [INFO] TRADE → ETHUSDT | price=1868.36000000 | qty=0.00700000 | ts=1785845918731
[2026-08-04T12:18:38.972Z] [INFO] TRADE → BTCUSDT | price=63810.60000000 | qty=0.00071000 | ts=1785845918858
[2026-08-04T12:18:39.187Z] [INFO] TRADE → BTCUSDT | price=63810.59000000 | qty=0.00008000 | ts=1785845919072
[2026-08-04T12:18:39.188Z] [INFO] TRADE → BTCUSDT | price=63810.59000000 | qty=0.00009000 | ts=1785845919072
[2026-08-04T12:18:39.188Z] [INFO] TRADE → BTCUSDT | price=63810.59000000 | qty=0.00008000 | ts=1785845919072
[2026-08-04T12:18:39.188Z] [INFO] TRADE → BTCUSDT | price=63810.59000000 | qty=0.00005000 | ts=1785845919072
[2026-08-04T12:18:39.403Z] [INFO] TRADE → ETHUSDT | price=1868.36000000 | qty=0.00450000 | ts=1785845919288
[2026-08-04T12:18:39.420Z] [INFO] TRADE → ETHUSDT | price=1868.36000000 | qty=0.05350000 | ts=1785845919304
[2026-08-04T12:18:39.525Z] [INFO] TRADE → BTCUSDT | price=63810.59000000 | qty=0.00004000 | ts=1785845919411
[2026-08-04T12:18:39.528Z] [INFO] TRADE → BTCUSDT | price=63810.59000000 | qty=0.00009000 | ts=1785845919411
[2026-08-04T12:18:39.528Z] [INFO] TRADE → BTCUSDT | price=63810.59000000 | qty=0.00009000 | ts=1785845919411
[2026-08-04T12:18:39.529Z] [INFO] TRADE → BTCUSDT | price=63810.59000000 | qty=0.00009000 | ts=1785845919411
[2026-08-04T12:18:39.529Z] [INFO] TRADE → BTCUSDT | price=63810.59000000 | qty=0.00016000 | ts=1785845919411
[2026-08-04T12:18:39.529Z] [INFO] TRADE → BTCUSDT | price=63810.59000000 | qty=0.00009000 | ts=1785845919411
[2026-08-04T12:18:39.529Z] [INFO] TRADE → BTCUSDT | price=63810.59000000 | qty=0.00008000 | ts=1785845919411
[2026-08-04T12:18:39.529Z] [INFO] TRADE → BTCUSDT | price=63810.59000000 | qty=0.00008000 | ts=1785845919411
[2026-08-04T12:18:39.530Z] [INFO] TRADE → BTCUSDT | price=63810.59000000 | qty=0.00008000 | ts=1785845919411
[2026-08-04T12:18:39.530Z] [INFO] TRADE → BTCUSDT | price=63810.59000000 | qty=0.00009000 | ts=1785845919411
[2026-08-04T12:18:39.530Z] [INFO] TRADE → BTCUSDT | price=63810.59000000 | qty=0.00009000 | ts=1785845919411
[2026-08-04T12:18:39.530Z] [INFO] TRADE → BTCUSDT | price=63810.59000000 | qty=0.00009000 | ts=1785845919411
[2026-08-04T12:18:39.531Z] [INFO] TRADE → BTCUSDT | price=63810.59000000 | qty=0.00009000 | ts=1785845919411
[2026-08-04T12:18:39.531Z] [INFO] TRADE → BTCUSDT | price=63810.59000000 | qty=0.00008000 | ts=1785845919411
[2026-08-04T12:18:39.531Z] [INFO] TRADE → BTCUSDT | price=63810.59000000 | qty=0.00009000 | ts=1785845919411
[2026-08-04T12:18:39.532Z] [INFO] TRADE → BTCUSDT | price=63810.59000000 | qty=0.00009000 | ts=1785845919411
[2026-08-04T12:18:39.532Z] [INFO] TRADE → BTCUSDT | price=63810.59000000 | qty=0.00009000 | ts=1785845919411
[2026-08-04T12:18:39.532Z] [INFO] TRADE → BTCUSDT | price=63810.59000000 | qty=0.00008000 | ts=1785845919411
[2026-08-04T12:18:39.532Z] [INFO] TRADE → BTCUSDT | price=63810.59000000 | qty=0.00008000 | ts=1785845919411
[2026-08-04T12:18:39.532Z] [INFO] TRADE → BTCUSDT | price=63810.59000000 | qty=0.00009000 | ts=1785845919411
[2026-08-04T12:18:39.532Z] [INFO] TRADE → BTCUSDT | price=63810.59000000 | qty=0.00009000 | ts=1785845919411
[2026-08-04T12:18:39.532Z] [INFO] TRADE → BTCUSDT | price=63810.59000000 | qty=0.00700000 | ts=1785845919411
[2026-08-04T12:18:39.533Z] [INFO] TRADE → BTCUSDT | price=63810.59000000 | qty=0.00008000 | ts=1785845919411
[2026-08-04T12:18:39.533Z] [INFO] TRADE → BTCUSDT | price=63810.59000000 | qty=0.00009000 | ts=1785845919411
[2026-08-04T12:18:39.533Z] [INFO] TRADE → BTCUSDT | price=63810.59000000 | qty=0.00009000 | ts=1785845919411
[2026-08-04T12:18:39.533Z] [INFO] TRADE → BTCUSDT | price=63810.59000000 | qty=0.00009000 | ts=1785845919411
[2026-08-04T12:18:39.533Z] [INFO] TRADE → BTCUSDT | price=63810.59000000 | qty=0.00010000 | ts=1785845919411
[2026-08-04T12:18:39.533Z] [INFO] TRADE → BTCUSDT | price=63810.59000000 | qty=0.00008000 | ts=1785845919411
[2026-08-04T12:18:39.533Z] [INFO] TRADE → BTCUSDT | price=63810.59000000 | qty=0.00008000 | ts=1785845919411
[2026-08-04T12:18:39.534Z] [INFO] TRADE → BTCUSDT | price=63810.59000000 | qty=0.00008000 | ts=1785845919411
[2026-08-04T12:18:39.534Z] [INFO] TRADE → BTCUSDT | price=63810.59000000 | qty=0.00008000 | ts=1785845919411
[2026-08-04T12:18:39.534Z] [INFO] TRADE → BTCUSDT | price=63810.59000000 | qty=0.00008000 | ts=1785845919411
[2026-08-04T12:18:39.534Z] [INFO] TRADE → BTCUSDT | price=63810.59000000 | qty=0.00008000 | ts=1785845919411
[2026-08-04T12:18:39.534Z] [INFO] TRADE → BTCUSDT | price=63810.59000000 | qty=0.00008000 | ts=1785845919411
[2026-08-04T12:18:39.534Z] [INFO] TRADE → BTCUSDT | price=63810.59000000 | qty=0.00008000 | ts=1785845919411
[2026-08-04T12:18:39.535Z] [INFO] TRADE → BTCUSDT | price=63810.59000000 | qty=0.00008000 | ts=1785845919411
[2026-08-04T12:18:39.535Z] [INFO] TRADE → BTCUSDT | price=63810.59000000 | qty=0.00008000 | ts=1785845919411
[2026-08-04T12:18:39.535Z] [INFO] TRADE → BTCUSDT | price=63810.59000000 | qty=0.00008000 | ts=1785845919411
[2026-08-04T12:18:39.535Z] [INFO] TRADE → BTCUSDT | price=63810.59000000 | qty=0.00008000 | ts=1785845919411
[2026-08-04T12:18:39.535Z] [INFO] TRADE → BTCUSDT | price=63810.59000000 | qty=0.00008000 | ts=1785845919411
[2026-08-04T12:18:39.535Z] [INFO] TRADE → BTCUSDT | price=63810.58000000 | qty=0.00009000 | ts=1785845919411
[2026-08-04T12:18:39.536Z] [INFO] TRADE → BTCUSDT | price=63810.58000000 | qty=0.00009000 | ts=1785845919411
[2026-08-04T12:18:39.536Z] [INFO] TRADE → BTCUSDT | price=63810.58000000 | qty=0.00009000 | ts=1785845919411
[2026-08-04T12:18:39.536Z] [INFO] TRADE → BTCUSDT | price=63810.58000000 | qty=0.00009000 | ts=1785845919411
[2026-08-04T12:18:39.536Z] [INFO] TRADE → BTCUSDT | price=63810.58000000 | qty=0.00016000 | ts=1785845919411
[2026-08-04T12:18:39.536Z] [INFO] TRADE → BTCUSDT | price=63810.58000000 | qty=0.00009000 | ts=1785845919411
[2026-08-04T12:18:39.536Z] [INFO] TRADE → BTCUSDT | price=63810.58000000 | qty=0.00009000 | ts=1785845919411
[2026-08-04T12:18:39.536Z] [INFO] TRADE → BTCUSDT | price=63810.58000000 | qty=0.00009000 | ts=1785845919411
[2026-08-04T12:18:39.537Z] [INFO] TRADE → BTCUSDT | price=63810.58000000 | qty=0.00009000 | ts=1785845919411
[2026-08-04T12:18:39.537Z] [INFO] TRADE → BTCUSDT | price=63810.58000000 | qty=0.00009000 | ts=1785845919411
[2026-08-04T12:18:39.537Z] [INFO] TRADE → BTCUSDT | price=63810.58000000 | qty=0.00009000 | ts=1785845919411
[2026-08-04T12:18:39.537Z] [INFO] TRADE → BTCUSDT | price=63810.58000000 | qty=0.00009000 | ts=1785845919411
[2026-08-04T12:18:39.537Z] [INFO] TRADE → BTCUSDT | price=63810.57000000 | qty=0.00016000 | ts=1785845919411
[2026-08-04T12:18:39.537Z] [INFO] TRADE → BTCUSDT | price=63810.01000000 | qty=0.00009000 | ts=1785845919411
[2026-08-04T12:18:39.537Z] [INFO] TRADE → BTCUSDT | price=63810.01000000 | qty=0.00009000 | ts=1785845919411
[2026-08-04T12:18:39.538Z] [INFO] TRADE → BTCUSDT | price=63810.01000000 | qty=0.00009000 | ts=1785845919411
[2026-08-04T12:18:39.819Z] [INFO] TRADE → BTCUSDT | price=63810.00000000 | qty=0.00031000 | ts=1785845919705
[2026-08-04T12:18:40.037Z] [INFO] TRADE → BTCUSDT | price=63810.00000000 | qty=0.00020000 | ts=1785845919923
[2026-08-04T12:18:40.101Z] [INFO] TRADE → ETHUSDT | price=1868.35000000 | qty=0.00270000 | ts=1785845919985
[2026-08-04T12:18:40.101Z] [INFO] TRADE → ETHUSDT | price=1868.35000000 | qty=0.00270000 | ts=1785845919985
[2026-08-04T12:18:40.102Z] [INFO] TRADE → ETHUSDT | price=1868.35000000 | qty=0.77380000 | ts=1785845919985
[2026-08-04T12:18:40.577Z] [INFO] TRADE → BTCUSDT | price=63810.00000000 | qty=0.00549000 | ts=1785845920463
[2026-08-04T12:18:40.578Z] [INFO] TRADE → BTCUSDT | price=63810.00000000 | qty=0.00451000 | ts=1785845920463
[2026-08-04T12:18:40.800Z] [INFO] TRADE → ETHUSDT | price=1868.36000000 | qty=0.07340000 | ts=1785845920684
[2026-08-04T12:18:40.800Z] [INFO] TRADE → BTCUSDT | price=63810.00000000 | qty=0.00214000 | ts=1785845920686
[2026-08-04T12:18:41.407Z] [INFO] TRADE → ETHUSDT | price=1868.36000000 | qty=1.21580000 | ts=1785845921291
[2026-08-04T12:18:41.408Z] [INFO] TRADE → ETHUSDT | price=1868.36000000 | qty=0.18950000 | ts=1785845921291
[2026-08-04T12:18:41.435Z] [INFO] TRADE → ETHUSDT | price=1868.36000000 | qty=0.05350000 | ts=1785845921319
[2026-08-04T12:18:41.702Z] [INFO] TRADE → BTCUSDT | price=63810.00000000 | qty=0.00135000 | ts=1785845921589
[2026-08-04T12:18:41.703Z] [INFO] TRADE → BTCUSDT | price=63810.00000000 | qty=0.00002000 | ts=1785845921589
[2026-08-04T12:18:42.168Z] [INFO] TRADE → BTCUSDT | price=63810.01000000 | qty=0.00030000 | ts=1785845922054
[2026-08-04T12:18:42.851Z] [INFO] TRADE → ETHUSDT | price=1868.36000000 | qty=0.01180000 | ts=1785845922735
[2026-08-04T12:18:42.916Z] [INFO] TRADE → ETHUSDT | price=1868.35000000 | qty=0.00300000 | ts=1785845922800
[2026-08-04T12:18:42.951Z] [INFO] TRADE → ETHUSDT | price=1868.35000000 | qty=0.00930000 | ts=1785845922835
[2026-08-04T12:18:43.022Z] [INFO] TRADE → ETHUSDT | price=1868.36000000 | qty=0.05350000 | ts=1785845922907
[2026-08-04T12:18:43.296Z] [INFO] TRADE → BTCUSDT | price=63810.00000000 | qty=0.00498000 | ts=1785845923181
[2026-08-04T12:18:43.296Z] [INFO] TRADE → BTCUSDT | price=63810.00000000 | qty=0.00508000 | ts=1785845923181
[2026-08-04T12:18:44.129Z] [INFO] TRADE → BTCUSDT | price=63810.00000000 | qty=0.00092000 | ts=1785845924014
[2026-08-04T12:18:44.130Z] [INFO] TRADE → BTCUSDT | price=63810.00000000 | qty=0.00320000 | ts=1785845924014
[2026-08-04T12:18:44.401Z] [INFO] TRADE → ETHUSDT | price=1868.36000000 | qty=0.01460000 | ts=1785845924286
[2026-08-04T12:18:44.568Z] [INFO] TRADE → ETHUSDT | price=1868.35000000 | qty=0.32550000 | ts=1785845924452
[2026-08-04T12:18:44.592Z] [INFO] TRADE → ETHUSDT | price=1868.35000000 | qty=0.25770000 | ts=1785845924476
[2026-08-04T12:18:44.592Z] [INFO] TRADE → ETHUSDT | price=1868.35000000 | qty=2.94230000 | ts=1785845924476
[2026-08-04T12:18:44.601Z] [INFO] TRADE → ETHUSDT | price=1868.36000000 | qty=0.05350000 | ts=1785845924485
[2026-08-04T12:18:45.460Z] [INFO] TRADE → BTCUSDT | price=63810.00000000 | qty=0.00030000 | ts=1785845925340
[2026-08-04T12:18:46.003Z] [INFO] TRADE → BTCUSDT | price=63810.01000000 | qty=0.00007000 | ts=1785845925882
[2026-08-04T12:18:46.332Z] [INFO] TRADE → ETHUSDT | price=1868.36000000 | qty=0.05350000 | ts=1785845926216
[2026-08-04T12:18:46.409Z] [INFO] TRADE → ETHUSDT | price=1868.36000000 | qty=1.31080000 | ts=1785845926293
[2026-08-04T12:18:46.998Z] [INFO] TRADE → ETHUSDT | price=1868.36000000 | qty=0.00290000 | ts=1785845926882
[2026-08-04T12:18:47.352Z] [INFO] TRADE → BTCUSDT | price=63810.01000000 | qty=0.00522000 | ts=1785845927237
[2026-08-04T12:18:47.400Z] [INFO] TRADE → BTCUSDT | price=63810.00000000 | qty=0.00013000 | ts=1785845927286
[2026-08-04T12:18:47.404Z] [INFO] TRADE → BTCUSDT | price=63810.01000000 | qty=0.03303000 | ts=1785845927291
[2026-08-04T12:18:47.498Z] [INFO] TRADE → BTCUSDT | price=63810.00000000 | qty=0.00016000 | ts=1785845927384
[2026-08-04T12:18:47.499Z] [INFO] TRADE → BTCUSDT | price=63810.00000000 | qty=0.00010000 | ts=1785845927384
[2026-08-04T12:18:47.589Z] [INFO] TRADE → BTCUSDT | price=63810.00000000 | qty=0.00313000 | ts=1785845927475
[2026-08-04T12:18:48.096Z] [INFO] TRADE → ETHUSDT | price=1868.35000000 | qty=0.03760000 | ts=1785845927980
[2026-08-04T12:18:48.151Z] [INFO] TRADE → ETHUSDT | price=1868.36000000 | qty=0.05350000 | ts=1785845928035
[2026-08-04T12:18:48.301Z] [INFO] TRADE → ETHUSDT | price=1868.36000000 | qty=1.02190000 | ts=1785845928185
[2026-08-04T12:18:48.579Z] [INFO] TRADE → BTCUSDT | price=63810.00000000 | qty=0.00298000 | ts=1785845928464
[2026-08-04T12:18:48.579Z] [INFO] TRADE → BTCUSDT | price=63810.00000000 | qty=0.00009000 | ts=1785845928464
[2026-08-04T12:18:48.579Z] [INFO] TRADE → BTCUSDT | price=63810.00000000 | qty=0.00009000 | ts=1785845928464
[2026-08-04T12:18:48.580Z] [INFO] TRADE → BTCUSDT | price=63810.00000000 | qty=0.00008000 | ts=1785845928464
[2026-08-04T12:18:48.580Z] [INFO] TRADE → BTCUSDT | price=63810.00000000 | qty=0.00008000 | ts=1785845928464
[2026-08-04T12:18:48.580Z] [INFO] TRADE → BTCUSDT | price=63810.00000000 | qty=0.00009000 | ts=1785845928464
[2026-08-04T12:18:48.580Z] [INFO] TRADE → BTCUSDT | price=63810.00000000 | qty=0.00009000 | ts=1785845928464
[2026-08-04T12:18:48.581Z] [INFO] TRADE → BTCUSDT | price=63810.00000000 | qty=0.00009000 | ts=1785845928464
[2026-08-04T12:18:48.581Z] [INFO] TRADE → BTCUSDT | price=63810.00000000 | qty=0.00009000 | ts=1785845928464
[2026-08-04T12:18:48.581Z] [INFO] TRADE → BTCUSDT | price=63810.00000000 | qty=0.00009000 | ts=1785845928464
[2026-08-04T12:18:48.581Z] [INFO] TRADE → BTCUSDT | price=63810.00000000 | qty=0.00009000 | ts=1785845928464
[2026-08-04T12:18:48.582Z] [INFO] TRADE → BTCUSDT | price=63810.00000000 | qty=0.00009000 | ts=1785845928464
[2026-08-04T12:18:48.582Z] [INFO] TRADE → BTCUSDT | price=63810.00000000 | qty=0.00008000 | ts=1785845928464
[2026-08-04T12:18:48.582Z] [INFO] TRADE → BTCUSDT | price=63810.00000000 | qty=0.00016000 | ts=1785845928464
[2026-08-04T12:18:48.582Z] [INFO] TRADE → BTCUSDT | price=63810.00000000 | qty=0.00008000 | ts=1785845928464
[2026-08-04T12:18:48.582Z] [INFO] TRADE → BTCUSDT | price=63810.00000000 | qty=0.00009000 | ts=1785845928464
[2026-08-04T12:18:48.583Z] [INFO] TRADE → BTCUSDT | price=63810.00000000 | qty=0.00346000 | ts=1785845928464
[2026-08-04T12:18:49.081Z] [INFO] TRADE → ETHUSDT | price=1868.35000000 | qty=0.01070000 | ts=1785845928966
[2026-08-04T12:18:49.336Z] [INFO] TRADE → BTCUSDT | price=63810.00000000 | qty=0.00354000 | ts=1785845929220
[2026-08-04T12:18:49.336Z] [INFO] TRADE → BTCUSDT | price=63810.00000000 | qty=0.00009000 | ts=1785845929220
[2026-08-04T12:18:49.337Z] [INFO] TRADE → BTCUSDT | price=63810.00000000 | qty=0.00009000 | ts=1785845929220
[2026-08-04T12:18:49.337Z] [INFO] TRADE → BTCUSDT | price=63810.00000000 | qty=0.00009000 | ts=1785845929220
[2026-08-04T12:18:49.337Z] [INFO] TRADE → BTCUSDT | price=63810.00000000 | qty=0.00503000 | ts=1785845929220
[2026-08-04T12:18:49.339Z] [INFO] TRADE → BTCUSDT | price=63810.00000000 | qty=0.00197000 | ts=1785845929225
[2026-08-04T12:18:49.340Z] [INFO] TRADE → BTCUSDT | price=63810.00000000 | qty=0.00433000 | ts=1785845929225
[2026-08-04T12:18:49.344Z] [INFO] TRADE → BTCUSDT | price=63810.00000000 | qty=0.00267000 | ts=1785845929230
[2026-08-04T12:18:49.345Z] [INFO] TRADE → BTCUSDT | price=63810.00000000 | qty=0.00010000 | ts=1785845929230
[2026-08-04T12:18:49.346Z] [INFO] TRADE → BTCUSDT | price=63810.00000000 | qty=0.00009000 | ts=1785845929230
[2026-08-04T12:18:49.346Z] [INFO] TRADE → BTCUSDT | price=63810.00000000 | qty=0.00156000 | ts=1785845929230
[2026-08-04T12:18:49.346Z] [INFO] TRADE → BTCUSDT | price=63810.00000000 | qty=0.00009000 | ts=1785845929230
[2026-08-04T12:18:49.346Z] [INFO] TRADE → BTCUSDT | price=63810.00000000 | qty=0.00009000 | ts=1785845929230
[2026-08-04T12:18:49.346Z] [INFO] TRADE → BTCUSDT | price=63810.00000000 | qty=0.00009000 | ts=1785845929230
[2026-08-04T12:18:49.347Z] [INFO] TRADE → BTCUSDT | price=63810.00000000 | qty=0.00300000 | ts=1785845929230
[2026-08-04T12:18:49.347Z] [INFO] TRADE → BTCUSDT | price=63810.00000000 | qty=0.00115000 | ts=1785845929230
[2026-08-04T12:18:49.351Z] [INFO] TRADE → BTCUSDT | price=63810.00000000 | qty=0.00185000 | ts=1785845929236
[2026-08-04T12:18:49.351Z] [INFO] TRADE → BTCUSDT | price=63810.00000000 | qty=0.00445000 | ts=1785845929236
[2026-08-04T12:18:49.584Z] [INFO] TRADE → ETHUSDT | price=1868.35000000 | qty=0.15340000 | ts=1785845929467
[2026-08-04T12:18:49.592Z] [INFO] TRADE → BTCUSDT | price=63810.00000000 | qty=0.00313000 | ts=1785845929474
[2026-08-04T12:18:49.598Z] [INFO] TRADE → BTCUSDT | price=63810.00000000 | qty=0.00025000 | ts=1785845929485
[2026-08-04T12:18:49.600Z] [INFO] TRADE → BTCUSDT | price=63810.00000000 | qty=0.00008000 | ts=1785845929485
[2026-08-04T12:18:49.600Z] [INFO] TRADE → BTCUSDT | price=63810.00000000 | qty=0.00008000 | ts=1785845929485
[2026-08-04T12:18:49.600Z] [INFO] TRADE → BTCUSDT | price=63810.00000000 | qty=0.00009000 | ts=1785845929485
[2026-08-04T12:18:49.600Z] [INFO] TRADE → BTCUSDT | price=63810.00000000 | qty=0.00009000 | ts=1785845929485
[2026-08-04T12:18:49.601Z] [INFO] TRADE → BTCUSDT | price=63810.00000000 | qty=0.00070000 | ts=1785845929485
[2026-08-04T12:18:49.601Z] [INFO] TRADE → BTCUSDT | price=63810.00000000 | qty=0.00933000 | ts=1785845929485
[2026-08-04T12:18:49.646Z] [INFO] TRADE → ETHUSDT | price=1868.35000000 | qty=2.53600000 | ts=1785845929529
[2026-08-04T12:18:49.646Z] [INFO] TRADE → ETHUSDT | price=1868.35000000 | qty=0.00270000 | ts=1785845929529
[2026-08-04T12:18:49.647Z] [INFO] TRADE → ETHUSDT | price=1868.35000000 | qty=0.66130000 | ts=1785845929529
[2026-08-04T12:18:49.706Z] [INFO] TRADE → ETHUSDT | price=1868.36000000 | qty=0.05350000 | ts=1785845929590
[2026-08-04T12:18:49.765Z] [INFO] TRADE → ETHUSDT | price=1868.35000000 | qty=0.35320000 | ts=1785845929646
[2026-08-04T12:18:50.038Z] [INFO] TRADE → BTCUSDT | price=63810.00000000 | qty=0.00008000 | ts=1785845929922
[2026-08-04T12:18:50.039Z] [INFO] TRADE → BTCUSDT | price=63810.00000000 | qty=0.00008000 | ts=1785845929922
[2026-08-04T12:18:50.039Z] [INFO] TRADE → BTCUSDT | price=63810.00000000 | qty=0.00009000 | ts=1785845929922
[2026-08-04T12:18:50.039Z] [INFO] TRADE → BTCUSDT | price=63810.00000000 | qty=0.00009000 | ts=1785845929922
[2026-08-04T12:18:50.039Z] [INFO] TRADE → BTCUSDT | price=63810.00000000 | qty=0.00009000 | ts=1785845929922
[2026-08-04T12:18:50.040Z] [INFO] TRADE → BTCUSDT | price=63810.00000000 | qty=0.00016000 | ts=1785845929922
[2026-08-04T12:18:50.040Z] [INFO] TRADE → BTCUSDT | price=63810.00000000 | qty=0.00009000 | ts=1785845929922
[2026-08-04T12:18:50.040Z] [INFO] TRADE → BTCUSDT | price=63810.00000000 | qty=0.00009000 | ts=1785845929922
[2026-08-04T12:18:50.040Z] [INFO] TRADE → BTCUSDT | price=63810.00000000 | qty=0.00009000 | ts=1785845929922
[2026-08-04T12:18:50.041Z] [INFO] TRADE → BTCUSDT | price=63810.00000000 | qty=0.00009000 | ts=1785845929922
[2026-08-04T12:18:50.041Z] [INFO] TRADE → BTCUSDT | price=63810.00000000 | qty=0.00009000 | ts=1785845929922
[2026-08-04T12:18:50.041Z] [INFO] TRADE → BTCUSDT | price=63810.00000000 | qty=0.00009000 | ts=1785845929922
[2026-08-04T12:18:50.041Z] [INFO] TRADE → BTCUSDT | price=63810.00000000 | qty=0.00009000 | ts=1785845929922
[2026-08-04T12:18:50.041Z] [INFO] TRADE → BTCUSDT | price=63810.00000000 | qty=0.00009000 | ts=1785845929922
[2026-08-04T12:18:50.042Z] [INFO] TRADE → BTCUSDT | price=63810.00000000 | qty=0.00009000 | ts=1785845929922
[2026-08-04T12:18:50.042Z] [INFO] TRADE → BTCUSDT | price=63810.00000000 | qty=0.00009000 | ts=1785845929922
[2026-08-04T12:18:50.042Z] [INFO] TRADE → BTCUSDT | price=63810.00000000 | qty=0.00009000 | ts=1785845929922
[2026-08-04T12:18:50.042Z] [INFO] TRADE → BTCUSDT | price=63810.00000000 | qty=0.00009000 | ts=1785845929922
[2026-08-04T12:18:50.043Z] [INFO] TRADE → BTCUSDT | price=63810.00000000 | qty=0.00009000 | ts=1785845929922
[2026-08-04T12:18:50.043Z] [INFO] TRADE → BTCUSDT | price=63810.00000000 | qty=0.00009000 | ts=1785845929922
[2026-08-04T12:18:50.043Z] [INFO] TRADE → BTCUSDT | price=63810.00000000 | qty=0.00300000 | ts=1785845929922
[2026-08-04T12:18:50.043Z] [INFO] TRADE → BTCUSDT | price=63810.00000000 | qty=0.00300000 | ts=1785845929922
[2026-08-04T12:18:50.044Z] [INFO] TRADE → BTCUSDT | price=63810.00000000 | qty=0.00009000 | ts=1785845929922
[2026-08-04T12:18:50.044Z] [INFO] TRADE → BTCUSDT | price=63810.00000000 | qty=0.00008000 | ts=1785845929922
[2026-08-04T12:18:50.044Z] [INFO] TRADE → BTCUSDT | price=63810.00000000 | qty=0.00009000 | ts=1785845929922
[2026-08-04T12:18:50.044Z] [INFO] TRADE → BTCUSDT | price=63810.00000000 | qty=0.00009000 | ts=1785845929922
[2026-08-04T12:18:50.045Z] [INFO] TRADE → BTCUSDT | price=63810.00000000 | qty=0.00008000 | ts=1785845929922
[2026-08-04T12:18:50.045Z] [INFO] TRADE → BTCUSDT | price=63810.00000000 | qty=0.00008000 | ts=1785845929922
[2026-08-04T12:18:50.045Z] [INFO] TRADE → BTCUSDT | price=63810.00000000 | qty=0.00008000 | ts=1785845929922
[2026-08-04T12:18:50.045Z] [INFO] TRADE → BTCUSDT | price=63810.00000000 | qty=0.00008000 | ts=1785845929922
[2026-08-04T12:18:50.046Z] [INFO] TRADE → BTCUSDT | price=63810.00000000 | qty=0.00006000 | ts=1785845929922
[2026-08-04T12:18:50.046Z] [INFO] TRADE → BTCUSDT | price=63810.00000000 | qty=0.00008000 | ts=1785845929922
[2026-08-04T12:18:50.046Z] [INFO] TRADE → BTCUSDT | price=63809.99000000 | qty=0.00009000 | ts=1785845929922
[2026-08-04T12:18:50.046Z] [INFO] TRADE → BTCUSDT | price=63809.99000000 | qty=0.00009000 | ts=1785845929922
[2026-08-04T12:18:50.047Z] [INFO] TRADE → BTCUSDT | price=63809.99000000 | qty=0.00009000 | ts=1785845929922
[2026-08-04T12:18:50.047Z] [INFO] TRADE → BTCUSDT | price=63809.99000000 | qty=0.00009000 | ts=1785845929922
[2026-08-04T12:18:50.047Z] [INFO] TRADE → BTCUSDT | price=63809.99000000 | qty=0.00009000 | ts=1785845929922
[2026-08-04T12:18:50.048Z] [INFO] TRADE → BTCUSDT | price=63809.99000000 | qty=0.00009000 | ts=1785845929922
[2026-08-04T12:18:50.048Z] [INFO] TRADE → BTCUSDT | price=63809.99000000 | qty=0.00016000 | ts=1785845929922
[2026-08-04T12:18:50.048Z] [INFO] TRADE → BTCUSDT | price=63809.99000000 | qty=0.00009000 | ts=1785845929922
[2026-08-04T12:18:50.049Z] [INFO] TRADE → BTCUSDT | price=63809.99000000 | qty=0.00009000 | ts=1785845929922
[2026-08-04T12:18:50.049Z] [INFO] TRADE → BTCUSDT | price=63809.99000000 | qty=0.00009000 | ts=1785845929922
[2026-08-04T12:18:50.049Z] [INFO] TRADE → BTCUSDT | price=63809.98000000 | qty=0.00016000 | ts=1785845929922
[2026-08-04T12:18:50.049Z] [INFO] TRADE → BTCUSDT | price=63809.95000000 | qty=0.00270000 | ts=1785845929922
[2026-08-04T12:18:50.050Z] [INFO] TRADE → BTCUSDT | price=63809.75000000 | qty=0.01170000 | ts=1785845929922
[2026-08-04T12:18:50.050Z] [INFO] TRADE → BTCUSDT | price=63809.75000000 | qty=0.00009000 | ts=1785845929922
[2026-08-04T12:18:50.050Z] [INFO] TRADE → BTCUSDT | price=63809.75000000 | qty=0.00009000 | ts=1785845929922
[2026-08-04T12:18:50.050Z] [INFO] TRADE → BTCUSDT | price=63809.55000000 | qty=0.00008000 | ts=1785845929922
[2026-08-04T12:18:50.050Z] [INFO] TRADE → BTCUSDT | price=63809.21000000 | qty=0.00008000 | ts=1785845929922
[2026-08-04T12:18:50.051Z] [INFO] TRADE → BTCUSDT | price=63809.21000000 | qty=0.00008000 | ts=1785845929922
[2026-08-04T12:18:50.051Z] [INFO] TRADE → BTCUSDT | price=63808.97000000 | qty=0.00008000 | ts=1785845929922
[2026-08-04T12:18:50.051Z] [INFO] TRADE → BTCUSDT | price=63808.24000000 | qty=0.00008000 | ts=1785845929922
[2026-08-04T12:18:50.051Z] [INFO] TRADE → BTCUSDT | price=63808.01000000 | qty=0.00009000 | ts=1785845929922
[2026-08-04T12:18:50.051Z] [INFO] TRADE → BTCUSDT | price=63808.01000000 | qty=0.00009000 | ts=1785845929922
[2026-08-04T12:18:50.052Z] [INFO] TRADE → BTCUSDT | price=63808.01000000 | qty=0.00009000 | ts=1785845929922
[2026-08-04T12:18:50.296Z] [INFO] TRADE → BTCUSDT | price=63808.00000000 | qty=0.00600000 | ts=1785845930175
[2026-08-04T12:18:50.297Z] [INFO] TRADE → BTCUSDT | price=63808.00000000 | qty=0.00100000 | ts=1785845930175
[2026-08-04T12:18:50.359Z] [INFO] TRADE → BTCUSDT | price=63808.00000000 | qty=0.00700000 | ts=1785845930244
[2026-08-04T12:18:50.359Z] [INFO] TRADE → BTCUSDT | price=63808.00000000 | qty=0.00184000 | ts=1785845930244
[2026-08-04T12:18:50.472Z] [INFO] TRADE → BTCUSDT | price=63808.00000000 | qty=0.00121000 | ts=1785845930358
[2026-08-04T12:18:50.514Z] [INFO] TRADE → ETHUSDT | price=1868.35000000 | qty=0.00560000 | ts=1785845930393
[2026-08-04T12:18:50.903Z] [INFO] TRADE → BTCUSDT | price=63808.01000000 | qty=0.00030000 | ts=1785845930789
[2026-08-04T12:18:50.926Z] [INFO] TRADE → ETHUSDT | price=1868.35000000 | qty=0.09830000 | ts=1785845930806
[2026-08-04T12:18:51.033Z] [INFO] TRADE → BTCUSDT | price=63808.00000000 | qty=0.00016000 | ts=1785845930914
[2026-08-04T12:18:51.607Z] [INFO] TRADE → ETHUSDT | price=1868.36000000 | qty=0.05350000 | ts=1785845931491
[2026-08-04T12:18:51.901Z] [INFO] TRADE → BTCUSDT | price=63808.01000000 | qty=0.00064000 | ts=1785845931786
[2026-08-04T12:18:52.558Z] [INFO] TRADE → BTCUSDT | price=63808.00000000 | qty=0.00030000 | ts=1785845932434
[2026-08-04T12:18:52.604Z] [INFO] TRADE → ETHUSDT | price=1868.35000000 | qty=0.10810000 | ts=1785845932488
[2026-08-04T12:18:53.187Z] [INFO] TRADE → BTCUSDT | price=63808.01000000 | qty=0.00011000 | ts=1785845933073
[2026-08-04T12:18:53.460Z] [INFO] TRADE → ETHUSDT | price=1868.36000000 | qty=0.05350000 | ts=1785845933344
[2026-08-04T12:18:53.900Z] [INFO] TRADE → BTCUSDT | price=63808.00000000 | qty=0.00165000 | ts=1785845933786
[2026-08-04T12:18:54.459Z] [INFO] TRADE → ETHUSDT | price=1868.36000000 | qty=0.49920000 | ts=1785845934343
[2026-08-04T12:18:54.460Z] [INFO] TRADE → ETHUSDT | price=1868.36000000 | qty=0.00080000 | ts=1785845934343
[2026-08-04T12:18:54.674Z] [INFO] TRADE → BTCUSDT | price=63808.01000000 | qty=0.00693000 | ts=1785845934560
[2026-08-04T12:18:54.860Z] [INFO] TRADE → ETHUSDT | price=1868.36000000 | qty=0.00190000 | ts=1785845934744
[2026-08-04T12:18:54.860Z] [INFO] TRADE → ETHUSDT | price=1868.36000000 | qty=0.15850000 | ts=1785845934744
[2026-08-04T12:18:55.369Z] [INFO] TRADE → ETHUSDT | price=1868.36000000 | qty=0.05350000 | ts=1785845935254
[2026-08-04T12:18:56.406Z] [INFO] TRADE → ETHUSDT | price=1868.36000000 | qty=0.99780000 | ts=1785845936291
[2026-08-04T12:18:56.424Z] [INFO] TRADE → BTCUSDT | price=63808.00000000 | qty=0.00084000 | ts=1785845936310
[2026-08-04T12:18:56.425Z] [INFO] TRADE → BTCUSDT | price=63808.00000000 | qty=0.00500000 | ts=1785845936310
[2026-08-04T12:18:56.425Z] [INFO] TRADE → BTCUSDT | price=63808.00000000 | qty=0.00473000 | ts=1785845936310
[2026-08-04T12:18:56.601Z] [INFO] TRADE → ETHUSDT | price=1868.35000000 | qty=0.31010000 | ts=1785845936485
[2026-08-04T12:18:56.693Z] [INFO] TRADE → ETHUSDT | price=1868.35000000 | qty=0.00320000 | ts=1785845936573
[2026-08-04T12:18:57.271Z] [INFO] TRADE → ETHUSDT | price=1868.36000000 | qty=0.05350000 | ts=1785845937156
[2026-08-04T12:18:57.586Z] [INFO] TRADE → ETHUSDT | price=1868.36000000 | qty=0.00280000 | ts=1785845937470
[2026-08-04T12:18:57.586Z] [INFO] TRADE → ETHUSDT | price=1868.36000000 | qty=0.00020000 | ts=1785845937470
[2026-08-04T12:18:57.930Z] [INFO] TRADE → BTCUSDT | price=63808.00000000 | qty=0.00314000 | ts=1785845937814
[2026-08-04T12:18:58.094Z] [INFO] TRADE → BTCUSDT | price=63808.00000000 | qty=0.00030000 | ts=1785845937980
[2026-08-04T12:18:58.136Z] [INFO] TRADE → BTCUSDT | price=63808.01000000 | qty=0.00031000 | ts=1785845938019
[2026-08-04T12:18:58.759Z] [INFO] TRADE → ETHUSDT | price=1868.35000000 | qty=0.00630000 | ts=1785845938643
[2026-08-04T12:18:58.897Z] [INFO] TRADE → ETHUSDT | price=1868.36000000 | qty=0.00250000 | ts=1785845938781
[2026-08-04T12:18:58.897Z] [INFO] TRADE → ETHUSDT | price=1868.36000000 | qty=0.00270000 | ts=1785845938781
[2026-08-04T12:18:58.898Z] [INFO] TRADE → ETHUSDT | price=1868.36000000 | qty=0.00540000 | ts=1785845938781
[2026-08-04T12:18:58.898Z] [INFO] TRADE → ETHUSDT | price=1868.36000000 | qty=0.00270000 | ts=1785845938781
[2026-08-04T12:18:58.898Z] [INFO] TRADE → ETHUSDT | price=1868.36000000 | qty=0.00270000 | ts=1785845938781
[2026-08-04T12:18:58.899Z] [INFO] TRADE → ETHUSDT | price=1868.36000000 | qty=0.00270000 | ts=1785845938781
[2026-08-04T12:18:58.899Z] [INFO] TRADE → ETHUSDT | price=1868.36000000 | qty=0.00280000 | ts=1785845938781
[2026-08-04T12:18:58.899Z] [INFO] TRADE → ETHUSDT | price=1868.36000000 | qty=0.03200000 | ts=1785845938781
[2026-08-04T12:18:59.028Z] [INFO] TRADE → BTCUSDT | price=63808.00000000 | qty=0.00711000 | ts=1785845938914
[2026-08-04T12:19:00.047Z] [INFO] TRADE → ETHUSDT | price=1868.36000000 | qty=0.00300000 | ts=1785845939931
[2026-08-04T12:19:00.214Z] [INFO] TRADE → BTCUSDT | price=63808.01000000 | qty=0.02104000 | ts=1785845940100
[2026-08-04T12:19:00.405Z] [INFO] TRADE → BTCUSDT | price=63808.01000000 | qty=0.00013000 | ts=1785845940291
[2026-08-04T12:19:00.476Z] [INFO] TRADE → BTCUSDT | price=63808.00000000 | qty=0.16073000 | ts=1785845940360
[2026-08-04T12:19:00.476Z] [INFO] TRADE → BTCUSDT | price=63808.00000000 | qty=0.00009000 | ts=1785845940360
[2026-08-04T12:19:00.476Z] [INFO] TRADE → BTCUSDT | price=63808.00000000 | qty=0.00009000 | ts=1785845940360
[2026-08-04T12:19:00.477Z] [INFO] TRADE → BTCUSDT | price=63808.00000000 | qty=0.00008000 | ts=1785845940360
[2026-08-04T12:19:00.477Z] [INFO] TRADE → BTCUSDT | price=63808.00000000 | qty=0.00009000 | ts=1785845940360
[2026-08-04T12:19:00.477Z] [INFO] TRADE → BTCUSDT | price=63808.00000000 | qty=0.15890000 | ts=1785845940360
[2026-08-04T12:19:00.477Z] [INFO] TRADE → BTCUSDT | price=63808.00000000 | qty=0.00009000 | ts=1785845940360
[2026-08-04T12:19:00.478Z] [INFO] TRADE → BTCUSDT | price=63808.00000000 | qty=0.00008000 | ts=1785845940360
[2026-08-04T12:19:00.478Z] [INFO] TRADE → BTCUSDT | price=63808.00000000 | qty=0.00009000 | ts=1785845940360
[2026-08-04T12:19:00.478Z] [INFO] TRADE → BTCUSDT | price=63808.00000000 | qty=0.00009000 | ts=1785845940360
[2026-08-04T12:19:00.478Z] [INFO] TRADE → BTCUSDT | price=63808.00000000 | qty=0.00008000 | ts=1785845940360
[2026-08-04T12:19:00.478Z] [INFO] TRADE → BTCUSDT | price=63808.00000000 | qty=0.00009000 | ts=1785845940360
[2026-08-04T12:19:00.479Z] [INFO] TRADE → BTCUSDT | price=63808.00000000 | qty=0.00008000 | ts=1785845940360
[2026-08-04T12:19:00.479Z] [INFO] TRADE → BTCUSDT | price=63808.00000000 | qty=0.00009000 | ts=1785845940360
[2026-08-04T12:19:00.479Z] [INFO] TRADE → BTCUSDT | price=63808.00000000 | qty=0.00009000 | ts=1785845940360
[2026-08-04T12:19:00.479Z] [INFO] TRADE → BTCUSDT | price=63808.00000000 | qty=0.00009000 | ts=1785845940360
[2026-08-04T12:19:00.479Z] [INFO] TRADE → BTCUSDT | price=63808.00000000 | qty=0.00009000 | ts=1785845940360
[2026-08-04T12:19:00.480Z] [INFO] TRADE → BTCUSDT | price=63808.00000000 | qty=0.00069000 | ts=1785845940360
[2026-08-04T12:19:00.480Z] [INFO] TRADE → BTCUSDT | price=63808.00000000 | qty=0.00009000 | ts=1785845940360
[2026-08-04T12:19:00.480Z] [INFO] TRADE → BTCUSDT | price=63808.00000000 | qty=0.00009000 | ts=1785845940360
[2026-08-04T12:19:00.480Z] [INFO] TRADE → BTCUSDT | price=63808.00000000 | qty=0.00048000 | ts=1785845940360
[2026-08-04T12:19:00.480Z] [INFO] TRADE → BTCUSDT | price=63808.00000000 | qty=0.00350000 | ts=1785845940360
[2026-08-04T12:19:00.481Z] [INFO] TRADE → BTCUSDT | price=63808.00000000 | qty=0.00009000 | ts=1785845940360
[2026-08-04T12:19:00.481Z] [INFO] TRADE → BTCUSDT | price=63808.00000000 | qty=0.00008000 | ts=1785845940360
[2026-08-04T12:19:00.481Z] [INFO] TRADE → BTCUSDT | price=63808.00000000 | qty=0.00009000 | ts=1785845940360
[2026-08-04T12:19:00.481Z] [INFO] TRADE → BTCUSDT | price=63808.00000000 | qty=0.00009000 | ts=1785845940360
[2026-08-04T12:19:00.482Z] [INFO] TRADE → BTCUSDT | price=63808.00000000 | qty=0.00009000 | ts=1785845940360
[2026-08-04T12:19:00.482Z] [INFO] TRADE → BTCUSDT | price=63808.00000000 | qty=0.00009000 | ts=1785845940360
[2026-08-04T12:19:00.482Z] [INFO] TRADE → BTCUSDT | price=63808.00000000 | qty=0.00009000 | ts=1785845940360
[2026-08-04T12:19:00.482Z] [INFO] TRADE → BTCUSDT | price=63808.00000000 | qty=0.00300000 | ts=1785845940360
[2026-08-04T12:19:00.483Z] [INFO] TRADE → BTCUSDT | price=63808.00000000 | qty=0.00300000 | ts=1785845940360
[2026-08-04T12:19:00.483Z] [INFO] TRADE → BTCUSDT | price=63808.00000000 | qty=0.00008000 | ts=1785845940360
[2026-08-04T12:19:00.483Z] [INFO] TRADE → BTCUSDT | price=63808.00000000 | qty=0.00009000 | ts=1785845940360
[2026-08-04T12:19:00.483Z] [INFO] TRADE → BTCUSDT | price=63808.00000000 | qty=0.00009000 | ts=1785845940360
[2026-08-04T12:19:00.483Z] [INFO] TRADE → BTCUSDT | price=63808.00000000 | qty=0.00010000 | ts=1785845940360
[2026-08-04T12:19:00.484Z] [INFO] TRADE → BTCUSDT | price=63808.00000000 | qty=0.00016000 | ts=1785845940360
[2026-08-04T12:19:00.484Z] [INFO] TRADE → BTCUSDT | price=63808.00000000 | qty=0.00008000 | ts=1785845940360
[2026-08-04T12:19:00.484Z] [INFO] TRADE → BTCUSDT | price=63808.00000000 | qty=0.01634000 | ts=1785845940360
[2026-08-04T12:19:00.684Z] [INFO] TRADE → ETHUSDT | price=1868.36000000 | qty=0.02530000 | ts=1785845940568
[2026-08-04T12:19:00.684Z] [INFO] TRADE → ETHUSDT | price=1868.36000000 | qty=0.02820000 | ts=1785845940568
[2026-08-04T12:19:00.778Z] [INFO] TRADE → BTCUSDT | price=63808.00000000 | qty=0.01582000 | ts=1785845940664
[2026-08-04T12:19:01.175Z] [INFO] TRADE → BTCUSDT | price=63808.00000000 | qty=0.28994000 | ts=1785845941060
[2026-08-04T12:19:01.175Z] [INFO] TRADE → BTCUSDT | price=63808.00000000 | qty=0.05942000 | ts=1785845941060
[2026-08-04T12:19:01.509Z] [INFO] TRADE → ETHUSDT | price=1868.36000000 | qty=0.00300000 | ts=1785845941393
[2026-08-04T12:19:01.579Z] [INFO] TRADE → BTCUSDT | price=63808.01000000 | qty=0.00024000 | ts=1785845941465
[2026-08-04T12:19:01.825Z] [INFO] TRADE → ETHUSDT | price=1868.36000000 | qty=2.65030000 | ts=1785845941707
[2026-08-04T12:19:01.825Z] [INFO] TRADE → ETHUSDT | price=1868.36000000 | qty=0.00270000 | ts=1785845941707
[2026-08-04T12:19:01.825Z] [INFO] TRADE → ETHUSDT | price=1868.36000000 | qty=0.89000000 | ts=1785845941707
[2026-08-04T12:19:01.826Z] [INFO] TRADE → ETHUSDT | price=1868.36000000 | qty=0.00280000 | ts=1785845941707
[2026-08-04T12:19:01.826Z] [INFO] TRADE → ETHUSDT | price=1868.36000000 | qty=0.00280000 | ts=1785845941707
[2026-08-04T12:19:01.826Z] [INFO] TRADE → ETHUSDT | price=1868.36000000 | qty=0.04760000 | ts=1785845941707
[2026-08-04T12:19:01.828Z] [INFO] TRADE → ETHUSDT | price=1868.36000000 | qty=0.07100000 | ts=1785845941707
[2026-08-04T12:19:01.828Z] [INFO] TRADE → ETHUSDT | price=1868.36000000 | qty=0.00280000 | ts=1785845941707
[2026-08-04T12:19:01.829Z] [INFO] TRADE → ETHUSDT | price=1868.36000000 | qty=0.00270000 | ts=1785845941707
[2026-08-04T12:19:01.829Z] [INFO] TRADE → ETHUSDT | price=1868.36000000 | qty=0.00270000 | ts=1785845941707
[2026-08-04T12:19:01.829Z] [INFO] TRADE → ETHUSDT | price=1868.36000000 | qty=0.00280000 | ts=1785845941707
[2026-08-04T12:19:01.829Z] [INFO] TRADE → ETHUSDT | price=1868.36000000 | qty=0.00540000 | ts=1785845941707
[2026-08-04T12:19:01.830Z] [INFO] TRADE → ETHUSDT | price=1868.36000000 | qty=0.00400000 | ts=1785845941707
[2026-08-04T12:19:01.830Z] [INFO] TRADE → ETHUSDT | price=1868.36000000 | qty=0.00320000 | ts=1785845941707
[2026-08-04T12:19:01.831Z] [INFO] TRADE → ETHUSDT | price=1868.36000000 | qty=0.02530000 | ts=1785845941707
[2026-08-04T12:19:01.831Z] [INFO] TRADE → ETHUSDT | price=1868.36000000 | qty=0.00280000 | ts=1785845941707
[2026-08-04T12:19:01.832Z] [INFO] TRADE → ETHUSDT | price=1868.36000000 | qty=0.00280000 | ts=1785845941707
[2026-08-04T12:19:01.832Z] [INFO] TRADE → ETHUSDT | price=1868.36000000 | qty=0.00320000 | ts=1785845941707
[2026-08-04T12:19:01.832Z] [INFO] TRADE → ETHUSDT | price=1868.36000000 | qty=0.00270000 | ts=1785845941707
[2026-08-04T12:19:01.832Z] [INFO] TRADE → ETHUSDT | price=1868.36000000 | qty=0.00270000 | ts=1785845941707
[2026-08-04T12:19:01.833Z] [INFO] TRADE → ETHUSDT | price=1868.36000000 | qty=0.00270000 | ts=1785845941707
[2026-08-04T12:19:01.833Z] [INFO] TRADE → ETHUSDT | price=1868.36000000 | qty=0.00270000 | ts=1785845941707
[2026-08-04T12:19:01.833Z] [INFO] TRADE → ETHUSDT | price=1868.36000000 | qty=0.00270000 | ts=1785845941707
[2026-08-04T12:19:01.834Z] [INFO] TRADE → ETHUSDT | price=1868.36000000 | qty=0.00270000 | ts=1785845941707
[2026-08-04T12:19:01.834Z] [INFO] TRADE → ETHUSDT | price=1868.37000000 | qty=0.00290000 | ts=1785845941707
[2026-08-04T12:19:01.834Z] [INFO] TRADE → ETHUSDT | price=1868.37000000 | qty=0.00290000 | ts=1785845941707
[2026-08-04T12:19:01.834Z] [INFO] TRADE → ETHUSDT | price=1868.37000000 | qty=0.00540000 | ts=1785845941707
[2026-08-04T12:19:01.835Z] [INFO] TRADE → ETHUSDT | price=1868.37000000 | qty=0.00280000 | ts=1785845941707
[2026-08-04T12:19:01.836Z] [INFO] TRADE → ETHUSDT | price=1868.37000000 | qty=0.00280000 | ts=1785845941707
[2026-08-04T12:19:01.836Z] [INFO] TRADE → ETHUSDT | price=1868.37000000 | qty=0.00280000 | ts=1785845941707
[2026-08-04T12:19:01.837Z] [INFO] TRADE → ETHUSDT | price=1868.37000000 | qty=0.00280000 | ts=1785845941707
[2026-08-04T12:19:01.837Z] [INFO] TRADE → ETHUSDT | price=1868.37000000 | qty=0.00280000 | ts=1785845941707
[2026-08-04T12:19:01.837Z] [INFO] TRADE → ETHUSDT | price=1868.37000000 | qty=0.00290000 | ts=1785845941707
[2026-08-04T12:19:01.837Z] [INFO] TRADE → ETHUSDT | price=1868.38000000 | qty=0.00270000 | ts=1785845941707
[2026-08-04T12:19:01.838Z] [INFO] TRADE → ETHUSDT | price=1868.38000000 | qty=0.00540000 | ts=1785845941707
[2026-08-04T12:19:01.838Z] [INFO] TRADE → ETHUSDT | price=1868.38000000 | qty=0.00270000 | ts=1785845941707
[2026-08-04T12:19:01.838Z] [INFO] TRADE → ETHUSDT | price=1868.38000000 | qty=0.33570000 | ts=1785845941707
[2026-08-04T12:19:01.838Z] [INFO] TRADE → ETHUSDT | price=1868.38000000 | qty=0.00270000 | ts=1785845941707
[2026-08-04T12:19:01.839Z] [INFO] TRADE → ETHUSDT | price=1868.38000000 | qty=0.00280000 | ts=1785845941707
[2026-08-04T12:19:01.839Z] [INFO] TRADE → ETHUSDT | price=1868.38000000 | qty=0.00270000 | ts=1785845941707
[2026-08-04T12:19:01.839Z] [INFO] TRADE → ETHUSDT | price=1868.38000000 | qty=0.00270000 | ts=1785845941707
[2026-08-04T12:19:01.840Z] [INFO] TRADE → ETHUSDT | price=1868.38000000 | qty=0.00270000 | ts=1785845941707
[2026-08-04T12:19:01.840Z] [INFO] TRADE → ETHUSDT | price=1868.38000000 | qty=0.00270000 | ts=1785845941707
[2026-08-04T12:19:01.840Z] [INFO] TRADE → ETHUSDT | price=1868.38000000 | qty=0.00270000 | ts=1785845941707
[2026-08-04T12:19:01.840Z] [INFO] TRADE → ETHUSDT | price=1868.38000000 | qty=0.00270000 | ts=1785845941707
[2026-08-04T12:19:01.841Z] [INFO] TRADE → ETHUSDT | price=1868.39000000 | qty=0.00280000 | ts=1785845941708
[2026-08-04T12:19:01.841Z] [INFO] TRADE → ETHUSDT | price=1868.40000000 | qty=0.00270000 | ts=1785845941708
[2026-08-04T12:19:01.841Z] [INFO] TRADE → ETHUSDT | price=1868.40000000 | qty=0.00280000 | ts=1785845941708
[2026-08-04T12:19:01.842Z] [INFO] TRADE → ETHUSDT | price=1868.40000000 | qty=0.00270000 | ts=1785845941708
[2026-08-04T12:19:01.842Z] [INFO] TRADE → ETHUSDT | price=1868.40000000 | qty=0.00280000 | ts=1785845941708
[2026-08-04T12:19:01.842Z] [INFO] TRADE → ETHUSDT | price=1868.40000000 | qty=0.00270000 | ts=1785845941708
[2026-08-04T12:19:01.843Z] [INFO] TRADE → ETHUSDT | price=1868.40000000 | qty=0.00270000 | ts=1785845941708
[2026-08-04T12:19:01.843Z] [INFO] TRADE → ETHUSDT | price=1868.40000000 | qty=0.00270000 | ts=1785845941708
[2026-08-04T12:19:01.843Z] [INFO] TRADE → ETHUSDT | price=1868.40000000 | qty=0.00270000 | ts=1785845941708
[2026-08-04T12:19:01.843Z] [INFO] TRADE → ETHUSDT | price=1868.41000000 | qty=0.00280000 | ts=1785845941708
[2026-08-04T12:19:01.844Z] [INFO] TRADE → ETHUSDT | price=1868.41000000 | qty=0.00270000 | ts=1785845941708
[2026-08-04T12:19:01.844Z] [INFO] TRADE → ETHUSDT | price=1868.41000000 | qty=0.00270000 | ts=1785845941708
[2026-08-04T12:19:01.844Z] [INFO] TRADE → ETHUSDT | price=1868.41000000 | qty=0.00270000 | ts=1785845941708
[2026-08-04T12:19:01.844Z] [INFO] TRADE → ETHUSDT | price=1868.41000000 | qty=0.00270000 | ts=1785845941708
[2026-08-04T12:19:01.845Z] [INFO] TRADE → ETHUSDT | price=1868.41000000 | qty=0.00270000 | ts=1785845941708
[2026-08-04T12:19:01.845Z] [INFO] TRADE → ETHUSDT | price=1868.42000000 | qty=0.00270000 | ts=1785845941708
[2026-08-04T12:19:01.845Z] [INFO] TRADE → ETHUSDT | price=1868.42000000 | qty=0.00280000 | ts=1785845941708
[2026-08-04T12:19:01.845Z] [INFO] TRADE → ETHUSDT | price=1868.42000000 | qty=0.00270000 | ts=1785845941708
[2026-08-04T12:19:01.846Z] [INFO] TRADE → ETHUSDT | price=1868.42000000 | qty=0.00270000 | ts=1785845941708
[2026-08-04T12:19:01.846Z] [INFO] TRADE → ETHUSDT | price=1868.42000000 | qty=0.00270000 | ts=1785845941708
[2026-08-04T12:19:01.846Z] [INFO] TRADE → ETHUSDT | price=1868.42000000 | qty=0.00270000 | ts=1785845941708
[2026-08-04T12:19:01.847Z] [INFO] TRADE → ETHUSDT | price=1868.42000000 | qty=0.00270000 | ts=1785845941708
[2026-08-04T12:19:01.847Z] [INFO] TRADE → ETHUSDT | price=1868.42000000 | qty=0.00270000 | ts=1785845941708
[2026-08-04T12:19:01.849Z] [INFO] TRADE → ETHUSDT | price=1868.43000000 | qty=0.00280000 | ts=1785845941708
[2026-08-04T12:19:01.849Z] [INFO] TRADE → ETHUSDT | price=1868.44000000 | qty=0.00270000 | ts=1785845941708
[2026-08-04T12:19:01.849Z] [INFO] TRADE → ETHUSDT | price=1868.44000000 | qty=0.00280000 | ts=1785845941708
[2026-08-04T12:19:01.851Z] [INFO] TRADE → ETHUSDT | price=1868.44000000 | qty=0.00290000 | ts=1785845941708
[2026-08-04T12:19:01.852Z] [INFO] TRADE → ETHUSDT | price=1868.44000000 | qty=0.00290000 | ts=1785845941708
[2026-08-04T12:19:01.852Z] [INFO] TRADE → ETHUSDT | price=1868.44000000 | qty=0.00270000 | ts=1785845941708
[2026-08-04T12:19:01.853Z] [INFO] TRADE → ETHUSDT | price=1868.44000000 | qty=0.00290000 | ts=1785845941708
[2026-08-04T12:19:01.853Z] [INFO] TRADE → ETHUSDT | price=1868.44000000 | qty=0.00270000 | ts=1785845941708
[2026-08-04T12:19:01.854Z] [INFO] TRADE → ETHUSDT | price=1868.44000000 | qty=0.00270000 | ts=1785845941708
[2026-08-04T12:19:01.854Z] [INFO] TRADE → ETHUSDT | price=1868.44000000 | qty=0.00270000 | ts=1785845941708
[2026-08-04T12:19:01.855Z] [INFO] TRADE → ETHUSDT | price=1868.45000000 | qty=0.00280000 | ts=1785845941708
[2026-08-04T12:19:01.855Z] [INFO] TRADE → ETHUSDT | price=1868.46000000 | qty=0.00270000 | ts=1785845941708
[2026-08-04T12:19:01.855Z] [INFO] TRADE → ETHUSDT | price=1868.46000000 | qty=0.00270000 | ts=1785845941708
[2026-08-04T12:19:01.855Z] [INFO] TRADE → ETHUSDT | price=1868.46000000 | qty=0.00140000 | ts=1785845941708
[2026-08-04T12:19:01.856Z] [INFO] TRADE → ETHUSDT | price=1868.46000000 | qty=0.00130000 | ts=1785845941711
[2026-08-04T12:19:01.856Z] [INFO] TRADE → ETHUSDT | price=1868.46000000 | qty=0.00270000 | ts=1785845941711
[2026-08-04T12:19:01.856Z] [INFO] TRADE → ETHUSDT | price=1868.46000000 | qty=0.00280000 | ts=1785845941711
[2026-08-04T12:19:01.856Z] [INFO] TRADE → ETHUSDT | price=1868.46000000 | qty=0.00280000 | ts=1785845941711
[2026-08-04T12:19:01.857Z] [INFO] TRADE → ETHUSDT | price=1868.46000000 | qty=0.00320000 | ts=1785845941711
[2026-08-04T12:19:01.857Z] [INFO] TRADE → ETHUSDT | price=1868.46000000 | qty=0.00320000 | ts=1785845941711
[2026-08-04T12:19:01.858Z] [INFO] TRADE → ETHUSDT | price=1868.46000000 | qty=0.00270000 | ts=1785845941711
[2026-08-04T12:19:01.858Z] [INFO] TRADE → ETHUSDT | price=1868.46000000 | qty=0.00270000 | ts=1785845941711
[2026-08-04T12:19:01.858Z] [INFO] TRADE → ETHUSDT | price=1868.46000000 | qty=0.00270000 | ts=1785845941711
[2026-08-04T12:19:01.858Z] [INFO] TRADE → ETHUSDT | price=1868.47000000 | qty=0.00270000 | ts=1785845941711
[2026-08-04T12:19:01.859Z] [INFO] TRADE → ETHUSDT | price=1868.47000000 | qty=0.00290000 | ts=1785845941711
[2026-08-04T12:19:01.859Z] [INFO] TRADE → ETHUSDT | price=1868.47000000 | qty=0.00290000 | ts=1785845941711
[2026-08-04T12:19:01.859Z] [INFO] TRADE → ETHUSDT | price=1868.47000000 | qty=0.00280000 | ts=1785845941711
[2026-08-04T12:19:01.860Z] [INFO] TRADE → ETHUSDT | price=1868.47000000 | qty=0.00270000 | ts=1785845941711
[2026-08-04T12:19:01.860Z] [INFO] TRADE → ETHUSDT | price=1868.47000000 | qty=0.00290000 | ts=1785845941711
[2026-08-04T12:19:01.860Z] [INFO] TRADE → ETHUSDT | price=1868.48000000 | qty=0.00270000 | ts=1785845941711
[2026-08-04T12:19:01.860Z] [INFO] TRADE → ETHUSDT | price=1868.48000000 | qty=3.33420000 | ts=1785845941711
[2026-08-04T12:19:01.861Z] [INFO] TRADE → ETHUSDT | price=1868.47000000 | qty=0.01210000 | ts=1785845941711
[2026-08-04T12:19:01.861Z] [INFO] TRADE → ETHUSDT | price=1868.48000000 | qty=0.01770000 | ts=1785845941711
[2026-08-04T12:19:01.861Z] [INFO] TRADE → ETHUSDT | price=1868.48000000 | qty=0.00270000 | ts=1785845941711
[2026-08-04T12:19:01.861Z] [INFO] TRADE → ETHUSDT | price=1868.48000000 | qty=0.00290000 | ts=1785845941711
[2026-08-04T12:19:01.862Z] [INFO] TRADE → ETHUSDT | price=1868.48000000 | qty=0.00290000 | ts=1785845941711
[2026-08-04T12:19:01.862Z] [INFO] TRADE → ETHUSDT | price=1868.48000000 | qty=0.00270000 | ts=1785845941711
[2026-08-04T12:19:01.862Z] [INFO] TRADE → ETHUSDT | price=1868.48000000 | qty=0.00270000 | ts=1785845941711
[2026-08-04T12:19:01.862Z] [INFO] TRADE → ETHUSDT | price=1868.48000000 | qty=0.00290000 | ts=1785845941711
[2026-08-04T12:19:01.863Z] [INFO] TRADE → ETHUSDT | price=1868.48000000 | qty=0.00270000 | ts=1785845941711
[2026-08-04T12:19:01.863Z] [INFO] TRADE → ETHUSDT | price=1868.48000000 | qty=0.00270000 | ts=1785845941711
[2026-08-04T12:19:01.863Z] [INFO] TRADE → ETHUSDT | price=1868.48000000 | qty=0.00270000 | ts=1785845941711
[2026-08-04T12:19:01.863Z] [INFO] TRADE → ETHUSDT | price=1868.48000000 | qty=0.00270000 | ts=1785845941711
[2026-08-04T12:19:01.864Z] [INFO] TRADE → ETHUSDT | price=1868.48000000 | qty=0.00270000 | ts=1785845941711
[2026-08-04T12:19:01.864Z] [INFO] TRADE → ETHUSDT | price=1868.48000000 | qty=0.00270000 | ts=1785845941711
[2026-08-04T12:19:01.864Z] [INFO] TRADE → ETHUSDT | price=1868.49000000 | qty=0.00270000 | ts=1785845941711
[2026-08-04T12:19:01.865Z] [INFO] TRADE → ETHUSDT | price=1868.49000000 | qty=0.54200000 | ts=1785845941711
[2026-08-04T12:19:01.865Z] [INFO] TRADE → ETHUSDT | price=1868.50000000 | qty=0.00270000 | ts=1785845941711
[2026-08-04T12:19:01.865Z] [INFO] TRADE → ETHUSDT | price=1868.50000000 | qty=0.00270000 | ts=1785845941711
[2026-08-04T12:19:01.865Z] [INFO] TRADE → ETHUSDT | price=1868.50000000 | qty=0.00270000 | ts=1785845941711
[2026-08-04T12:19:01.866Z] [INFO] TRADE → ETHUSDT | price=1868.50000000 | qty=0.00270000 | ts=1785845941711
[2026-08-04T12:19:01.866Z] [INFO] TRADE → ETHUSDT | price=1868.50000000 | qty=0.00270000 | ts=1785845941711
[2026-08-04T12:19:01.866Z] [INFO] TRADE → ETHUSDT | price=1868.51000000 | qty=0.00270000 | ts=1785845941711
[2026-08-04T12:19:01.866Z] [INFO] TRADE → ETHUSDT | price=1868.51000000 | qty=0.00290000 | ts=1785845941711
[2026-08-04T12:19:01.866Z] [INFO] TRADE → ETHUSDT | price=1868.51000000 | qty=0.00290000 | ts=1785845941711
[2026-08-04T12:19:01.867Z] [INFO] TRADE → ETHUSDT | price=1868.51000000 | qty=0.00270000 | ts=1785845941711
[2026-08-04T12:19:01.867Z] [INFO] TRADE → ETHUSDT | price=1868.51000000 | qty=0.00290000 | ts=1785845941711
[2026-08-04T12:19:01.867Z] [INFO] TRADE → ETHUSDT | price=1868.51000000 | qty=0.00270000 | ts=1785845941711
[2026-08-04T12:19:01.867Z] [INFO] TRADE → ETHUSDT | price=1868.51000000 | qty=0.00270000 | ts=1785845941711
[2026-08-04T12:19:01.867Z] [INFO] TRADE → ETHUSDT | price=1868.51000000 | qty=0.00270000 | ts=1785845941711
[2026-08-04T12:19:01.868Z] [INFO] TRADE → ETHUSDT | price=1868.52000000 | qty=0.51380000 | ts=1785845941711
[2026-08-04T12:19:01.868Z] [INFO] TRADE → ETHUSDT | price=1868.52000000 | qty=0.00280000 | ts=1785845941712
[2026-08-04T12:19:01.868Z] [INFO] TRADE → ETHUSDT | price=1868.55000000 | qty=0.00410000 | ts=1785845941712
[2026-08-04T12:19:01.868Z] [INFO] TRADE → ETHUSDT | price=1868.55000000 | qty=0.00290000 | ts=1785845941712
[2026-08-04T12:19:01.868Z] [INFO] TRADE → ETHUSDT | price=1868.55000000 | qty=0.00290000 | ts=1785845941712
[2026-08-04T12:19:01.869Z] [INFO] TRADE → ETHUSDT | price=1868.55000000 | qty=0.00280000 | ts=1785845941712
[2026-08-04T12:19:01.869Z] [INFO] TRADE → ETHUSDT | price=1868.55000000 | qty=0.00270000 | ts=1785845941712
[2026-08-04T12:19:01.869Z] [INFO] TRADE → ETHUSDT | price=1868.55000000 | qty=0.00290000 | ts=1785845941712
[2026-08-04T12:19:01.869Z] [INFO] TRADE → ETHUSDT | price=1868.55000000 | qty=0.00270000 | ts=1785845941712
[2026-08-04T12:19:01.869Z] [INFO] TRADE → ETHUSDT | price=1868.56000000 | qty=0.00270000 | ts=1785845941712
[2026-08-04T12:19:01.870Z] [INFO] TRADE → ETHUSDT | price=1868.56000000 | qty=0.00270000 | ts=1785845941712
[2026-08-04T12:19:01.870Z] [INFO] TRADE → ETHUSDT | price=1868.56000000 | qty=0.00270000 | ts=1785845941712
[2026-08-04T12:19:01.871Z] [INFO] TRADE → ETHUSDT | price=1868.56000000 | qty=0.77070000 | ts=1785845941712
[2026-08-04T12:19:01.871Z] [INFO] TRADE → ETHUSDT | price=1868.56000000 | qty=0.38680000 | ts=1785845941712
[2026-08-04T12:19:01.871Z] [INFO] TRADE → ETHUSDT | price=1868.56000000 | qty=0.76930000 | ts=1785845941713
[2026-08-04T12:19:01.871Z] [INFO] TRADE → ETHUSDT | price=1868.56000000 | qty=0.00280000 | ts=1785845941713
[2026-08-04T12:19:01.871Z] [INFO] TRADE → ETHUSDT | price=1868.56000000 | qty=0.00270000 | ts=1785845941713
[2026-08-04T12:19:01.872Z] [INFO] TRADE → ETHUSDT | price=1868.56000000 | qty=0.00270000 | ts=1785845941713
[2026-08-04T12:19:01.872Z] [INFO] TRADE → ETHUSDT | price=1868.56000000 | qty=0.00270000 | ts=1785845941713
[2026-08-04T12:19:01.872Z] [INFO] TRADE → ETHUSDT | price=1868.56000000 | qty=0.00270000 | ts=1785845941713
[2026-08-04T12:19:01.872Z] [INFO] TRADE → ETHUSDT | price=1868.56000000 | qty=0.00270000 | ts=1785845941713
[2026-08-04T12:19:01.872Z] [INFO] TRADE → ETHUSDT | price=1868.58000000 | qty=0.00270000 | ts=1785845941713
[2026-08-04T12:19:01.872Z] [INFO] TRADE → ETHUSDT | price=1868.58000000 | qty=0.00800000 | ts=1785845941713
[2026-08-04T12:19:01.873Z] [INFO] TRADE → ETHUSDT | price=1868.58000000 | qty=0.21320000 | ts=1785845941713
[2026-08-04T12:19:01.873Z] [INFO] TRADE → ETHUSDT | price=1868.58000000 | qty=0.00290000 | ts=1785845941713
[2026-08-04T12:19:01.873Z] [INFO] TRADE → ETHUSDT | price=1868.58000000 | qty=0.00290000 | ts=1785845941713
[2026-08-04T12:19:01.873Z] [INFO] TRADE → ETHUSDT | price=1868.58000000 | qty=0.00280000 | ts=1785845941713
[2026-08-04T12:19:01.873Z] [INFO] TRADE → ETHUSDT | price=1868.58000000 | qty=0.00290000 | ts=1785845941713
[2026-08-04T12:19:01.874Z] [INFO] TRADE → ETHUSDT | price=1868.59000000 | qty=0.23980000 | ts=1785845941713
[2026-08-04T12:19:01.874Z] [INFO] TRADE → ETHUSDT | price=1868.59000000 | qty=3.11210000 | ts=1785845941714
[2026-08-04T12:19:01.875Z] [INFO] TRADE → ETHUSDT | price=1868.59000000 | qty=0.00280000 | ts=1785845941714
[2026-08-04T12:19:01.875Z] [INFO] TRADE → ETHUSDT | price=1868.60000000 | qty=0.00300000 | ts=1785845941714
[2026-08-04T12:19:01.875Z] [INFO] TRADE → ETHUSDT | price=1868.62000000 | qty=0.00280000 | ts=1785845941714
[2026-08-04T12:19:01.876Z] [INFO] TRADE → ETHUSDT | price=1868.62000000 | qty=0.00270000 | ts=1785845941714
[2026-08-04T12:19:01.876Z] [INFO] TRADE → ETHUSDT | price=1868.62000000 | qty=0.00270000 | ts=1785845941714
[2026-08-04T12:19:01.876Z] [INFO] TRADE → ETHUSDT | price=1868.62000000 | qty=0.00270000 | ts=1785845941714
[2026-08-04T12:19:01.876Z] [INFO] TRADE → ETHUSDT | price=1868.62000000 | qty=0.00270000 | ts=1785845941714
[2026-08-04T12:19:01.876Z] [INFO] TRADE → ETHUSDT | price=1868.62000000 | qty=0.00270000 | ts=1785845941714
[2026-08-04T12:19:01.877Z] [INFO] TRADE → ETHUSDT | price=1868.63000000 | qty=0.00270000 | ts=1785845941714
[2026-08-04T12:19:01.877Z] [INFO] TRADE → ETHUSDT | price=1868.63000000 | qty=0.01100000 | ts=1785845941714
[2026-08-04T12:19:01.877Z] [INFO] TRADE → ETHUSDT | price=1868.63000000 | qty=0.00270000 | ts=1785845941714
[2026-08-04T12:19:01.877Z] [INFO] TRADE → ETHUSDT | price=1868.63000000 | qty=0.00270000 | ts=1785845941714
[2026-08-04T12:19:01.877Z] [INFO] TRADE → ETHUSDT | price=1868.63000000 | qty=0.00270000 | ts=1785845941714
[2026-08-04T12:19:01.877Z] [INFO] TRADE → ETHUSDT | price=1868.63000000 | qty=0.00270000 | ts=1785845941714
[2026-08-04T12:19:01.878Z] [INFO] TRADE → ETHUSDT | price=1868.63000000 | qty=0.00270000 | ts=1785845941714
[2026-08-04T12:19:01.878Z] [INFO] TRADE → ETHUSDT | price=1868.63000000 | qty=0.00270000 | ts=1785845941714
[2026-08-04T12:19:01.878Z] [INFO] TRADE → ETHUSDT | price=1868.64000000 | qty=0.00270000 | ts=1785845941714
[2026-08-04T12:19:01.878Z] [INFO] TRADE → ETHUSDT | price=1868.64000000 | qty=0.00270000 | ts=1785845941714
[2026-08-04T12:19:01.878Z] [INFO] TRADE → ETHUSDT | price=1868.64000000 | qty=0.00960000 | ts=1785845941714
[2026-08-04T12:19:01.879Z] [INFO] TRADE → ETHUSDT | price=1868.64000000 | qty=0.00270000 | ts=1785845941714
[2026-08-04T12:19:01.879Z] [INFO] TRADE → ETHUSDT | price=1868.64000000 | qty=0.00270000 | ts=1785845941714
[2026-08-04T12:19:01.879Z] [INFO] TRADE → ETHUSDT | price=1868.64000000 | qty=0.00270000 | ts=1785845941714
[2026-08-04T12:19:01.879Z] [INFO] TRADE → ETHUSDT | price=1868.64000000 | qty=0.00270000 | ts=1785845941714
[2026-08-04T12:19:01.879Z] [INFO] TRADE → ETHUSDT | price=1868.65000000 | qty=0.00270000 | ts=1785845941731
[2026-08-04T12:19:01.880Z] [INFO] TRADE → ETHUSDT | price=1868.65000000 | qty=0.00270000 | ts=1785845941731
[2026-08-04T12:19:01.880Z] [INFO] TRADE → ETHUSDT | price=1868.65000000 | qty=0.02380000 | ts=1785845941731
[2026-08-04T12:19:01.880Z] [INFO] TRADE → ETHUSDT | price=1868.65000000 | qty=0.00280000 | ts=1785845941731
[2026-08-04T12:19:01.881Z] [INFO] TRADE → ETHUSDT | price=1868.65000000 | qty=0.00320000 | ts=1785845941731
[2026-08-04T12:19:01.881Z] [INFO] TRADE → ETHUSDT | price=1868.65000000 | qty=0.00320000 | ts=1785845941731
[2026-08-04T12:19:01.881Z] [INFO] TRADE → ETHUSDT | price=1868.65000000 | qty=0.00270000 | ts=1785845941731
[2026-08-04T12:19:01.882Z] [INFO] TRADE → ETHUSDT | price=1868.65000000 | qty=0.00280000 | ts=1785845941731
[2026-08-04T12:19:01.882Z] [INFO] TRADE → ETHUSDT | price=1868.65000000 | qty=0.00280000 | ts=1785845941731
[2026-08-04T12:19:01.882Z] [INFO] TRADE → ETHUSDT | price=1868.65000000 | qty=0.00280000 | ts=1785845941731
[2026-08-04T12:19:01.882Z] [INFO] TRADE → ETHUSDT | price=1868.65000000 | qty=0.00270000 | ts=1785845941731
[2026-08-04T12:19:01.882Z] [INFO] TRADE → ETHUSDT | price=1868.65000000 | qty=0.00280000 | ts=1785845941731
[2026-08-04T12:19:01.883Z] [INFO] TRADE → ETHUSDT | price=1868.65000000 | qty=0.00280000 | ts=1785845941731
[2026-08-04T12:19:01.883Z] [INFO] TRADE → ETHUSDT | price=1868.65000000 | qty=0.00280000 | ts=1785845941731
[2026-08-04T12:19:01.883Z] [INFO] TRADE → ETHUSDT | price=1868.65000000 | qty=0.00270000 | ts=1785845941731
[2026-08-04T12:19:01.884Z] [INFO] TRADE → ETHUSDT | price=1868.65000000 | qty=0.00270000 | ts=1785845941731
[2026-08-04T12:19:01.884Z] [INFO] TRADE → ETHUSDT | price=1868.65000000 | qty=0.00270000 | ts=1785845941731
[2026-08-04T12:19:01.884Z] [INFO] TRADE → ETHUSDT | price=1868.65000000 | qty=0.00270000 | ts=1785845941731
[2026-08-04T12:19:01.885Z] [INFO] TRADE → ETHUSDT | price=1868.65000000 | qty=0.00270000 | ts=1785845941731
[2026-08-04T12:19:01.885Z] [INFO] TRADE → ETHUSDT | price=1868.65000000 | qty=0.00270000 | ts=1785845941731
[2026-08-04T12:19:01.886Z] [INFO] TRADE → ETHUSDT | price=1868.65000000 | qty=0.00270000 | ts=1785845941731
[2026-08-04T12:19:01.886Z] [INFO] TRADE → ETHUSDT | price=1868.65000000 | qty=0.00270000 | ts=1785845941731
[2026-08-04T12:19:01.886Z] [INFO] TRADE → ETHUSDT | price=1868.66000000 | qty=0.00270000 | ts=1785845941731
[2026-08-04T12:19:01.886Z] [INFO] TRADE → ETHUSDT | price=1868.66000000 | qty=0.00280000 | ts=1785845941731
[2026-08-04T12:19:01.886Z] [INFO] TRADE → ETHUSDT | price=1868.66000000 | qty=0.00280000 | ts=1785845941731
[2026-08-04T12:19:01.886Z] [INFO] TRADE → ETHUSDT | price=1868.66000000 | qty=0.00280000 | ts=1785845941731
[2026-08-04T12:19:01.887Z] [INFO] TRADE → ETHUSDT | price=1868.66000000 | qty=0.00280000 | ts=1785845941731
[2026-08-04T12:19:01.887Z] [INFO] TRADE → ETHUSDT | price=1868.66000000 | qty=0.00270000 | ts=1785845941731
[2026-08-04T12:19:01.887Z] [INFO] TRADE → ETHUSDT | price=1868.67000000 | qty=0.00270000 | ts=1785845941731
[2026-08-04T12:19:01.887Z] [INFO] TRADE → ETHUSDT | price=1868.67000000 | qty=0.00280000 | ts=1785845941731
[2026-08-04T12:19:01.887Z] [INFO] TRADE → ETHUSDT | price=1868.69000000 | qty=0.00270000 | ts=1785845941731
[2026-08-04T12:19:01.888Z] [INFO] TRADE → ETHUSDT | price=1868.69000000 | qty=0.00290000 | ts=1785845941731
[2026-08-04T12:19:01.888Z] [INFO] TRADE → ETHUSDT | price=1868.69000000 | qty=0.00290000 | ts=1785845941731
[2026-08-04T12:19:01.888Z] [INFO] TRADE → ETHUSDT | price=1868.69000000 | qty=0.00280000 | ts=1785845941731
[2026-08-04T12:19:01.888Z] [INFO] TRADE → ETHUSDT | price=1868.69000000 | qty=0.00270000 | ts=1785845941731
[2026-08-04T12:19:01.888Z] [INFO] TRADE → ETHUSDT | price=1868.69000000 | qty=0.00290000 | ts=1785845941731
[2026-08-04T12:19:01.889Z] [INFO] TRADE → ETHUSDT | price=1868.69000000 | qty=0.00270000 | ts=1785845941731
[2026-08-04T12:19:01.889Z] [INFO] TRADE → ETHUSDT | price=1868.69000000 | qty=0.00270000 | ts=1785845941731
[2026-08-04T12:19:01.889Z] [INFO] TRADE → ETHUSDT | price=1868.69000000 | qty=0.00270000 | ts=1785845941731
[2026-08-04T12:19:01.891Z] [INFO] TRADE → ETHUSDT | price=1868.70000000 | qty=0.00270000 | ts=1785845941765
[2026-08-04T12:19:01.892Z] [INFO] TRADE → ETHUSDT | price=1868.70000000 | qty=0.00300000 | ts=1785845941765
[2026-08-04T12:19:01.892Z] [INFO] TRADE → ETHUSDT | price=1868.70000000 | qty=0.00280000 | ts=1785845941765
[2026-08-04T12:19:01.892Z] [INFO] TRADE → ETHUSDT | price=1868.70000000 | qty=0.00320000 | ts=1785845941765
[2026-08-04T12:19:01.892Z] [INFO] TRADE → ETHUSDT | price=1868.70000000 | qty=0.00280000 | ts=1785845941765
[2026-08-04T12:19:01.892Z] [INFO] TRADE → ETHUSDT | price=1868.70000000 | qty=0.00320000 | ts=1785845941765
[2026-08-04T12:19:01.893Z] [INFO] TRADE → ETHUSDT | price=1868.70000000 | qty=0.00270000 | ts=1785845941765
[2026-08-04T12:19:01.893Z] [INFO] TRADE → ETHUSDT | price=1868.70000000 | qty=0.00280000 | ts=1785845941765
[2026-08-04T12:19:01.894Z] [INFO] TRADE → ETHUSDT | price=1868.70000000 | qty=0.00280000 | ts=1785845941765
[2026-08-04T12:19:01.894Z] [INFO] TRADE → ETHUSDT | price=1868.70000000 | qty=0.00270000 | ts=1785845941765
[2026-08-04T12:19:01.894Z] [INFO] TRADE → ETHUSDT | price=1868.70000000 | qty=0.00270000 | ts=1785845941765
[2026-08-04T12:19:01.895Z] [INFO] TRADE → ETHUSDT | price=1868.70000000 | qty=0.00270000 | ts=1785845941765
[2026-08-04T12:19:01.895Z] [INFO] TRADE → ETHUSDT | price=1868.70000000 | qty=0.00270000 | ts=1785845941765
[2026-08-04T12:19:01.895Z] [INFO] TRADE → ETHUSDT | price=1868.71000000 | qty=0.00270000 | ts=1785845941767
[2026-08-04T12:19:01.895Z] [INFO] TRADE → ETHUSDT | price=1868.71000000 | qty=0.00280000 | ts=1785845941767
[2026-08-04T12:19:01.896Z] [INFO] TRADE → ETHUSDT | price=1868.71000000 | qty=0.00280000 | ts=1785845941767
[2026-08-04T12:19:01.896Z] [INFO] TRADE → ETHUSDT | price=1868.71000000 | qty=0.00280000 | ts=1785845941767
[2026-08-04T12:19:01.896Z] [INFO] TRADE → ETHUSDT | price=1868.71000000 | qty=0.00270000 | ts=1785845941767
[2026-08-04T12:19:01.897Z] [INFO] TRADE → ETHUSDT | price=1868.71000000 | qty=0.00270000 | ts=1785845941767
[2026-08-04T12:19:01.897Z] [INFO] TRADE → ETHUSDT | price=1868.71000000 | qty=0.00270000 | ts=1785845941767
[2026-08-04T12:19:01.897Z] [INFO] TRADE → ETHUSDT | price=1868.71000000 | qty=0.00270000 | ts=1785845941767
[2026-08-04T12:19:01.897Z] [INFO] TRADE → ETHUSDT | price=1868.73000000 | qty=0.00270000 | ts=1785845941767
[2026-08-04T12:19:01.898Z] [INFO] TRADE → ETHUSDT | price=1868.73000000 | qty=0.00270000 | ts=1785845941767
[2026-08-04T12:19:01.898Z] [INFO] TRADE → ETHUSDT | price=1868.73000000 | qty=0.00280000 | ts=1785845941767
[2026-08-04T12:19:01.898Z] [INFO] TRADE → ETHUSDT | price=1868.73000000 | qty=0.00270000 | ts=1785845941767
[2026-08-04T12:19:01.898Z] [INFO] TRADE → ETHUSDT | price=1868.74000000 | qty=0.00270000 | ts=1785845941767
[2026-08-04T12:19:01.898Z] [INFO] TRADE → ETHUSDT | price=1868.74000000 | qty=0.00410000 | ts=1785845941767
[2026-08-04T12:19:01.898Z] [INFO] TRADE → ETHUSDT | price=1868.74000000 | qty=0.00270000 | ts=1785845941767
[2026-08-04T12:19:01.899Z] [INFO] TRADE → ETHUSDT | price=1868.74000000 | qty=0.00280000 | ts=1785845941767
[2026-08-04T12:19:01.899Z] [INFO] TRADE → ETHUSDT | price=1868.74000000 | qty=0.00270000 | ts=1785845941767
[2026-08-04T12:19:01.899Z] [INFO] TRADE → ETHUSDT | price=1868.74000000 | qty=0.00270000 | ts=1785845941767
[2026-08-04T12:19:01.899Z] [INFO] TRADE → ETHUSDT | price=1868.74000000 | qty=0.00270000 | ts=1785845941767
[2026-08-04T12:19:01.899Z] [INFO] TRADE → ETHUSDT | price=1868.74000000 | qty=0.00270000 | ts=1785845941767
[2026-08-04T12:19:01.900Z] [INFO] TRADE → ETHUSDT | price=1868.74000000 | qty=0.00270000 | ts=1785845941767
[2026-08-04T12:19:01.900Z] [INFO] TRADE → ETHUSDT | price=1868.74000000 | qty=0.00270000 | ts=1785845941767
[2026-08-04T12:19:01.900Z] [INFO] TRADE → ETHUSDT | price=1868.74000000 | qty=0.00270000 | ts=1785845941767
[2026-08-04T12:19:01.900Z] [INFO] TRADE → ETHUSDT | price=1868.74000000 | qty=0.00270000 | ts=1785845941767
[2026-08-04T12:19:01.901Z] [INFO] TRADE → ETHUSDT | price=1868.75000000 | qty=0.00270000 | ts=1785845941767
[2026-08-04T12:19:01.901Z] [INFO] TRADE → ETHUSDT | price=1868.75000000 | qty=0.00280000 | ts=1785845941767
[2026-08-04T12:19:01.901Z] [INFO] TRADE → ETHUSDT | price=1868.75000000 | qty=0.00270000 | ts=1785845941767
[2026-08-04T12:19:01.902Z] [INFO] TRADE → ETHUSDT | price=1868.75000000 | qty=0.00270000 | ts=1785845941767
[2026-08-04T12:19:01.902Z] [INFO] TRADE → ETHUSDT | price=1868.75000000 | qty=0.00270000 | ts=1785845941767
[2026-08-04T12:19:01.902Z] [INFO] TRADE → ETHUSDT | price=1868.75000000 | qty=0.00270000 | ts=1785845941767
[2026-08-04T12:19:01.902Z] [INFO] TRADE → ETHUSDT | price=1868.76000000 | qty=0.00270000 | ts=1785845941767
[2026-08-04T12:19:01.902Z] [INFO] TRADE → ETHUSDT | price=1868.76000000 | qty=0.00280000 | ts=1785845941767
[2026-08-04T12:19:01.919Z] [INFO] TRADE → BTCUSDT | price=63808.01000000 | qty=0.00010000 | ts=1785845941805
[2026-08-04T12:19:01.937Z] [INFO] TRADE → ETHUSDT | price=1868.78000000 | qty=0.00270000 | ts=1785845941819
[2026-08-04T12:19:01.937Z] [INFO] TRADE → ETHUSDT | price=1868.78000000 | qty=0.00270000 | ts=1785845941819
[2026-08-04T12:19:01.938Z] [INFO] TRADE → ETHUSDT | price=1868.78000000 | qty=0.00290000 | ts=1785845941819
[2026-08-04T12:19:01.938Z] [INFO] TRADE → ETHUSDT | price=1868.78000000 | qty=0.00290000 | ts=1785845941819
[2026-08-04T12:19:01.938Z] [INFO] TRADE → ETHUSDT | price=1868.78000000 | qty=0.00280000 | ts=1785845941819
[2026-08-04T12:19:01.938Z] [INFO] TRADE → ETHUSDT | price=1868.78000000 | qty=0.00320000 | ts=1785845941819
[2026-08-04T12:19:01.938Z] [INFO] TRADE → ETHUSDT | price=1868.78000000 | qty=0.00280000 | ts=1785845941819
[2026-08-04T12:19:01.939Z] [INFO] TRADE → ETHUSDT | price=1868.78000000 | qty=0.00280000 | ts=1785845941819
[2026-08-04T12:19:01.939Z] [INFO] TRADE → ETHUSDT | price=1868.78000000 | qty=0.00270000 | ts=1785845941819
[2026-08-04T12:19:01.939Z] [INFO] TRADE → ETHUSDT | price=1868.78000000 | qty=0.00280000 | ts=1785845941819
[2026-08-04T12:19:01.939Z] [INFO] TRADE → ETHUSDT | price=1868.78000000 | qty=0.00280000 | ts=1785845941819
[2026-08-04T12:19:01.939Z] [INFO] TRADE → ETHUSDT | price=1868.78000000 | qty=0.00280000 | ts=1785845941819
[2026-08-04T12:19:01.939Z] [INFO] TRADE → ETHUSDT | price=1868.78000000 | qty=0.00270000 | ts=1785845941819
[2026-08-04T12:19:01.940Z] [INFO] TRADE → ETHUSDT | price=1868.78000000 | qty=0.00280000 | ts=1785845941819
[2026-08-04T12:19:01.940Z] [INFO] TRADE → ETHUSDT | price=1868.78000000 | qty=0.00320000 | ts=1785845941819
[2026-08-04T12:19:01.940Z] [INFO] TRADE → ETHUSDT | price=1868.78000000 | qty=0.41330000 | ts=1785845941819
[2026-08-04T12:19:01.940Z] [INFO] TRADE → ETHUSDT | price=1868.78000000 | qty=0.00270000 | ts=1785845941819
[2026-08-04T12:19:01.940Z] [INFO] TRADE → ETHUSDT | price=1868.78000000 | qty=0.00270000 | ts=1785845941819
[2026-08-04T12:19:01.940Z] [INFO] TRADE → ETHUSDT | price=1868.78000000 | qty=0.00290000 | ts=1785845941819
[2026-08-04T12:19:01.941Z] [INFO] TRADE → ETHUSDT | price=1868.78000000 | qty=0.00270000 | ts=1785845941819
[2026-08-04T12:19:01.941Z] [INFO] TRADE → ETHUSDT | price=1868.78000000 | qty=0.00270000 | ts=1785845941819
[2026-08-04T12:19:01.941Z] [INFO] TRADE → ETHUSDT | price=1868.78000000 | qty=0.00270000 | ts=1785845941819
[2026-08-04T12:19:01.941Z] [INFO] TRADE → ETHUSDT | price=1868.78000000 | qty=0.00270000 | ts=1785845941819
[2026-08-04T12:19:01.941Z] [INFO] TRADE → ETHUSDT | price=1868.78000000 | qty=0.00270000 | ts=1785845941819
[2026-08-04T12:19:01.941Z] [INFO] TRADE → ETHUSDT | price=1868.78000000 | qty=0.00270000 | ts=1785845941819
[2026-08-04T12:19:01.942Z] [INFO] TRADE → ETHUSDT | price=1868.79000000 | qty=0.00270000 | ts=1785845941819
[2026-08-04T12:19:01.942Z] [INFO] TRADE → ETHUSDT | price=1868.79000000 | qty=0.42640000 | ts=1785845941819
[2026-08-04T12:19:01.942Z] [INFO] TRADE → ETHUSDT | price=1868.79000000 | qty=0.00280000 | ts=1785845941819
[2026-08-04T12:19:01.942Z] [INFO] TRADE → ETHUSDT | price=1868.79000000 | qty=0.00280000 | ts=1785845941819
[2026-08-04T12:19:01.943Z] [INFO] TRADE → ETHUSDT | price=1868.79000000 | qty=0.00280000 | ts=1785845941819
[2026-08-04T12:19:01.943Z] [INFO] TRADE → ETHUSDT | price=1868.79000000 | qty=0.00280000 | ts=1785845941819
[2026-08-04T12:19:01.943Z] [INFO] TRADE → ETHUSDT | price=1868.79000000 | qty=0.00270000 | ts=1785845941819
[2026-08-04T12:19:01.943Z] [INFO] TRADE → ETHUSDT | price=1868.80000000 | qty=0.00270000 | ts=1785845941819
[2026-08-04T12:19:01.943Z] [INFO] TRADE → ETHUSDT | price=1868.80000000 | qty=0.00280000 | ts=1785845941819
[2026-08-04T12:19:01.944Z] [INFO] TRADE → ETHUSDT | price=1868.80000000 | qty=0.00270000 | ts=1785845941819
[2026-08-04T12:19:01.944Z] [INFO] TRADE → ETHUSDT | price=1868.82000000 | qty=0.00270000 | ts=1785845941819
[2026-08-04T12:19:01.944Z] [INFO] TRADE → ETHUSDT | price=1868.82000000 | qty=0.00270000 | ts=1785845941819
[2026-08-04T12:19:01.944Z] [INFO] TRADE → ETHUSDT | price=1868.82000000 | qty=0.00270000 | ts=1785845941819
[2026-08-04T12:19:01.945Z] [INFO] TRADE → ETHUSDT | price=1868.82000000 | qty=0.00280000 | ts=1785845941819
[2026-08-04T12:19:01.945Z] [INFO] TRADE → ETHUSDT | price=1868.82000000 | qty=0.00270000 | ts=1785845941819
[2026-08-04T12:19:01.945Z] [INFO] TRADE → ETHUSDT | price=1868.82000000 | qty=0.00270000 | ts=1785845941819
[2026-08-04T12:19:01.945Z] [INFO] TRADE → ETHUSDT | price=1868.82000000 | qty=0.00270000 | ts=1785845941819
[2026-08-04T12:19:01.945Z] [INFO] TRADE → ETHUSDT | price=1868.82000000 | qty=0.00270000 | ts=1785845941819
[2026-08-04T12:19:01.945Z] [INFO] TRADE → ETHUSDT | price=1868.82000000 | qty=0.00270000 | ts=1785845941819
[2026-08-04T12:19:01.946Z] [INFO] TRADE → ETHUSDT | price=1868.83000000 | qty=0.00270000 | ts=1785845941819
[2026-08-04T12:19:01.946Z] [INFO] TRADE → ETHUSDT | price=1868.83000000 | qty=0.00280000 | ts=1785845941819
[2026-08-04T12:19:01.946Z] [INFO] TRADE → ETHUSDT | price=1868.83000000 | qty=0.00270000 | ts=1785845941819
[2026-08-04T12:19:01.946Z] [INFO] TRADE → ETHUSDT | price=1868.83000000 | qty=0.00270000 | ts=1785845941819
[2026-08-04T12:19:01.946Z] [INFO] TRADE → ETHUSDT | price=1868.83000000 | qty=0.00270000 | ts=1785845941819
[2026-08-04T12:19:01.946Z] [INFO] TRADE → ETHUSDT | price=1868.83000000 | qty=0.00270000 | ts=1785845941819
[2026-08-04T12:19:01.947Z] [INFO] TRADE → ETHUSDT | price=1868.84000000 | qty=0.00280000 | ts=1785845941819
[2026-08-04T12:19:01.947Z] [INFO] TRADE → ETHUSDT | price=1868.85000000 | qty=0.00270000 | ts=1785845941819
[2026-08-04T12:19:01.947Z] [INFO] TRADE → ETHUSDT | price=1868.85000000 | qty=0.00270000 | ts=1785845941819
[2026-08-04T12:19:01.947Z] [INFO] TRADE → ETHUSDT | price=1868.85000000 | qty=0.00280000 | ts=1785845941819
[2026-08-04T12:19:01.947Z] [INFO] TRADE → ETHUSDT | price=1868.85000000 | qty=0.00270000 | ts=1785845941819
[2026-08-04T12:19:01.947Z] [INFO] TRADE → ETHUSDT | price=1868.86000000 | qty=0.00270000 | ts=1785845941819
[2026-08-04T12:19:01.948Z] [INFO] TRADE → ETHUSDT | price=1868.86000000 | qty=0.00280000 | ts=1785845941819
[2026-08-04T12:19:01.948Z] [INFO] TRADE → ETHUSDT | price=1868.86000000 | qty=0.00270000 | ts=1785845941819
[2026-08-04T12:19:01.948Z] [INFO] TRADE → ETHUSDT | price=1868.86000000 | qty=0.00270000 | ts=1785845941819
[2026-08-04T12:19:01.948Z] [INFO] TRADE → ETHUSDT | price=1868.86000000 | qty=0.00270000 | ts=1785845941819
[2026-08-04T12:19:01.948Z] [INFO] TRADE → ETHUSDT | price=1868.86000000 | qty=0.00270000 | ts=1785845941819
[2026-08-04T12:19:01.948Z] [INFO] TRADE → ETHUSDT | price=1868.87000000 | qty=0.00280000 | ts=1785845941819
[2026-08-04T12:19:01.949Z] [INFO] TRADE → ETHUSDT | price=1868.87000000 | qty=0.00280000 | ts=1785845941819
[2026-08-04T12:19:01.949Z] [INFO] TRADE → ETHUSDT | price=1868.89000000 | qty=0.00290000 | ts=1785845941819
[2026-08-04T12:19:01.949Z] [INFO] TRADE → ETHUSDT | price=1868.89000000 | qty=0.00290000 | ts=1785845941819
[2026-08-04T12:19:01.949Z] [INFO] TRADE → ETHUSDT | price=1868.89000000 | qty=0.00280000 | ts=1785845941819
[2026-08-04T12:19:01.949Z] [INFO] TRADE → ETHUSDT | price=1868.89000000 | qty=0.00290000 | ts=1785845941819
[2026-08-04T12:19:02.181Z] [INFO] TRADE → BTCUSDT | price=63808.00000000 | qty=0.26286000 | ts=1785845942067
[2026-08-04T12:19:02.182Z] [INFO] TRADE → BTCUSDT | price=63808.00000000 | qty=0.00250000 | ts=1785845942067
[2026-08-04T12:19:02.182Z] [INFO] TRADE → BTCUSDT | price=63808.00000000 | qty=0.00156000 | ts=1785845942067
[2026-08-04T12:19:02.182Z] [INFO] TRADE → BTCUSDT | price=63808.00000000 | qty=0.08244000 | ts=1785845942067
[2026-08-04T12:19:02.415Z] [INFO] TRADE → BTCUSDT | price=63808.01000000 | qty=0.05565000 | ts=1785845942301
[2026-08-04T12:19:03.178Z] [INFO] TRADE → BTCUSDT | price=63808.00000000 | qty=0.34936000 | ts=1785845943064
[2026-08-04T12:19:03.183Z] [INFO] TRADE → ETHUSDT | price=1868.89000000 | qty=0.05400000 | ts=1785845943067
[2026-08-04T12:19:03.242Z] [INFO] TRADE → ETHUSDT | price=1868.89000000 | qty=0.25000000 | ts=1785845943126
[2026-08-04T12:19:03.259Z] [INFO] TRADE → BTCUSDT | price=63808.00000000 | qty=0.00031000 | ts=1785845943145
[2026-08-04T12:19:03.352Z] [INFO] TRADE → ETHUSDT | price=1868.89000000 | qty=0.00300000 | ts=1785845943237
[2026-08-04T12:19:03.356Z] [INFO] TRADE → ETHUSDT | price=1868.89000000 | qty=0.11400000 | ts=1785845943240
[2026-08-04T12:19:03.379Z] [INFO] TRADE → ETHUSDT | price=1868.89000000 | qty=0.09940000 | ts=1785845943263
[2026-08-04T12:19:03.380Z] [INFO] TRADE → ETHUSDT | price=1868.89000000 | qty=0.00180000 | ts=1785845943263
[2026-08-04T12:19:03.380Z] [INFO] TRADE → ETHUSDT | price=1868.89000000 | qty=0.00090000 | ts=1785845943263
[2026-08-04T12:19:03.380Z] [INFO] TRADE → ETHUSDT | price=1868.89000000 | qty=0.00270000 | ts=1785845943263
[2026-08-04T12:19:03.380Z] [INFO] TRADE → ETHUSDT | price=1868.89000000 | qty=0.00280000 | ts=1785845943263
[2026-08-04T12:19:03.381Z] [INFO] TRADE → ETHUSDT | price=1868.89000000 | qty=0.00270000 | ts=1785845943263
[2026-08-04T12:19:03.381Z] [INFO] TRADE → ETHUSDT | price=1868.89000000 | qty=0.00540000 | ts=1785845943263
[2026-08-04T12:19:03.381Z] [INFO] TRADE → ETHUSDT | price=1868.89000000 | qty=0.00090000 | ts=1785845943263
[2026-08-04T12:19:03.381Z] [INFO] TRADE → ETHUSDT | price=1868.89000000 | qty=0.00190000 | ts=1785845943263
[2026-08-04T12:19:03.381Z] [INFO] TRADE → ETHUSDT | price=1868.89000000 | qty=0.00270000 | ts=1785845943263
[2026-08-04T12:19:03.382Z] [INFO] TRADE → ETHUSDT | price=1868.89000000 | qty=0.00270000 | ts=1785845943263
[2026-08-04T12:19:03.382Z] [INFO] TRADE → ETHUSDT | price=1868.89000000 | qty=0.00270000 | ts=1785845943263
[2026-08-04T12:19:03.382Z] [INFO] TRADE → ETHUSDT | price=1868.89000000 | qty=0.14090000 | ts=1785845943263
[2026-08-04T12:19:03.383Z] [INFO] TRADE → ETHUSDT | price=1868.89000000 | qty=1.74090000 | ts=1785845943267
[2026-08-04T12:19:03.384Z] [INFO] TRADE → ETHUSDT | price=1868.89000000 | qty=0.10000000 | ts=1785845943268
[2026-08-04T12:19:03.384Z] [INFO] TRADE → ETHUSDT | price=1868.89000000 | qty=0.80000000 | ts=1785845943268
[2026-08-04T12:19:03.384Z] [INFO] TRADE → ETHUSDT | price=1868.89000000 | qty=0.20000000 | ts=1785845943268
[2026-08-04T12:19:03.385Z] [INFO] TRADE → ETHUSDT | price=1868.89000000 | qty=0.60750000 | ts=1785845943269
[2026-08-04T12:19:03.386Z] [INFO] TRADE → ETHUSDT | price=1868.89000000 | qty=0.00280000 | ts=1785845943269
[2026-08-04T12:19:03.386Z] [INFO] TRADE → ETHUSDT | price=1868.89000000 | qty=0.39010000 | ts=1785845943269
[2026-08-04T12:19:03.386Z] [INFO] TRADE → ETHUSDT | price=1868.89000000 | qty=0.00270000 | ts=1785845943269
[2026-08-04T12:19:03.386Z] [INFO] TRADE → ETHUSDT | price=1868.89000000 | qty=0.00270000 | ts=1785845943269
[2026-08-04T12:19:03.387Z] [INFO] TRADE → ETHUSDT | price=1868.89000000 | qty=0.00270000 | ts=1785845943269
[2026-08-04T12:19:03.387Z] [INFO] TRADE → ETHUSDT | price=1868.89000000 | qty=0.00540000 | ts=1785845943269
[2026-08-04T12:19:03.387Z] [INFO] TRADE → ETHUSDT | price=1868.89000000 | qty=0.00280000 | ts=1785845943269
[2026-08-04T12:19:03.388Z] [INFO] TRADE → ETHUSDT | price=1868.89000000 | qty=0.00270000 | ts=1785845943269
[2026-08-04T12:19:03.388Z] [INFO] TRADE → ETHUSDT | price=1868.89000000 | qty=0.00270000 | ts=1785845943269
[2026-08-04T12:19:03.388Z] [INFO] TRADE → ETHUSDT | price=1868.89000000 | qty=0.00270000 | ts=1785845943269
[2026-08-04T12:19:03.388Z] [INFO] TRADE → ETHUSDT | price=1868.89000000 | qty=0.00270000 | ts=1785845943269
[2026-08-04T12:19:03.388Z] [INFO] TRADE → ETHUSDT | price=1868.89000000 | qty=0.00270000 | ts=1785845943269
[2026-08-04T12:19:03.389Z] [INFO] TRADE → ETHUSDT | price=1868.89000000 | qty=0.00270000 | ts=1785845943269
[2026-08-04T12:19:03.389Z] [INFO] TRADE → ETHUSDT | price=1868.89000000 | qty=0.00270000 | ts=1785845943269
[2026-08-04T12:19:03.389Z] [INFO] TRADE → ETHUSDT | price=1868.89000000 | qty=0.00270000 | ts=1785845943269
[2026-08-04T12:19:03.389Z] [INFO] TRADE → ETHUSDT | price=1868.89000000 | qty=0.00270000 | ts=1785845943269
[2026-08-04T12:19:03.389Z] [INFO] TRADE → ETHUSDT | price=1868.89000000 | qty=0.00270000 | ts=1785845943269
[2026-08-04T12:19:03.390Z] [INFO] TRADE → ETHUSDT | price=1868.88000000 | qty=0.00540000 | ts=1785845943271
[2026-08-04T12:19:03.390Z] [INFO] TRADE → ETHUSDT | price=1868.88000000 | qty=0.00280000 | ts=1785845943271
[2026-08-04T12:19:03.390Z] [INFO] TRADE → ETHUSDT | price=1868.88000000 | qty=0.01520000 | ts=1785845943271
[2026-08-04T12:19:03.390Z] [INFO] TRADE → ETHUSDT | price=1868.88000000 | qty=0.00270000 | ts=1785845943271
[2026-08-04T12:19:03.390Z] [INFO] TRADE → ETHUSDT | price=1868.88000000 | qty=0.00270000 | ts=1785845943271
[2026-08-04T12:19:03.391Z] [INFO] TRADE → ETHUSDT | price=1868.88000000 | qty=0.00270000 | ts=1785845943271
[2026-08-04T12:19:03.391Z] [INFO] TRADE → ETHUSDT | price=1868.88000000 | qty=0.00270000 | ts=1785845943271
[2026-08-04T12:19:03.391Z] [INFO] TRADE → ETHUSDT | price=1868.88000000 | qty=0.00270000 | ts=1785845943271
[2026-08-04T12:19:03.391Z] [INFO] TRADE → ETHUSDT | price=1868.87000000 | qty=0.00540000 | ts=1785845943271
[2026-08-04T12:19:03.391Z] [INFO] TRADE → ETHUSDT | price=1868.87000000 | qty=0.00280000 | ts=1785845943271
[2026-08-04T12:19:03.392Z] [INFO] TRADE → ETHUSDT | price=1868.86000000 | qty=0.00290000 | ts=1785845943271
[2026-08-04T12:19:03.392Z] [INFO] TRADE → ETHUSDT | price=1868.86000000 | qty=0.00290000 | ts=1785845943271
[2026-08-04T12:19:03.392Z] [INFO] TRADE → ETHUSDT | price=1868.86000000 | qty=0.00280000 | ts=1785845943271
[2026-08-04T12:19:03.393Z] [INFO] TRADE → ETHUSDT | price=1868.86000000 | qty=0.00290000 | ts=1785845943271
[2026-08-04T12:19:03.393Z] [INFO] TRADE → ETHUSDT | price=1868.85000000 | qty=0.00280000 | ts=1785845943274
[2026-08-04T12:19:03.393Z] [INFO] TRADE → ETHUSDT | price=1868.85000000 | qty=0.00270000 | ts=1785845943274
[2026-08-04T12:19:03.394Z] [INFO] TRADE → ETHUSDT | price=1868.85000000 | qty=0.00270000 | ts=1785845943274
[2026-08-04T12:19:03.394Z] [INFO] TRADE → ETHUSDT | price=1868.85000000 | qty=0.00270000 | ts=1785845943274
[2026-08-04T12:19:03.394Z] [INFO] TRADE → ETHUSDT | price=1868.83000000 | qty=0.00290000 | ts=1785845943274
[2026-08-04T12:19:03.395Z] [INFO] TRADE → ETHUSDT | price=1868.83000000 | qty=0.00290000 | ts=1785845943274
[2026-08-04T12:19:03.395Z] [INFO] TRADE → ETHUSDT | price=1868.83000000 | qty=0.00280000 | ts=1785845943274
[2026-08-04T12:19:03.395Z] [INFO] TRADE → ETHUSDT | price=1868.83000000 | qty=0.00290000 | ts=1785845943274
[2026-08-04T12:19:03.395Z] [INFO] TRADE → ETHUSDT | price=1868.82000000 | qty=0.50000000 | ts=1785845943276
[2026-08-04T12:19:03.395Z] [INFO] TRADE → ETHUSDT | price=1868.82000000 | qty=0.00280000 | ts=1785845943276
[2026-08-04T12:19:03.396Z] [INFO] TRADE → ETHUSDT | price=1868.82000000 | qty=0.00270000 | ts=1785845943276
[2026-08-04T12:19:03.396Z] [INFO] TRADE → ETHUSDT | price=1868.82000000 | qty=0.00270000 | ts=1785845943276
[2026-08-04T12:19:03.396Z] [INFO] TRADE → ETHUSDT | price=1868.81000000 | qty=0.00280000 | ts=1785845943276
[2026-08-04T12:19:03.397Z] [INFO] TRADE → ETHUSDT | price=1868.80000000 | qty=0.00270000 | ts=1785845943276
[2026-08-04T12:19:03.397Z] [INFO] TRADE → ETHUSDT | price=1868.80000000 | qty=0.00280000 | ts=1785845943276
[2026-08-04T12:19:03.397Z] [INFO] TRADE → ETHUSDT | price=1868.80000000 | qty=0.00270000 | ts=1785845943276
[2026-08-04T12:19:03.397Z] [INFO] TRADE → ETHUSDT | price=1868.79000000 | qty=0.00280000 | ts=1785845943276
[2026-08-04T12:19:03.397Z] [INFO] TRADE → ETHUSDT | price=1868.78000000 | qty=0.00290000 | ts=1785845943276
[2026-08-04T12:19:03.398Z] [INFO] TRADE → ETHUSDT | price=1868.78000000 | qty=0.00290000 | ts=1785845943276
[2026-08-04T12:19:03.398Z] [INFO] TRADE → ETHUSDT | price=1868.78000000 | qty=0.00280000 | ts=1785845943276
[2026-08-04T12:19:03.398Z] [INFO] TRADE → ETHUSDT | price=1868.78000000 | qty=0.00290000 | ts=1785845943276
[2026-08-04T12:19:03.468Z] [INFO] TRADE → BTCUSDT | price=63808.00000000 | qty=0.00008000 | ts=1785845943352
[2026-08-04T12:19:03.469Z] [INFO] TRADE → BTCUSDT | price=63808.00000000 | qty=0.00008000 | ts=1785845943352
[2026-08-04T12:19:03.469Z] [INFO] TRADE → BTCUSDT | price=63808.00000000 | qty=0.00008000 | ts=1785845943352
[2026-08-04T12:19:03.469Z] [INFO] TRADE → BTCUSDT | price=63808.00000000 | qty=0.00008000 | ts=1785845943352
[2026-08-04T12:19:03.469Z] [INFO] TRADE → BTCUSDT | price=63808.00000000 | qty=0.00008000 | ts=1785845943352
[2026-08-04T12:19:03.470Z] [INFO] TRADE → BTCUSDT | price=63808.00000000 | qty=0.00009000 | ts=1785845943352
[2026-08-04T12:19:03.470Z] [INFO] TRADE → BTCUSDT | price=63808.00000000 | qty=0.00016000 | ts=1785845943352
[2026-08-04T12:19:03.470Z] [INFO] TRADE → BTCUSDT | price=63808.00000000 | qty=0.00300000 | ts=1785845943352
[2026-08-04T12:19:03.470Z] [INFO] TRADE → BTCUSDT | price=63808.00000000 | qty=0.00300000 | ts=1785845943352
[2026-08-04T12:19:03.470Z] [INFO] TRADE → BTCUSDT | price=63808.00000000 | qty=0.00047000 | ts=1785845943352
[2026-08-04T12:19:03.470Z] [INFO] TRADE → BTCUSDT | price=63808.00000000 | qty=0.00069000 | ts=1785845943352
[2026-08-04T12:19:03.471Z] [INFO] TRADE → BTCUSDT | price=63808.00000000 | qty=0.00008000 | ts=1785845943352
[2026-08-04T12:19:03.471Z] [INFO] TRADE → BTCUSDT | price=63808.00000000 | qty=0.00008000 | ts=1785845943352
[2026-08-04T12:19:03.471Z] [INFO] TRADE → BTCUSDT | price=63808.00000000 | qty=0.01254000 | ts=1785845943352
[2026-08-04T12:19:03.471Z] [INFO] TRADE → BTCUSDT | price=63808.00000000 | qty=0.00008000 | ts=1785845943352
[2026-08-04T12:19:03.471Z] [INFO] TRADE → BTCUSDT | price=63808.00000000 | qty=0.00009000 | ts=1785845943352
[2026-08-04T12:19:03.472Z] [INFO] TRADE → BTCUSDT | price=63808.00000000 | qty=0.00009000 | ts=1785845943352
[2026-08-04T12:19:03.472Z] [INFO] TRADE → BTCUSDT | price=63808.00000000 | qty=0.00008000 | ts=1785845943352
[2026-08-04T12:19:03.472Z] [INFO] TRADE → ETHUSDT | price=1868.77000000 | qty=0.00270000 | ts=1785845943354
[2026-08-04T12:19:03.472Z] [INFO] TRADE → BTCUSDT | price=63808.00000000 | qty=0.00010000 | ts=1785845943352
[2026-08-04T12:19:03.472Z] [INFO] TRADE → ETHUSDT | price=1868.77000000 | qty=0.00270000 | ts=1785845943354
[2026-08-04T12:19:03.473Z] [INFO] TRADE → BTCUSDT | price=63808.00000000 | qty=0.00700000 | ts=1785845943352
[2026-08-04T12:19:03.473Z] [INFO] TRADE → ETHUSDT | price=1868.77000000 | qty=0.00270000 | ts=1785845943354
[2026-08-04T12:19:03.473Z] [INFO] TRADE → BTCUSDT | price=63808.00000000 | qty=0.00008000 | ts=1785845943352
[2026-08-04T12:19:03.473Z] [INFO] TRADE → ETHUSDT | price=1868.77000000 | qty=0.00270000 | ts=1785845943354
[2026-08-04T12:19:03.473Z] [INFO] TRADE → BTCUSDT | price=63808.00000000 | qty=0.00009000 | ts=1785845943352
[2026-08-04T12:19:03.474Z] [INFO] TRADE → ETHUSDT | price=1868.77000000 | qty=0.00280000 | ts=1785845943354
[2026-08-04T12:19:03.474Z] [INFO] TRADE → BTCUSDT | price=63808.00000000 | qty=0.00009000 | ts=1785845943352
[2026-08-04T12:19:03.474Z] [INFO] TRADE → ETHUSDT | price=1868.77000000 | qty=0.01320000 | ts=1785845943354
[2026-08-04T12:19:03.474Z] [INFO] TRADE → BTCUSDT | price=63808.00000000 | qty=0.00009000 | ts=1785845943352
[2026-08-04T12:19:03.474Z] [INFO] TRADE → ETHUSDT | price=1868.77000000 | qty=0.00280000 | ts=1785845943354
[2026-08-04T12:19:03.475Z] [INFO] TRADE → BTCUSDT | price=63808.00000000 | qty=0.00009000 | ts=1785845943352
[2026-08-04T12:19:03.475Z] [INFO] TRADE → ETHUSDT | price=1868.77000000 | qty=0.00270000 | ts=1785845943354
[2026-08-04T12:19:03.475Z] [INFO] TRADE → BTCUSDT | price=63808.00000000 | qty=0.00009000 | ts=1785845943352
[2026-08-04T12:19:03.475Z] [INFO] TRADE → ETHUSDT | price=1868.77000000 | qty=0.00270000 | ts=1785845943354
[2026-08-04T12:19:03.475Z] [INFO] TRADE → BTCUSDT | price=63808.00000000 | qty=0.00009000 | ts=1785845943352
[2026-08-04T12:19:03.476Z] [INFO] TRADE → ETHUSDT | price=1868.77000000 | qty=0.00270000 | ts=1785845943354
[2026-08-04T12:19:03.476Z] [INFO] TRADE → BTCUSDT | price=63808.00000000 | qty=0.00009000 | ts=1785845943352
[2026-08-04T12:19:03.476Z] [INFO] TRADE → ETHUSDT | price=1868.77000000 | qty=0.00270000 | ts=1785845943354
[2026-08-04T12:19:03.476Z] [INFO] TRADE → BTCUSDT | price=63808.00000000 | qty=0.00009000 | ts=1785845943352
[2026-08-04T12:19:03.477Z] [INFO] TRADE → ETHUSDT | price=1868.77000000 | qty=0.00270000 | ts=1785845943354
[2026-08-04T12:19:03.477Z] [INFO] TRADE → BTCUSDT | price=63808.00000000 | qty=0.00009000 | ts=1785845943352
[2026-08-04T12:19:03.477Z] [INFO] TRADE → ETHUSDT | price=1868.77000000 | qty=0.00270000 | ts=1785845943354
[2026-08-04T12:19:03.477Z] [INFO] TRADE → BTCUSDT | price=63808.00000000 | qty=0.00009000 | ts=1785845943352
[2026-08-04T12:19:03.477Z] [INFO] TRADE → ETHUSDT | price=1868.77000000 | qty=0.00270000 | ts=1785845943354
[2026-08-04T12:19:03.477Z] [INFO] TRADE → BTCUSDT | price=63808.00000000 | qty=0.00009000 | ts=1785845943352
[2026-08-04T12:19:03.478Z] [INFO] TRADE → ETHUSDT | price=1868.77000000 | qty=0.00270000 | ts=1785845943354
[2026-08-04T12:19:03.478Z] [INFO] TRADE → BTCUSDT | price=63808.00000000 | qty=0.00009000 | ts=1785845943352
[2026-08-04T12:19:03.478Z] [INFO] TRADE → ETHUSDT | price=1868.77000000 | qty=0.00270000 | ts=1785845943354
[2026-08-04T12:19:03.478Z] [INFO] TRADE → BTCUSDT | price=63808.00000000 | qty=0.00009000 | ts=1785845943352
[2026-08-04T12:19:03.478Z] [INFO] TRADE → ETHUSDT | price=1868.77000000 | qty=0.00270000 | ts=1785845943354
[2026-08-04T12:19:03.479Z] [INFO] TRADE → BTCUSDT | price=63808.00000000 | qty=0.00009000 | ts=1785845943352
[2026-08-04T12:19:03.479Z] [INFO] TRADE → ETHUSDT | price=1868.77000000 | qty=0.00270000 | ts=1785845943354
[2026-08-04T12:19:03.479Z] [INFO] TRADE → BTCUSDT | price=63808.00000000 | qty=0.00009000 | ts=1785845943352
[2026-08-04T12:19:03.479Z] [INFO] TRADE → ETHUSDT | price=1868.77000000 | qty=0.00270000 | ts=1785845943354
[2026-08-04T12:19:03.480Z] [INFO] TRADE → BTCUSDT | price=63808.00000000 | qty=0.00009000 | ts=1785845943352
[2026-08-04T12:19:03.480Z] [INFO] TRADE → ETHUSDT | price=1868.76000000 | qty=0.00270000 | ts=1785845943354
[2026-08-04T12:19:03.480Z] [INFO] TRADE → BTCUSDT | price=63808.00000000 | qty=0.00009000 | ts=1785845943352
[2026-08-04T12:19:03.480Z] [INFO] TRADE → ETHUSDT | price=1868.76000000 | qty=0.00280000 | ts=1785845943354
[2026-08-04T12:19:03.480Z] [INFO] TRADE → BTCUSDT | price=63808.00000000 | qty=0.00009000 | ts=1785845943352
[2026-08-04T12:19:03.480Z] [INFO] TRADE → ETHUSDT | price=1868.75000000 | qty=0.00280000 | ts=1785845943354
[2026-08-04T12:19:03.481Z] [INFO] TRADE → BTCUSDT | price=63808.00000000 | qty=0.00009000 | ts=1785845943352
[2026-08-04T12:19:03.481Z] [INFO] TRADE → ETHUSDT | price=1868.74000000 | qty=0.00270000 | ts=1785845943354
[2026-08-04T12:19:03.481Z] [INFO] TRADE → BTCUSDT | price=63808.00000000 | qty=0.00008000 | ts=1785845943352
[2026-08-04T12:19:03.481Z] [INFO] TRADE → ETHUSDT | price=1868.74000000 | qty=0.00280000 | ts=1785845943354
[2026-08-04T12:19:03.482Z] [INFO] TRADE → BTCUSDT | price=63808.00000000 | qty=0.00008000 | ts=1785845943352
[2026-08-04T12:19:03.482Z] [INFO] TRADE → ETHUSDT | price=1868.74000000 | qty=0.00270000 | ts=1785845943354
[2026-08-04T12:19:03.483Z] [INFO] TRADE → BTCUSDT | price=63808.00000000 | qty=0.00008000 | ts=1785845943352
[2026-08-04T12:19:03.483Z] [INFO] TRADE → ETHUSDT | price=1868.74000000 | qty=0.00270000 | ts=1785845943354
[2026-08-04T12:19:03.484Z] [INFO] TRADE → BTCUSDT | price=63808.00000000 | qty=0.00008000 | ts=1785845943352
[2026-08-04T12:19:03.484Z] [INFO] TRADE → ETHUSDT | price=1868.74000000 | qty=0.00270000 | ts=1785845943354
[2026-08-04T12:19:03.484Z] [INFO] TRADE → BTCUSDT | price=63807.99000000 | qty=0.00009000 | ts=1785845943352
[2026-08-04T12:19:03.484Z] [INFO] TRADE → ETHUSDT | price=1868.74000000 | qty=0.00270000 | ts=1785845943354
[2026-08-04T12:19:03.484Z] [INFO] TRADE → BTCUSDT | price=63807.99000000 | qty=0.00009000 | ts=1785845943352
[2026-08-04T12:19:03.484Z] [INFO] TRADE → ETHUSDT | price=1868.72000000 | qty=0.00270000 | ts=1785845943354
[2026-08-04T12:19:03.484Z] [INFO] TRADE → BTCUSDT | price=63807.99000000 | qty=0.00016000 | ts=1785845943352
[2026-08-04T12:19:03.485Z] [INFO] TRADE → ETHUSDT | price=1868.72000000 | qty=0.00280000 | ts=1785845943354
[2026-08-04T12:19:03.485Z] [INFO] TRADE → BTCUSDT | price=63807.99000000 | qty=0.00009000 | ts=1785845943352
[2026-08-04T12:19:03.485Z] [INFO] TRADE → ETHUSDT | price=1868.72000000 | qty=0.00270000 | ts=1785845943354
[2026-08-04T12:19:03.485Z] [INFO] TRADE → BTCUSDT | price=63807.99000000 | qty=0.00009000 | ts=1785845943352
[2026-08-04T12:19:03.485Z] [INFO] TRADE → ETHUSDT | price=1868.71000000 | qty=0.00280000 | ts=1785845943354
[2026-08-04T12:19:03.485Z] [INFO] TRADE → BTCUSDT | price=63807.99000000 | qty=0.00009000 | ts=1785845943352
[2026-08-04T12:19:03.485Z] [INFO] TRADE → ETHUSDT | price=1868.70000000 | qty=0.00270000 | ts=1785845943354
[2026-08-04T12:19:03.486Z] [INFO] TRADE → BTCUSDT | price=63807.99000000 | qty=0.00009000 | ts=1785845943352
[2026-08-04T12:19:03.486Z] [INFO] TRADE → ETHUSDT | price=1868.70000000 | qty=0.00290000 | ts=1785845943354
[2026-08-04T12:19:03.486Z] [INFO] TRADE → BTCUSDT | price=63807.99000000 | qty=0.00009000 | ts=1785845943352
[2026-08-04T12:19:03.486Z] [INFO] TRADE → ETHUSDT | price=1868.70000000 | qty=0.00290000 | ts=1785845943354
[2026-08-04T12:19:03.486Z] [INFO] TRADE → BTCUSDT | price=63807.99000000 | qty=0.00009000 | ts=1785845943352
[2026-08-04T12:19:03.487Z] [INFO] TRADE → ETHUSDT | price=1868.70000000 | qty=0.00280000 | ts=1785845943354
[2026-08-04T12:19:03.487Z] [INFO] TRADE → BTCUSDT | price=63807.99000000 | qty=0.00009000 | ts=1785845943352
[2026-08-04T12:19:03.487Z] [INFO] TRADE → ETHUSDT | price=1868.70000000 | qty=0.00270000 | ts=1785845943354
[2026-08-04T12:19:03.487Z] [INFO] TRADE → BTCUSDT | price=63807.98000000 | qty=0.00016000 | ts=1785845943352
[2026-08-04T12:19:03.487Z] [INFO] TRADE → ETHUSDT | price=1868.70000000 | qty=0.00290000 | ts=1785845943354
[2026-08-04T12:19:03.488Z] [INFO] TRADE → BTCUSDT | price=63807.95000000 | qty=0.00270000 | ts=1785845943352
[2026-08-04T12:19:03.488Z] [INFO] TRADE → ETHUSDT | price=1868.70000000 | qty=0.00270000 | ts=1785845943354
[2026-08-04T12:19:03.488Z] [INFO] TRADE → BTCUSDT | price=63807.75000000 | qty=0.01170000 | ts=1785845943352
[2026-08-04T12:19:03.488Z] [INFO] TRADE → ETHUSDT | price=1868.70000000 | qty=0.00270000 | ts=1785845943354
[2026-08-04T12:19:03.488Z] [INFO] TRADE → BTCUSDT | price=63807.75000000 | qty=0.00009000 | ts=1785845943352
[2026-08-04T12:19:03.488Z] [INFO] TRADE → ETHUSDT | price=1868.70000000 | qty=0.00270000 | ts=1785845943354
[2026-08-04T12:19:03.488Z] [INFO] TRADE → BTCUSDT | price=63807.75000000 | qty=0.00009000 | ts=1785845943352
[2026-08-04T12:19:03.514Z] [INFO] TRADE → ETHUSDT | price=1868.69000000 | qty=0.00270000 | ts=1785845943398
[2026-08-04T12:19:03.514Z] [INFO] TRADE → ETHUSDT | price=1868.69000000 | qty=0.00270000 | ts=1785845943398
[2026-08-04T12:19:03.514Z] [INFO] TRADE → ETHUSDT | price=1868.69000000 | qty=0.00270000 | ts=1785845943398
[2026-08-04T12:19:03.515Z] [INFO] TRADE → ETHUSDT | price=1868.69000000 | qty=0.00270000 | ts=1785845943398
[2026-08-04T12:19:03.515Z] [INFO] TRADE → ETHUSDT | price=1868.69000000 | qty=0.77050000 | ts=1785845943398
[2026-08-04T12:19:03.515Z] [INFO] TRADE → ETHUSDT | price=1868.69000000 | qty=0.00280000 | ts=1785845943398
[2026-08-04T12:19:03.515Z] [INFO] TRADE → ETHUSDT | price=1868.69000000 | qty=1.09790000 | ts=1785845943398
[2026-08-04T12:19:03.515Z] [INFO] TRADE → ETHUSDT | price=1868.69000000 | qty=0.00270000 | ts=1785845943398
[2026-08-04T12:19:03.515Z] [INFO] TRADE → ETHUSDT | price=1868.69000000 | qty=0.28470000 | ts=1785845943398
[2026-08-04T12:19:03.516Z] [INFO] TRADE → ETHUSDT | price=1868.69000000 | qty=0.50860000 | ts=1785845943398
[2026-08-04T12:19:03.859Z] [INFO] TRADE → ETHUSDT | price=1868.69000000 | qty=0.05340000 | ts=1785845943743
[2026-08-04T12:19:04.186Z] [INFO] TRADE → BTCUSDT | price=63806.98000000 | qty=0.34936000 | ts=1785845944072
[2026-08-04T12:19:04.336Z] [INFO] TRADE → ETHUSDT | price=1868.69000000 | qty=0.00270000 | ts=1785845944220
[2026-08-04T12:19:04.336Z] [INFO] TRADE → ETHUSDT | price=1868.69000000 | qty=0.00030000 | ts=1785845944220
[2026-08-04T12:19:04.399Z] [INFO] TRADE → ETHUSDT | price=1868.70000000 | qty=0.21410000 | ts=1785845944283
[2026-08-04T12:19:05.198Z] [INFO] TRADE → BTCUSDT | price=63806.98000000 | qty=0.04717000 | ts=1785845945080
[2026-08-04T12:19:05.199Z] [INFO] TRADE → BTCUSDT | price=63806.98000000 | qty=0.00008000 | ts=1785845945080
[2026-08-04T12:19:05.199Z] [INFO] TRADE → BTCUSDT | price=63806.98000000 | qty=0.00008000 | ts=1785845945080
[2026-08-04T12:19:05.199Z] [INFO] TRADE → BTCUSDT | price=63806.98000000 | qty=0.00009000 | ts=1785845945080
[2026-08-04T12:19:05.200Z] [INFO] TRADE → BTCUSDT | price=63806.98000000 | qty=0.00008000 | ts=1785845945080
[2026-08-04T12:19:05.200Z] [INFO] TRADE → BTCUSDT | price=63806.98000000 | qty=0.00009000 | ts=1785845945080
[2026-08-04T12:19:05.200Z] [INFO] TRADE → BTCUSDT | price=63806.98000000 | qty=0.00009000 | ts=1785845945080
[2026-08-04T12:19:05.200Z] [INFO] TRADE → BTCUSDT | price=63806.98000000 | qty=0.00009000 | ts=1785845945080
[2026-08-04T12:19:05.200Z] [INFO] TRADE → BTCUSDT | price=63806.98000000 | qty=0.00008000 | ts=1785845945080
[2026-08-04T12:19:05.200Z] [INFO] TRADE → BTCUSDT | price=63806.98000000 | qty=0.00016000 | ts=1785845945080
[2026-08-04T12:19:05.200Z] [INFO] TRADE → BTCUSDT | price=63806.98000000 | qty=0.00009000 | ts=1785845945080
[2026-08-04T12:19:05.201Z] [INFO] TRADE → BTCUSDT | price=63806.98000000 | qty=0.00009000 | ts=1785845945080
[2026-08-04T12:19:05.201Z] [INFO] TRADE → BTCUSDT | price=63806.98000000 | qty=0.00009000 | ts=1785845945080
[2026-08-04T12:19:05.201Z] [INFO] TRADE → BTCUSDT | price=63806.98000000 | qty=0.00009000 | ts=1785845945080
[2026-08-04T12:19:05.202Z] [INFO] TRADE → BTCUSDT | price=63806.98000000 | qty=0.00009000 | ts=1785845945080
[2026-08-04T12:19:05.202Z] [INFO] TRADE → BTCUSDT | price=63806.98000000 | qty=0.00009000 | ts=1785845945080
[2026-08-04T12:19:05.202Z] [INFO] TRADE → BTCUSDT | price=63806.98000000 | qty=0.00009000 | ts=1785845945080
[2026-08-04T12:19:05.202Z] [INFO] TRADE → BTCUSDT | price=63806.98000000 | qty=0.00009000 | ts=1785845945080
[2026-08-04T12:19:05.203Z] [INFO] TRADE → BTCUSDT | price=63806.98000000 | qty=0.00008000 | ts=1785845945080
[2026-08-04T12:19:05.203Z] [INFO] TRADE → BTCUSDT | price=63806.98000000 | qty=0.00009000 | ts=1785845945080
[2026-08-04T12:19:05.203Z] [INFO] TRADE → BTCUSDT | price=63806.98000000 | qty=0.00009000 | ts=1785845945080
[2026-08-04T12:19:05.203Z] [INFO] TRADE → BTCUSDT | price=63806.98000000 | qty=0.01824000 | ts=1785845945080
[2026-08-04T12:19:05.203Z] [INFO] TRADE → BTCUSDT | price=63806.98000000 | qty=0.00009000 | ts=1785845945080
[2026-08-04T12:19:05.203Z] [INFO] TRADE → BTCUSDT | price=63806.98000000 | qty=0.00009000 | ts=1785845945080
[2026-08-04T12:19:05.203Z] [INFO] TRADE → BTCUSDT | price=63806.98000000 | qty=0.00009000 | ts=1785845945080
[2026-08-04T12:19:05.204Z] [INFO] TRADE → BTCUSDT | price=63806.98000000 | qty=0.00009000 | ts=1785845945080
[2026-08-04T12:19:05.204Z] [INFO] TRADE → BTCUSDT | price=63806.98000000 | qty=0.00009000 | ts=1785845945080
[2026-08-04T12:19:05.204Z] [INFO] TRADE → BTCUSDT | price=63806.98000000 | qty=0.00300000 | ts=1785845945080
[2026-08-04T12:19:05.204Z] [INFO] TRADE → BTCUSDT | price=63806.98000000 | qty=0.00300000 | ts=1785845945080
[2026-08-04T12:19:05.204Z] [INFO] TRADE → BTCUSDT | price=63806.98000000 | qty=0.00009000 | ts=1785845945080
[2026-08-04T12:19:05.205Z] [INFO] TRADE → BTCUSDT | price=63806.98000000 | qty=0.00700000 | ts=1785845945080
[2026-08-04T12:19:05.205Z] [INFO] TRADE → BTCUSDT | price=63806.98000000 | qty=0.00009000 | ts=1785845945080
[2026-08-04T12:19:05.205Z] [INFO] TRADE → BTCUSDT | price=63806.98000000 | qty=0.00009000 | ts=1785845945080
[2026-08-04T12:19:05.205Z] [INFO] TRADE → BTCUSDT | price=63806.98000000 | qty=0.15890000 | ts=1785845945080
[2026-08-04T12:19:05.206Z] [INFO] TRADE → BTCUSDT | price=63806.98000000 | qty=0.00048000 | ts=1785845945080
[2026-08-04T12:19:05.206Z] [INFO] TRADE → BTCUSDT | price=63806.98000000 | qty=0.00700000 | ts=1785845945080
[2026-08-04T12:19:05.206Z] [INFO] TRADE → BTCUSDT | price=63806.98000000 | qty=0.00009000 | ts=1785845945080
[2026-08-04T12:19:05.206Z] [INFO] TRADE → BTCUSDT | price=63806.98000000 | qty=0.00700000 | ts=1785845945080
[2026-08-04T12:19:05.207Z] [INFO] TRADE → BTCUSDT | price=63806.98000000 | qty=0.00008000 | ts=1785845945080
[2026-08-04T12:19:05.207Z] [INFO] TRADE → BTCUSDT | price=63806.98000000 | qty=0.00008000 | ts=1785845945080
[2026-08-04T12:19:05.207Z] [INFO] TRADE → BTCUSDT | price=63806.98000000 | qty=0.00008000 | ts=1785845945080
[2026-08-04T12:19:05.207Z] [INFO] TRADE → BTCUSDT | price=63806.98000000 | qty=0.00008000 | ts=1785845945080
[2026-08-04T12:19:05.207Z] [INFO] TRADE → BTCUSDT | price=63806.98000000 | qty=0.00008000 | ts=1785845945080
[2026-08-04T12:19:05.207Z] [INFO] TRADE → BTCUSDT | price=63806.98000000 | qty=0.00008000 | ts=1785845945080
[2026-08-04T12:19:05.208Z] [INFO] TRADE → BTCUSDT | price=63806.97000000 | qty=0.00009000 | ts=1785845945082
[2026-08-04T12:19:05.208Z] [INFO] TRADE → BTCUSDT | price=63806.97000000 | qty=0.00009000 | ts=1785845945082
[2026-08-04T12:19:05.208Z] [INFO] TRADE → BTCUSDT | price=63806.97000000 | qty=0.00016000 | ts=1785845945082
[2026-08-04T12:19:05.208Z] [INFO] TRADE → BTCUSDT | price=63806.97000000 | qty=0.00009000 | ts=1785845945082
[2026-08-04T12:19:05.209Z] [INFO] TRADE → BTCUSDT | price=63806.97000000 | qty=0.00009000 | ts=1785845945082
[2026-08-04T12:19:05.209Z] [INFO] TRADE → BTCUSDT | price=63806.97000000 | qty=0.00009000 | ts=1785845945082
[2026-08-04T12:19:05.209Z] [INFO] TRADE → BTCUSDT | price=63806.97000000 | qty=0.00009000 | ts=1785845945082
[2026-08-04T12:19:05.209Z] [INFO] TRADE → BTCUSDT | price=63806.97000000 | qty=0.00009000 | ts=1785845945082
[2026-08-04T12:19:05.210Z] [INFO] TRADE → BTCUSDT | price=63806.97000000 | qty=0.00009000 | ts=1785845945082
[2026-08-04T12:19:05.210Z] [INFO] TRADE → BTCUSDT | price=63806.97000000 | qty=0.00009000 | ts=1785845945082
[2026-08-04T12:19:05.210Z] [INFO] TRADE → BTCUSDT | price=63806.97000000 | qty=0.00008000 | ts=1785845945082
[2026-08-04T12:19:05.210Z] [INFO] TRADE → BTCUSDT | price=63806.97000000 | qty=0.44322000 | ts=1785845945082
[2026-08-04T12:19:05.211Z] [INFO] TRADE → BTCUSDT | price=63806.97000000 | qty=0.00008000 | ts=1785845945082
[2026-08-04T12:19:05.211Z] [INFO] TRADE → BTCUSDT | price=63806.96000000 | qty=0.00016000 | ts=1785845945082
[2026-08-04T12:19:05.211Z] [INFO] TRADE → BTCUSDT | price=63806.93000000 | qty=0.00270000 | ts=1785845945082
[2026-08-04T12:19:05.211Z] [INFO] TRADE → BTCUSDT | price=63806.73000000 | qty=0.01170000 | ts=1785845945082
[2026-08-04T12:19:05.211Z] [INFO] TRADE → BTCUSDT | price=63806.73000000 | qty=0.00009000 | ts=1785845945082
[2026-08-04T12:19:05.211Z] [INFO] TRADE → BTCUSDT | price=63806.73000000 | qty=0.00009000 | ts=1785845945082
[2026-08-04T12:19:05.212Z] [INFO] TRADE → BTCUSDT | price=63806.40000000 | qty=0.00008000 | ts=1785845945082
[2026-08-04T12:19:05.212Z] [INFO] TRADE → BTCUSDT | price=63806.35000000 | qty=0.00009000 | ts=1785845945082
[2026-08-04T12:19:05.212Z] [INFO] TRADE → BTCUSDT | price=63806.35000000 | qty=0.00009000 | ts=1785845945082
[2026-08-04T12:19:05.212Z] [INFO] TRADE → BTCUSDT | price=63806.35000000 | qty=0.00009000 | ts=1785845945082
[2026-08-04T12:19:05.212Z] [INFO] TRADE → BTCUSDT | price=63806.34000000 | qty=0.04000000 | ts=1785845945092
[2026-08-04T12:19:05.212Z] [INFO] TRADE → BTCUSDT | price=63806.34000000 | qty=0.00009000 | ts=1785845945092
[2026-08-04T12:19:05.213Z] [INFO] TRADE → BTCUSDT | price=63806.34000000 | qty=0.00009000 | ts=1785845945092
[2026-08-04T12:19:05.213Z] [INFO] TRADE → BTCUSDT | price=63806.34000000 | qty=0.00008000 | ts=1785845945092
[2026-08-04T12:19:05.213Z] [INFO] TRADE → BTCUSDT | price=63806.34000000 | qty=0.00008000 | ts=1785845945092
[2026-08-04T12:19:05.213Z] [INFO] TRADE → BTCUSDT | price=63806.34000000 | qty=0.00009000 | ts=1785845945092
[2026-08-04T12:19:05.213Z] [INFO] TRADE → BTCUSDT | price=63806.34000000 | qty=0.00009000 | ts=1785845945092
[2026-08-04T12:19:05.213Z] [INFO] TRADE → BTCUSDT | price=63806.34000000 | qty=0.00009000 | ts=1785845945092
[2026-08-04T12:19:05.214Z] [INFO] TRADE → BTCUSDT | price=63806.34000000 | qty=0.00009000 | ts=1785845945092
[2026-08-04T12:19:05.214Z] [INFO] TRADE → BTCUSDT | price=63806.34000000 | qty=0.00009000 | ts=1785845945092
[2026-08-04T12:19:05.214Z] [INFO] TRADE → BTCUSDT | price=63806.34000000 | qty=0.00009000 | ts=1785845945092
[2026-08-04T12:19:05.214Z] [INFO] TRADE → BTCUSDT | price=63806.34000000 | qty=0.01504000 | ts=1785845945092
[2026-08-04T12:19:05.214Z] [INFO] TRADE → BTCUSDT | price=63806.34000000 | qty=0.00009000 | ts=1785845945092
[2026-08-04T12:19:05.214Z] [INFO] TRADE → BTCUSDT | price=63806.34000000 | qty=0.00009000 | ts=1785845945092
[2026-08-04T12:19:05.214Z] [INFO] TRADE → BTCUSDT | price=63806.34000000 | qty=0.00009000 | ts=1785845945092
[2026-08-04T12:19:05.215Z] [INFO] TRADE → BTCUSDT | price=63806.34000000 | qty=0.00009000 | ts=1785845945092
[2026-08-04T12:19:05.215Z] [INFO] TRADE → BTCUSDT | price=63806.34000000 | qty=0.00009000 | ts=1785845945092
[2026-08-04T12:19:05.215Z] [INFO] TRADE → BTCUSDT | price=63806.34000000 | qty=0.00009000 | ts=1785845945092
[2026-08-04T12:19:05.215Z] [INFO] TRADE → BTCUSDT | price=63806.34000000 | qty=0.00009000 | ts=1785845945092
[2026-08-04T12:19:05.215Z] [INFO] TRADE → BTCUSDT | price=63806.34000000 | qty=0.00009000 | ts=1785845945092
[2026-08-04T12:19:05.216Z] [INFO] TRADE → BTCUSDT | price=63806.34000000 | qty=0.00009000 | ts=1785845945092
[2026-08-04T12:19:05.216Z] [INFO] TRADE → BTCUSDT | price=63806.34000000 | qty=0.00009000 | ts=1785845945092
[2026-08-04T12:19:05.216Z] [INFO] TRADE → BTCUSDT | price=63806.34000000 | qty=0.00009000 | ts=1785845945092
[2026-08-04T12:19:05.216Z] [INFO] TRADE → BTCUSDT | price=63806.34000000 | qty=0.00009000 | ts=1785845945092
[2026-08-04T12:19:05.216Z] [INFO] TRADE → BTCUSDT | price=63806.34000000 | qty=0.00009000 | ts=1785845945092
[2026-08-04T12:19:05.217Z] [INFO] TRADE → BTCUSDT | price=63806.34000000 | qty=0.00008000 | ts=1785845945092
[2026-08-04T12:19:05.217Z] [INFO] TRADE → BTCUSDT | price=63806.34000000 | qty=0.00009000 | ts=1785845945092
[2026-08-04T12:19:05.217Z] [INFO] TRADE → BTCUSDT | price=63806.34000000 | qty=0.00009000 | ts=1785845945092
[2026-08-04T12:19:05.217Z] [INFO] TRADE → BTCUSDT | price=63806.34000000 | qty=0.00009000 | ts=1785845945092
[2026-08-04T12:19:05.217Z] [INFO] TRADE → BTCUSDT | price=63806.34000000 | qty=0.00009000 | ts=1785845945092
[2026-08-04T12:19:05.217Z] [INFO] TRADE → BTCUSDT | price=63806.34000000 | qty=0.00008000 | ts=1785845945092
[2026-08-04T12:19:05.218Z] [INFO] TRADE → BTCUSDT | price=63806.34000000 | qty=0.00008000 | ts=1785845945092
[2026-08-04T12:19:05.218Z] [INFO] TRADE → BTCUSDT | price=63806.33000000 | qty=0.00009000 | ts=1785845945092
[2026-08-04T12:19:05.218Z] [INFO] TRADE → BTCUSDT | price=63806.33000000 | qty=0.00009000 | ts=1785845945092
[2026-08-04T12:19:05.218Z] [INFO] TRADE → BTCUSDT | price=63806.33000000 | qty=0.00009000 | ts=1785845945092
[2026-08-04T12:19:05.218Z] [INFO] TRADE → BTCUSDT | price=63806.33000000 | qty=0.00009000 | ts=1785845945092
[2026-08-04T12:19:05.218Z] [INFO] TRADE → BTCUSDT | price=63806.33000000 | qty=0.00009000 | ts=1785845945092
[2026-08-04T12:19:05.218Z] [INFO] TRADE → BTCUSDT | price=63806.33000000 | qty=0.00009000 | ts=1785845945092
[2026-08-04T12:19:05.219Z] [INFO] TRADE → BTCUSDT | price=63806.33000000 | qty=0.00009000 | ts=1785845945092
[2026-08-04T12:19:05.219Z] [INFO] TRADE → BTCUSDT | price=63806.33000000 | qty=0.00009000 | ts=1785845945092
[2026-08-04T12:19:05.219Z] [INFO] TRADE → BTCUSDT | price=63806.33000000 | qty=0.00009000 | ts=1785845945092
[2026-08-04T12:19:05.219Z] [INFO] TRADE → BTCUSDT | price=63806.01000000 | qty=0.00009000 | ts=1785845945092
[2026-08-04T12:19:05.219Z] [INFO] TRADE → BTCUSDT | price=63806.01000000 | qty=0.00009000 | ts=1785845945092
[2026-08-04T12:19:05.219Z] [INFO] TRADE → BTCUSDT | price=63806.01000000 | qty=0.00009000 | ts=1785845945092
[2026-08-04T12:19:05.361Z] [INFO] TRADE → BTCUSDT | price=63806.01000000 | qty=0.00638000 | ts=1785845945248
[2026-08-04T12:19:05.453Z] [INFO] TRADE → BTCUSDT | price=63806.00000000 | qty=0.00086000 | ts=1785845945339
[2026-08-04T12:19:06.171Z] [INFO] TRADE → BTCUSDT | price=63806.00000000 | qty=0.00514000 | ts=1785845946056
[2026-08-04T12:19:06.171Z] [INFO] TRADE → BTCUSDT | price=63806.00000000 | qty=0.00800000 | ts=1785845946056
[2026-08-04T12:19:06.171Z] [INFO] TRADE → BTCUSDT | price=63806.00000000 | qty=0.00600000 | ts=1785845946056
[2026-08-04T12:19:06.171Z] [INFO] TRADE → BTCUSDT | price=63806.00000000 | qty=0.00500000 | ts=1785845946056
[2026-08-04T12:19:06.171Z] [INFO] TRADE → BTCUSDT | price=63806.00000000 | qty=0.32696000 | ts=1785845946056
[2026-08-04T12:19:06.262Z] [INFO] TRADE → ETHUSDT | price=1868.69000000 | qty=0.00240000 | ts=1785845946144
[2026-08-04T12:19:06.262Z] [INFO] TRADE → ETHUSDT | price=1868.69000000 | qty=0.00280000 | ts=1785845946144
[2026-08-04T12:19:06.262Z] [INFO] TRADE → ETHUSDT | price=1868.69000000 | qty=0.00270000 | ts=1785845946144
[2026-08-04T12:19:06.263Z] [INFO] TRADE → ETHUSDT | price=1868.69000000 | qty=0.00270000 | ts=1785845946144
[2026-08-04T12:19:06.263Z] [INFO] TRADE → ETHUSDT | price=1868.69000000 | qty=0.00270000 | ts=1785845946144
[2026-08-04T12:19:06.263Z] [INFO] TRADE → ETHUSDT | price=1868.69000000 | qty=0.00270000 | ts=1785845946144
[2026-08-04T12:19:06.263Z] [INFO] TRADE → ETHUSDT | price=1868.69000000 | qty=0.00270000 | ts=1785845946144
[2026-08-04T12:19:06.263Z] [INFO] TRADE → ETHUSDT | price=1868.69000000 | qty=0.00280000 | ts=1785845946144
[2026-08-04T12:19:06.264Z] [INFO] TRADE → ETHUSDT | price=1868.69000000 | qty=0.41240000 | ts=1785845946144
[2026-08-04T12:19:06.264Z] [INFO] TRADE → ETHUSDT | price=1868.69000000 | qty=3.11100000 | ts=1785845946144
[2026-08-04T12:19:06.264Z] [INFO] TRADE → ETHUSDT | price=1868.69000000 | qty=0.00280000 | ts=1785845946144
[2026-08-04T12:19:06.264Z] [INFO] TRADE → ETHUSDT | price=1868.69000000 | qty=0.00280000 | ts=1785845946144
[2026-08-04T12:19:06.264Z] [INFO] TRADE → ETHUSDT | price=1868.69000000 | qty=0.00280000 | ts=1785845946144
[2026-08-04T12:19:06.265Z] [INFO] TRADE → ETHUSDT | price=1868.69000000 | qty=0.00540000 | ts=1785845946144
[2026-08-04T12:19:06.265Z] [INFO] TRADE → ETHUSDT | price=1868.69000000 | qty=0.00280000 | ts=1785845946144
[2026-08-04T12:19:06.265Z] [INFO] TRADE → ETHUSDT | price=1868.69000000 | qty=0.00280000 | ts=1785845946144
[2026-08-04T12:19:06.265Z] [INFO] TRADE → ETHUSDT | price=1868.69000000 | qty=0.00270000 | ts=1785845946144
[2026-08-04T12:19:06.265Z] [INFO] TRADE → ETHUSDT | price=1868.69000000 | qty=0.00270000 | ts=1785845946144
[2026-08-04T12:19:06.266Z] [INFO] TRADE → ETHUSDT | price=1868.69000000 | qty=0.00270000 | ts=1785845946144
[2026-08-04T12:19:06.266Z] [INFO] TRADE → ETHUSDT | price=1868.69000000 | qty=0.00270000 | ts=1785845946144
[2026-08-04T12:19:06.266Z] [INFO] TRADE → ETHUSDT | price=1868.69000000 | qty=0.00270000 | ts=1785845946144
[2026-08-04T12:19:06.266Z] [INFO] TRADE → ETHUSDT | price=1868.69000000 | qty=0.00270000 | ts=1785845946144
[2026-08-04T12:19:06.266Z] [INFO] TRADE → ETHUSDT | price=1868.69000000 | qty=0.00270000 | ts=1785845946144
[2026-08-04T12:19:06.266Z] [INFO] TRADE → ETHUSDT | price=1868.69000000 | qty=0.00270000 | ts=1785845946144
[2026-08-04T12:19:06.267Z] [INFO] TRADE → ETHUSDT | price=1868.69000000 | qty=0.00270000 | ts=1785845946144
[2026-08-04T12:19:06.267Z] [INFO] TRADE → ETHUSDT | price=1868.69000000 | qty=0.00270000 | ts=1785845946144
[2026-08-04T12:19:06.267Z] [INFO] TRADE → ETHUSDT | price=1868.69000000 | qty=0.00270000 | ts=1785845946144
[2026-08-04T12:19:06.267Z] [INFO] TRADE → ETHUSDT | price=1868.69000000 | qty=0.00270000 | ts=1785845946144
[2026-08-04T12:19:06.267Z] [INFO] TRADE → ETHUSDT | price=1868.68000000 | qty=0.00280000 | ts=1785845946144
[2026-08-04T12:19:06.268Z] [INFO] TRADE → ETHUSDT | price=1868.68000000 | qty=0.00280000 | ts=1785845946144
[2026-08-04T12:19:06.268Z] [INFO] TRADE → ETHUSDT | price=1868.68000000 | qty=0.00280000 | ts=1785845946144
[2026-08-04T12:19:06.268Z] [INFO] TRADE → ETHUSDT | price=1868.68000000 | qty=0.00280000 | ts=1785845946144
[2026-08-04T12:19:06.268Z] [INFO] TRADE → ETHUSDT | price=1868.68000000 | qty=0.00540000 | ts=1785845946144
[2026-08-04T12:19:06.268Z] [INFO] TRADE → ETHUSDT | price=1868.68000000 | qty=0.00280000 | ts=1785845946144
[2026-08-04T12:19:06.269Z] [INFO] TRADE → ETHUSDT | price=1868.67000000 | qty=0.00270000 | ts=1785845946144
[2026-08-04T12:19:06.269Z] [INFO] TRADE → ETHUSDT | price=1868.67000000 | qty=0.00290000 | ts=1785845946144
[2026-08-04T12:19:06.269Z] [INFO] TRADE → ETHUSDT | price=1868.67000000 | qty=0.00290000 | ts=1785845946144
[2026-08-04T12:19:06.270Z] [INFO] TRADE → ETHUSDT | price=1868.67000000 | qty=0.00280000 | ts=1785845946144
[2026-08-04T12:19:06.270Z] [INFO] TRADE → ETHUSDT | price=1868.67000000 | qty=0.00280000 | ts=1785845946144
[2026-08-04T12:19:06.270Z] [INFO] TRADE → ETHUSDT | price=1868.67000000 | qty=0.00540000 | ts=1785845946144
[2026-08-04T12:19:06.270Z] [INFO] TRADE → ETHUSDT | price=1868.67000000 | qty=0.00290000 | ts=1785845946144
[2026-08-04T12:19:06.270Z] [INFO] TRADE → ETHUSDT | price=1868.66000000 | qty=0.12190000 | ts=1785845946150
[2026-08-04T12:19:06.270Z] [INFO] TRADE → ETHUSDT | price=1868.66000000 | qty=0.00280000 | ts=1785845946150
[2026-08-04T12:19:06.271Z] [INFO] TRADE → ETHUSDT | price=1868.66000000 | qty=0.00280000 | ts=1785845946150
[2026-08-04T12:19:06.271Z] [INFO] TRADE → ETHUSDT | price=1868.66000000 | qty=0.00280000 | ts=1785845946150
[2026-08-04T12:19:06.272Z] [INFO] TRADE → ETHUSDT | price=1868.66000000 | qty=0.00270000 | ts=1785845946150
[2026-08-04T12:19:06.272Z] [INFO] TRADE → ETHUSDT | price=1868.66000000 | qty=0.00280000 | ts=1785845946150
[2026-08-04T12:19:06.272Z] [INFO] TRADE → ETHUSDT | price=1868.66000000 | qty=0.00270000 | ts=1785845946150
[2026-08-04T12:19:06.272Z] [INFO] TRADE → ETHUSDT | price=1868.66000000 | qty=0.00280000 | ts=1785845946150
[2026-08-04T12:19:06.272Z] [INFO] TRADE → ETHUSDT | price=1868.66000000 | qty=0.00280000 | ts=1785845946150
[2026-08-04T12:19:06.273Z] [INFO] TRADE → ETHUSDT | price=1868.66000000 | qty=0.00280000 | ts=1785845946150
[2026-08-04T12:19:06.273Z] [INFO] TRADE → ETHUSDT | price=1868.66000000 | qty=0.00280000 | ts=1785845946150
[2026-08-04T12:19:06.273Z] [INFO] TRADE → ETHUSDT | price=1868.66000000 | qty=0.00280000 | ts=1785845946150
[2026-08-04T12:19:06.273Z] [INFO] TRADE → ETHUSDT | price=1868.66000000 | qty=0.00280000 | ts=1785845946150
[2026-08-04T12:19:06.273Z] [INFO] TRADE → ETHUSDT | price=1868.66000000 | qty=0.00270000 | ts=1785845946150
[2026-08-04T12:19:06.274Z] [INFO] TRADE → ETHUSDT | price=1868.65000000 | qty=0.00270000 | ts=1785845946150
[2026-08-04T12:19:06.274Z] [INFO] TRADE → ETHUSDT | price=1868.65000000 | qty=0.00280000 | ts=1785845946150
[2026-08-04T12:19:06.274Z] [INFO] TRADE → ETHUSDT | price=1868.65000000 | qty=0.00280000 | ts=1785845946150
[2026-08-04T12:19:06.274Z] [INFO] TRADE → ETHUSDT | price=1868.65000000 | qty=0.00280000 | ts=1785845946150
[2026-08-04T12:19:06.274Z] [INFO] TRADE → ETHUSDT | price=1868.65000000 | qty=0.00280000 | ts=1785845946150
[2026-08-04T12:19:06.274Z] [INFO] TRADE → ETHUSDT | price=1868.65000000 | qty=0.00270000 | ts=1785845946150
[2026-08-04T12:19:06.275Z] [INFO] TRADE → ETHUSDT | price=1868.65000000 | qty=0.00270000 | ts=1785845946150
[2026-08-04T12:19:06.275Z] [INFO] TRADE → ETHUSDT | price=1868.65000000 | qty=0.00270000 | ts=1785845946150
[2026-08-04T12:19:06.275Z] [INFO] TRADE → ETHUSDT | price=1868.65000000 | qty=0.00270000 | ts=1785845946150
[2026-08-04T12:19:06.275Z] [INFO] TRADE → ETHUSDT | price=1868.64000000 | qty=0.00270000 | ts=1785845946150
[2026-08-04T12:19:06.275Z] [INFO] TRADE → ETHUSDT | price=1868.64000000 | qty=0.00280000 | ts=1785845946150
[2026-08-04T12:19:06.275Z] [INFO] TRADE → ETHUSDT | price=1868.64000000 | qty=0.00270000 | ts=1785845946150
[2026-08-04T12:19:06.275Z] [INFO] TRADE → ETHUSDT | price=1868.64000000 | qty=0.00270000 | ts=1785845946150
[2026-08-04T12:19:06.276Z] [INFO] TRADE → ETHUSDT | price=1868.64000000 | qty=0.00270000 | ts=1785845946150
[2026-08-04T12:19:06.276Z] [INFO] TRADE → ETHUSDT | price=1868.64000000 | qty=0.00270000 | ts=1785845946150
[2026-08-04T12:19:06.276Z] [INFO] TRADE → ETHUSDT | price=1868.63000000 | qty=0.00270000 | ts=1785845946150
[2026-08-04T12:19:06.276Z] [INFO] TRADE → ETHUSDT | price=1868.63000000 | qty=0.00280000 | ts=1785845946150
[2026-08-04T12:19:06.276Z] [INFO] TRADE → ETHUSDT | price=1868.63000000 | qty=0.00270000 | ts=1785845946150
[2026-08-04T12:19:06.276Z] [INFO] TRADE → ETHUSDT | price=1868.63000000 | qty=0.00270000 | ts=1785845946150
[2026-08-04T12:19:06.276Z] [INFO] TRADE → ETHUSDT | price=1868.63000000 | qty=0.00270000 | ts=1785845946150
[2026-08-04T12:19:06.277Z] [INFO] TRADE → ETHUSDT | price=1868.63000000 | qty=0.00270000 | ts=1785845946150
[2026-08-04T12:19:06.277Z] [INFO] TRADE → ETHUSDT | price=1868.62000000 | qty=0.00270000 | ts=1785845946150
[2026-08-04T12:19:06.277Z] [INFO] TRADE → ETHUSDT | price=1868.62000000 | qty=0.00280000 | ts=1785845946150
[2026-08-04T12:19:06.277Z] [INFO] TRADE → ETHUSDT | price=1868.62000000 | qty=0.00270000 | ts=1785845946150
[2026-08-04T12:19:06.277Z] [INFO] TRADE → ETHUSDT | price=1868.62000000 | qty=0.00270000 | ts=1785845946150
[2026-08-04T12:19:06.277Z] [INFO] TRADE → ETHUSDT | price=1868.62000000 | qty=0.00270000 | ts=1785845946150
[2026-08-04T12:19:06.278Z] [INFO] TRADE → ETHUSDT | price=1868.62000000 | qty=0.00270000 | ts=1785845946150
[2026-08-04T12:19:06.278Z] [INFO] TRADE → ETHUSDT | price=1868.61000000 | qty=0.00270000 | ts=1785845946150
[2026-08-04T12:19:06.278Z] [INFO] TRADE → ETHUSDT | price=1868.61000000 | qty=0.00280000 | ts=1785845946150
[2026-08-04T12:19:06.278Z] [INFO] TRADE → ETHUSDT | price=1868.61000000 | qty=0.00290000 | ts=1785845946150
[2026-08-04T12:19:06.278Z] [INFO] TRADE → ETHUSDT | price=1868.61000000 | qty=0.00270000 | ts=1785845946150
[2026-08-04T12:19:06.279Z] [INFO] TRADE → ETHUSDT | price=1868.61000000 | qty=0.00290000 | ts=1785845946150
[2026-08-04T12:19:06.279Z] [INFO] TRADE → ETHUSDT | price=1868.61000000 | qty=0.00270000 | ts=1785845946150
[2026-08-04T12:19:06.279Z] [INFO] TRADE → ETHUSDT | price=1868.61000000 | qty=0.00270000 | ts=1785845946150
[2026-08-04T12:19:06.279Z] [INFO] TRADE → ETHUSDT | price=1868.61000000 | qty=0.00290000 | ts=1785845946150
[2026-08-04T12:19:06.279Z] [INFO] TRADE → ETHUSDT | price=1868.61000000 | qty=0.00270000 | ts=1785845946150
[2026-08-04T12:19:06.279Z] [INFO] TRADE → ETHUSDT | price=1868.61000000 | qty=0.00270000 | ts=1785845946150
[2026-08-04T12:19:06.280Z] [INFO] TRADE → ETHUSDT | price=1868.61000000 | qty=0.00270000 | ts=1785845946150
[2026-08-04T12:19:06.280Z] [INFO] TRADE → ETHUSDT | price=1868.60000000 | qty=0.00300000 | ts=1785845946156
[2026-08-04T12:19:06.280Z] [INFO] TRADE → ETHUSDT | price=1868.60000000 | qty=0.00280000 | ts=1785845946156
[2026-08-04T12:19:06.280Z] [INFO] TRADE → ETHUSDT | price=1868.60000000 | qty=0.00280000 | ts=1785845946156
[2026-08-04T12:19:06.280Z] [INFO] TRADE → ETHUSDT | price=1868.60000000 | qty=0.00280000 | ts=1785845946156
[2026-08-04T12:19:06.280Z] [INFO] TRADE → ETHUSDT | price=1868.60000000 | qty=0.00280000 | ts=1785845946156
[2026-08-04T12:19:06.281Z] [INFO] TRADE → ETHUSDT | price=1868.60000000 | qty=0.02170000 | ts=1785845946156
[2026-08-04T12:19:06.281Z] [INFO] TRADE → ETHUSDT | price=1868.60000000 | qty=0.00270000 | ts=1785845946156
[2026-08-04T12:19:06.281Z] [INFO] TRADE → ETHUSDT | price=1868.60000000 | qty=0.00280000 | ts=1785845946156
[2026-08-04T12:19:06.281Z] [INFO] TRADE → ETHUSDT | price=1868.60000000 | qty=0.00280000 | ts=1785845946156
[2026-08-04T12:19:06.281Z] [INFO] TRADE → ETHUSDT | price=1868.60000000 | qty=0.00280000 | ts=1785845946156
[2026-08-04T12:19:06.281Z] [INFO] TRADE → ETHUSDT | price=1868.60000000 | qty=0.00270000 | ts=1785845946156
[2026-08-04T12:19:06.281Z] [INFO] TRADE → ETHUSDT | price=1868.60000000 | qty=0.00270000 | ts=1785845946156
[2026-08-04T12:19:06.282Z] [INFO] TRADE → ETHUSDT | price=1868.60000000 | qty=0.00280000 | ts=1785845946156
[2026-08-04T12:19:06.282Z] [INFO] TRADE → ETHUSDT | price=1868.60000000 | qty=0.00280000 | ts=1785845946156
[2026-08-04T12:19:06.282Z] [INFO] TRADE → ETHUSDT | price=1868.60000000 | qty=0.00270000 | ts=1785845946156
[2026-08-04T12:19:06.282Z] [INFO] TRADE → ETHUSDT | price=1868.60000000 | qty=0.00270000 | ts=1785845946156
[2026-08-04T12:19:06.282Z] [INFO] TRADE → ETHUSDT | price=1868.59000000 | qty=0.00290000 | ts=1785845946156
[2026-08-04T12:19:06.283Z] [INFO] TRADE → ETHUSDT | price=1868.59000000 | qty=0.00290000 | ts=1785845946156
[2026-08-04T12:19:06.283Z] [INFO] TRADE → ETHUSDT | price=1868.59000000 | qty=0.00280000 | ts=1785845946156
[2026-08-04T12:19:06.283Z] [INFO] TRADE → ETHUSDT | price=1868.59000000 | qty=0.00280000 | ts=1785845946156
[2026-08-04T12:19:06.283Z] [INFO] TRADE → ETHUSDT | price=1868.59000000 | qty=0.00280000 | ts=1785845946156
[2026-08-04T12:19:06.283Z] [INFO] TRADE → ETHUSDT | price=1868.59000000 | qty=0.00280000 | ts=1785845946156
[2026-08-04T12:19:06.283Z] [INFO] TRADE → ETHUSDT | price=1868.59000000 | qty=0.00290000 | ts=1785845946156
[2026-08-04T12:19:06.284Z] [INFO] TRADE → ETHUSDT | price=1868.58000000 | qty=0.00270000 | ts=1785845946156
[2026-08-04T12:19:06.284Z] [INFO] TRADE → ETHUSDT | price=1868.58000000 | qty=0.00270000 | ts=1785845946156
[2026-08-04T12:19:06.284Z] [INFO] TRADE → ETHUSDT | price=1868.58000000 | qty=0.00290000 | ts=1785845946156
[2026-08-04T12:19:06.284Z] [INFO] TRADE → ETHUSDT | price=1868.58000000 | qty=0.00290000 | ts=1785845946156
[2026-08-04T12:19:06.284Z] [INFO] TRADE → ETHUSDT | price=1868.58000000 | qty=0.00280000 | ts=1785845946156
[2026-08-04T12:19:06.284Z] [INFO] TRADE → ETHUSDT | price=1868.58000000 | qty=0.04700000 | ts=1785845946156
[2026-08-04T12:19:06.285Z] [INFO] TRADE → ETHUSDT | price=1868.58000000 | qty=0.00270000 | ts=1785845946156
[2026-08-04T12:19:06.285Z] [INFO] TRADE → ETHUSDT | price=1868.58000000 | qty=0.00290000 | ts=1785845946156
[2026-08-04T12:19:06.285Z] [INFO] TRADE → ETHUSDT | price=1868.58000000 | qty=0.00270000 | ts=1785845946156
[2026-08-04T12:19:06.285Z] [INFO] TRADE → ETHUSDT | price=1868.58000000 | qty=0.00270000 | ts=1785845946156
[2026-08-04T12:19:06.285Z] [INFO] TRADE → ETHUSDT | price=1868.58000000 | qty=0.00270000 | ts=1785845946156
[2026-08-04T12:19:06.413Z] [INFO] TRADE → ETHUSDT | price=1868.58000000 | qty=1.52450000 | ts=1785845946297
[2026-08-04T12:19:06.722Z] [INFO] TRADE → ETHUSDT | price=1868.58000000 | qty=0.57290000 | ts=1785845946606
[2026-08-04T12:19:07.168Z] [INFO] TRADE → BTCUSDT | price=63806.00000000 | qty=0.00008000 | ts=1785845947052
[2026-08-04T12:19:07.168Z] [INFO] TRADE → BTCUSDT | price=63806.00000000 | qty=0.00008000 | ts=1785845947052
[2026-08-04T12:19:07.169Z] [INFO] TRADE → BTCUSDT | price=63806.00000000 | qty=0.00009000 | ts=1785845947052
[2026-08-04T12:19:07.169Z] [INFO] TRADE → BTCUSDT | price=63806.00000000 | qty=0.00008000 | ts=1785845947052
[2026-08-04T12:19:07.169Z] [INFO] TRADE → BTCUSDT | price=63806.00000000 | qty=0.00009000 | ts=1785845947052
[2026-08-04T12:19:07.169Z] [INFO] TRADE → BTCUSDT | price=63806.00000000 | qty=0.00009000 | ts=1785845947052
[2026-08-04T12:19:07.170Z] [INFO] TRADE → BTCUSDT | price=63806.00000000 | qty=0.00009000 | ts=1785845947052
[2026-08-04T12:19:07.170Z] [INFO] TRADE → BTCUSDT | price=63806.00000000 | qty=0.00009000 | ts=1785845947052
[2026-08-04T12:19:07.170Z] [INFO] TRADE → BTCUSDT | price=63806.00000000 | qty=0.00009000 | ts=1785845947052
[2026-08-04T12:19:07.170Z] [INFO] TRADE → BTCUSDT | price=63806.00000000 | qty=0.00009000 | ts=1785845947052
[2026-08-04T12:19:07.171Z] [INFO] TRADE → BTCUSDT | price=63806.00000000 | qty=0.00009000 | ts=1785845947052
[2026-08-04T12:19:07.171Z] [INFO] TRADE → BTCUSDT | price=63806.00000000 | qty=0.00009000 | ts=1785845947052
[2026-08-04T12:19:07.171Z] [INFO] TRADE → BTCUSDT | price=63806.00000000 | qty=0.00009000 | ts=1785845947052
[2026-08-04T12:19:07.171Z] [INFO] TRADE → BTCUSDT | price=63806.00000000 | qty=0.00009000 | ts=1785845947052
[2026-08-04T12:19:07.172Z] [INFO] TRADE → BTCUSDT | price=63806.00000000 | qty=0.00009000 | ts=1785845947052
[2026-08-04T12:19:07.172Z] [INFO] TRADE → BTCUSDT | price=63806.00000000 | qty=0.00009000 | ts=1785845947052
[2026-08-04T12:19:07.172Z] [INFO] TRADE → BTCUSDT | price=63806.00000000 | qty=0.00008000 | ts=1785845947052
[2026-08-04T12:19:07.172Z] [INFO] TRADE → BTCUSDT | price=63806.00000000 | qty=0.01446000 | ts=1785845947052
[2026-08-04T12:19:07.172Z] [INFO] TRADE → BTCUSDT | price=63806.00000000 | qty=0.00009000 | ts=1785845947052
[2026-08-04T12:19:07.173Z] [INFO] TRADE → BTCUSDT | price=63806.00000000 | qty=0.00009000 | ts=1785845947052
[2026-08-04T12:19:07.173Z] [INFO] TRADE → BTCUSDT | price=63806.00000000 | qty=0.00009000 | ts=1785845947052
[2026-08-04T12:19:07.173Z] [INFO] TRADE → BTCUSDT | price=63806.00000000 | qty=0.00009000 | ts=1785845947052
[2026-08-04T12:19:07.174Z] [INFO] TRADE → BTCUSDT | price=63806.00000000 | qty=0.00009000 | ts=1785845947052
[2026-08-04T12:19:07.174Z] [INFO] TRADE → BTCUSDT | price=63806.00000000 | qty=0.00008000 | ts=1785845947052
[2026-08-04T12:19:07.174Z] [INFO] TRADE → BTCUSDT | price=63806.00000000 | qty=0.00009000 | ts=1785845947052
[2026-08-04T12:19:07.175Z] [INFO] TRADE → BTCUSDT | price=63806.00000000 | qty=0.00009000 | ts=1785845947052
[2026-08-04T12:19:07.175Z] [INFO] TRADE → BTCUSDT | price=63806.00000000 | qty=0.00300000 | ts=1785845947052
[2026-08-04T12:19:07.175Z] [INFO] TRADE → BTCUSDT | price=63806.00000000 | qty=0.00300000 | ts=1785845947052
[2026-08-04T12:19:07.175Z] [INFO] TRADE → BTCUSDT | price=63806.00000000 | qty=0.00009000 | ts=1785845947052
[2026-08-04T12:19:07.176Z] [INFO] TRADE → BTCUSDT | price=63806.00000000 | qty=0.00010000 | ts=1785845947052
[2026-08-04T12:19:07.176Z] [INFO] TRADE → BTCUSDT | price=63806.00000000 | qty=0.00009000 | ts=1785845947052
[2026-08-04T12:19:07.176Z] [INFO] TRADE → BTCUSDT | price=63806.00000000 | qty=0.00009000 | ts=1785845947052
[2026-08-04T12:19:07.176Z] [INFO] TRADE → BTCUSDT | price=63806.00000000 | qty=0.00009000 | ts=1785845947052
[2026-08-04T12:19:07.177Z] [INFO] TRADE → BTCUSDT | price=63806.00000000 | qty=0.00009000 | ts=1785845947052
[2026-08-04T12:19:07.177Z] [INFO] TRADE → BTCUSDT | price=63806.00000000 | qty=0.15890000 | ts=1785845947052
[2026-08-04T12:19:07.178Z] [INFO] TRADE → BTCUSDT | price=63806.00000000 | qty=0.00009000 | ts=1785845947052
[2026-08-04T12:19:07.178Z] [INFO] TRADE → BTCUSDT | price=63806.00000000 | qty=0.00009000 | ts=1785845947052
[2026-08-04T12:19:07.179Z] [INFO] TRADE → BTCUSDT | price=63806.00000000 | qty=0.00016000 | ts=1785845947052
[2026-08-04T12:19:07.179Z] [INFO] TRADE → BTCUSDT | price=63806.00000000 | qty=0.00008000 | ts=1785845947052
[2026-08-04T12:19:07.180Z] [INFO] TRADE → BTCUSDT | price=63806.00000000 | qty=0.00008000 | ts=1785845947052
[2026-08-04T12:19:07.180Z] [INFO] TRADE → BTCUSDT | price=63806.00000000 | qty=0.00008000 | ts=1785845947052
[2026-08-04T12:19:07.180Z] [INFO] TRADE → BTCUSDT | price=63806.00000000 | qty=0.00008000 | ts=1785845947052
[2026-08-04T12:19:07.180Z] [INFO] TRADE → BTCUSDT | price=63806.00000000 | qty=0.00008000 | ts=1785845947052
[2026-08-04T12:19:07.181Z] [INFO] TRADE → BTCUSDT | price=63806.00000000 | qty=0.00008000 | ts=1785845947052
[2026-08-04T12:19:07.181Z] [INFO] TRADE → BTCUSDT | price=63806.00000000 | qty=0.00008000 | ts=1785845947052
[2026-08-04T12:19:07.181Z] [INFO] TRADE → BTCUSDT | price=63806.00000000 | qty=0.00008000 | ts=1785845947052
[2026-08-04T12:19:07.182Z] [INFO] TRADE → BTCUSDT | price=63806.00000000 | qty=0.00008000 | ts=1785845947052
[2026-08-04T12:19:07.182Z] [INFO] TRADE → BTCUSDT | price=63806.00000000 | qty=0.00008000 | ts=1785845947052
[2026-08-04T12:19:07.182Z] [INFO] TRADE → BTCUSDT | price=63806.00000000 | qty=0.00008000 | ts=1785845947052
[2026-08-04T12:19:07.182Z] [INFO] TRADE → BTCUSDT | price=63806.00000000 | qty=0.00008000 | ts=1785845947052
[2026-08-04T12:19:07.197Z] [INFO] TRADE → BTCUSDT | price=63805.99000000 | qty=0.00009000 | ts=1785845947082
[2026-08-04T12:19:07.198Z] [INFO] TRADE → BTCUSDT | price=63805.99000000 | qty=0.00009000 | ts=1785845947082
[2026-08-04T12:19:07.198Z] [INFO] TRADE → BTCUSDT | price=63805.99000000 | qty=0.00009000 | ts=1785845947082
[2026-08-04T12:19:07.198Z] [INFO] TRADE → BTCUSDT | price=63805.99000000 | qty=0.00009000 | ts=1785845947082
[2026-08-04T12:19:07.199Z] [INFO] TRADE → BTCUSDT | price=63805.99000000 | qty=0.00009000 | ts=1785845947082
[2026-08-04T12:19:07.199Z] [INFO] TRADE → BTCUSDT | price=63805.99000000 | qty=0.00009000 | ts=1785845947082
[2026-08-04T12:19:07.199Z] [INFO] TRADE → BTCUSDT | price=63805.99000000 | qty=0.00009000 | ts=1785845947082
[2026-08-04T12:19:07.199Z] [INFO] TRADE → BTCUSDT | price=63805.99000000 | qty=0.00009000 | ts=1785845947082
[2026-08-04T12:19:07.199Z] [INFO] TRADE → BTCUSDT | price=63805.99000000 | qty=0.00016000 | ts=1785845947082
[2026-08-04T12:19:07.200Z] [INFO] TRADE → BTCUSDT | price=63805.99000000 | qty=0.00008000 | ts=1785845947082
[2026-08-04T12:19:07.200Z] [INFO] TRADE → BTCUSDT | price=63805.99000000 | qty=0.00009000 | ts=1785845947082
[2026-08-04T12:19:07.200Z] [INFO] TRADE → BTCUSDT | price=63805.99000000 | qty=0.00009000 | ts=1785845947082
[2026-08-04T12:19:07.200Z] [INFO] TRADE → BTCUSDT | price=63805.99000000 | qty=0.00009000 | ts=1785845947082
[2026-08-04T12:19:07.201Z] [INFO] TRADE → BTCUSDT | price=63805.99000000 | qty=0.00009000 | ts=1785845947082
[2026-08-04T12:19:07.201Z] [INFO] TRADE → BTCUSDT | price=63805.99000000 | qty=0.00121000 | ts=1785845947082
[2026-08-04T12:19:07.202Z] [INFO] TRADE → BTCUSDT | price=63805.99000000 | qty=0.00009000 | ts=1785845947085
[2026-08-04T12:19:07.202Z] [INFO] TRADE → BTCUSDT | price=63805.99000000 | qty=0.00008000 | ts=1785845947085
[2026-08-04T12:19:07.203Z] [INFO] TRADE → BTCUSDT | price=63805.99000000 | qty=0.00008000 | ts=1785845947085
[2026-08-04T12:19:07.203Z] [INFO] TRADE → BTCUSDT | price=63805.99000000 | qty=0.00009000 | ts=1785845947085
[2026-08-04T12:19:07.203Z] [INFO] TRADE → BTCUSDT | price=63805.99000000 | qty=0.00009000 | ts=1785845947085
[2026-08-04T12:19:07.204Z] [INFO] TRADE → BTCUSDT | price=63805.99000000 | qty=0.00009000 | ts=1785845947085
[2026-08-04T12:19:07.204Z] [INFO] TRADE → BTCUSDT | price=63805.99000000 | qty=0.00009000 | ts=1785845947085
[2026-08-04T12:19:07.204Z] [INFO] TRADE → BTCUSDT | price=63805.99000000 | qty=0.00009000 | ts=1785845947085
[2026-08-04T12:19:07.204Z] [INFO] TRADE → BTCUSDT | price=63805.99000000 | qty=0.00009000 | ts=1785845947085
[2026-08-04T12:19:07.205Z] [INFO] TRADE → BTCUSDT | price=63805.99000000 | qty=0.00009000 | ts=1785845947085
[2026-08-04T12:19:07.205Z] [INFO] TRADE → BTCUSDT | price=63805.99000000 | qty=0.00009000 | ts=1785845947085
[2026-08-04T12:19:07.205Z] [INFO] TRADE → BTCUSDT | price=63805.99000000 | qty=0.00009000 | ts=1785845947085
[2026-08-04T12:19:07.206Z] [INFO] TRADE → BTCUSDT | price=63805.99000000 | qty=0.00009000 | ts=1785845947085
[2026-08-04T12:19:07.206Z] [INFO] TRADE → BTCUSDT | price=63805.99000000 | qty=0.00009000 | ts=1785845947085
[2026-08-04T12:19:07.207Z] [INFO] TRADE → BTCUSDT | price=63805.99000000 | qty=0.00008000 | ts=1785845947085
[2026-08-04T12:19:07.207Z] [INFO] TRADE → BTCUSDT | price=63805.99000000 | qty=0.00009000 | ts=1785845947085
[2026-08-04T12:19:07.207Z] [INFO] TRADE → BTCUSDT | price=63805.99000000 | qty=0.00009000 | ts=1785845947085
[2026-08-04T12:19:07.208Z] [INFO] TRADE → BTCUSDT | price=63805.99000000 | qty=0.00009000 | ts=1785845947085
[2026-08-04T12:19:07.208Z] [INFO] TRADE → BTCUSDT | price=63805.99000000 | qty=0.00009000 | ts=1785845947085
[2026-08-04T12:19:07.208Z] [INFO] TRADE → BTCUSDT | price=63805.99000000 | qty=0.00008000 | ts=1785845947085
[2026-08-04T12:19:07.209Z] [INFO] TRADE → BTCUSDT | price=63805.99000000 | qty=0.00009000 | ts=1785845947085
[2026-08-04T12:19:07.209Z] [INFO] TRADE → BTCUSDT | price=63805.99000000 | qty=0.00009000 | ts=1785845947085
[2026-08-04T12:19:07.209Z] [INFO] TRADE → BTCUSDT | price=63805.99000000 | qty=0.00009000 | ts=1785845947085
[2026-08-04T12:19:07.210Z] [INFO] TRADE → BTCUSDT | price=63805.99000000 | qty=0.00009000 | ts=1785845947085
[2026-08-04T12:19:07.210Z] [INFO] TRADE → BTCUSDT | price=63805.99000000 | qty=0.00008000 | ts=1785845947085
[2026-08-04T12:19:07.210Z] [INFO] TRADE → BTCUSDT | price=63805.98000000 | qty=0.00016000 | ts=1785845947085
[2026-08-04T12:19:07.210Z] [INFO] TRADE → BTCUSDT | price=63805.98000000 | qty=0.00009000 | ts=1785845947085
[2026-08-04T12:19:07.210Z] [INFO] TRADE → BTCUSDT | price=63805.98000000 | qty=0.00009000 | ts=1785845947085
[2026-08-04T12:19:07.211Z] [INFO] TRADE → BTCUSDT | price=63805.98000000 | qty=0.00009000 | ts=1785845947085
[2026-08-04T12:19:07.211Z] [INFO] TRADE → BTCUSDT | price=63805.98000000 | qty=0.00009000 | ts=1785845947085
[2026-08-04T12:19:07.211Z] [INFO] TRADE → BTCUSDT | price=63805.98000000 | qty=0.00009000 | ts=1785845947085
[2026-08-04T12:19:07.211Z] [INFO] TRADE → BTCUSDT | price=63805.98000000 | qty=0.00009000 | ts=1785845947085
[2026-08-04T12:19:07.212Z] [INFO] TRADE → BTCUSDT | price=63805.98000000 | qty=0.00009000 | ts=1785845947085
[2026-08-04T12:19:07.212Z] [INFO] TRADE → BTCUSDT | price=63805.98000000 | qty=0.00009000 | ts=1785845947085
[2026-08-04T12:19:07.212Z] [INFO] TRADE → BTCUSDT | price=63805.98000000 | qty=0.00009000 | ts=1785845947085
[2026-08-04T12:19:07.213Z] [INFO] TRADE → BTCUSDT | price=63805.98000000 | qty=0.00300000 | ts=1785845947085
[2026-08-04T12:19:07.213Z] [INFO] TRADE → BTCUSDT | price=63805.98000000 | qty=0.00300000 | ts=1785845947085
[2026-08-04T12:19:07.213Z] [INFO] TRADE → BTCUSDT | price=63805.98000000 | qty=0.00009000 | ts=1785845947085
[2026-08-04T12:19:07.213Z] [INFO] TRADE → BTCUSDT | price=63805.95000000 | qty=0.00270000 | ts=1785845947085
[2026-08-04T12:19:07.213Z] [INFO] TRADE → BTCUSDT | price=63805.84000000 | qty=0.00008000 | ts=1785845947085
[2026-08-04T12:19:07.214Z] [INFO] TRADE → BTCUSDT | price=63805.84000000 | qty=0.00008000 | ts=1785845947085
[2026-08-04T12:19:07.214Z] [INFO] TRADE → BTCUSDT | price=63805.84000000 | qty=0.00008000 | ts=1785845947085
[2026-08-04T12:19:07.214Z] [INFO] TRADE → BTCUSDT | price=63805.84000000 | qty=0.00008000 | ts=1785845947085
[2026-08-04T12:19:07.214Z] [INFO] TRADE → BTCUSDT | price=63805.84000000 | qty=0.00008000 | ts=1785845947085
[2026-08-04T12:19:07.214Z] [INFO] TRADE → BTCUSDT | price=63805.84000000 | qty=0.00008000 | ts=1785845947085
[2026-08-04T12:19:07.215Z] [INFO] TRADE → BTCUSDT | price=63805.75000000 | qty=0.01170000 | ts=1785845947085
[2026-08-04T12:19:07.215Z] [INFO] TRADE → BTCUSDT | price=63805.75000000 | qty=0.00009000 | ts=1785845947085
[2026-08-04T12:19:07.215Z] [INFO] TRADE → BTCUSDT | price=63805.75000000 | qty=0.00009000 | ts=1785845947085
[2026-08-04T12:19:07.215Z] [INFO] TRADE → BTCUSDT | price=63805.29000000 | qty=0.00024000 | ts=1785845947085
[2026-08-04T12:19:07.215Z] [INFO] TRADE → BTCUSDT | price=63805.26000000 | qty=0.00008000 | ts=1785845947085
[2026-08-04T12:19:07.215Z] [INFO] TRADE → BTCUSDT | price=63805.26000000 | qty=0.00008000 | ts=1785845947085
[2026-08-04T12:19:07.216Z] [INFO] TRADE → BTCUSDT | price=63804.92000000 | qty=0.00047000 | ts=1785845947085
[2026-08-04T12:19:07.216Z] [INFO] TRADE → BTCUSDT | price=63804.24000000 | qty=0.00008000 | ts=1785845947085
[2026-08-04T12:19:07.216Z] [INFO] TRADE → BTCUSDT | price=63804.24000000 | qty=0.00008000 | ts=1785845947085
[2026-08-04T12:19:07.216Z] [INFO] TRADE → BTCUSDT | price=63804.03000000 | qty=0.00008000 | ts=1785845947085
[2026-08-04T12:19:07.216Z] [INFO] TRADE → BTCUSDT | price=63804.01000000 | qty=0.00009000 | ts=1785845947085
[2026-08-04T12:19:07.217Z] [INFO] TRADE → BTCUSDT | price=63804.01000000 | qty=0.00009000 | ts=1785845947085
[2026-08-04T12:19:07.217Z] [INFO] TRADE → BTCUSDT | price=63804.01000000 | qty=0.00009000 | ts=1785845947085
[2026-08-04T12:19:07.217Z] [INFO] TRADE → BTCUSDT | price=63804.00000000 | qty=0.00500000 | ts=1785845947085
[2026-08-04T12:19:07.217Z] [INFO] TRADE → BTCUSDT | price=63804.00000000 | qty=0.00600000 | ts=1785845947085
[2026-08-04T12:19:07.217Z] [INFO] TRADE → BTCUSDT | price=63804.00000000 | qty=0.00800000 | ts=1785845947085
[2026-08-04T12:19:07.218Z] [INFO] TRADE → BTCUSDT | price=63804.00000000 | qty=0.00600000 | ts=1785845947085
[2026-08-04T12:19:07.218Z] [INFO] TRADE → BTCUSDT | price=63804.00000000 | qty=0.00031000 | ts=1785845947085
[2026-08-04T12:19:07.218Z] [INFO] TRADE → BTCUSDT | price=63804.00000000 | qty=0.00009000 | ts=1785845947085
[2026-08-04T12:19:07.218Z] [INFO] TRADE → BTCUSDT | price=63804.00000000 | qty=0.00009000 | ts=1785845947085
[2026-08-04T12:19:07.218Z] [INFO] TRADE → BTCUSDT | price=63803.65000000 | qty=0.00012000 | ts=1785845947085
[2026-08-04T12:19:07.219Z] [INFO] TRADE → BTCUSDT | price=63803.27000000 | qty=0.00009000 | ts=1785845947085
[2026-08-04T12:19:07.219Z] [INFO] TRADE → BTCUSDT | price=63803.27000000 | qty=0.00009000 | ts=1785845947085
[2026-08-04T12:19:07.219Z] [INFO] TRADE → BTCUSDT | price=63803.27000000 | qty=0.00009000 | ts=1785845947085
[2026-08-04T12:19:07.418Z] [INFO] TRADE → BTCUSDT | price=63803.27000000 | qty=0.00862000 | ts=1785845947304
[2026-08-04T12:19:07.419Z] [INFO] TRADE → BTCUSDT | price=63803.27000000 | qty=0.04063000 | ts=1785845947305
[2026-08-04T12:19:07.675Z] [INFO] TRADE → BTCUSDT | price=63803.26000000 | qty=0.00009000 | ts=1785845947561
[2026-08-04T12:19:07.676Z] [INFO] TRADE → BTCUSDT | price=63803.26000000 | qty=0.00009000 | ts=1785845947561
[2026-08-04T12:19:07.676Z] [INFO] TRADE → BTCUSDT | price=63803.26000000 | qty=0.01273000 | ts=1785845947561
[2026-08-04T12:19:07.987Z] [INFO] TRADE → BTCUSDT | price=63803.27000000 | qty=0.00078000 | ts=1785845947873
[2026-08-04T12:19:08.174Z] [INFO] TRADE → BTCUSDT | price=63803.26000000 | qty=0.35433000 | ts=1785845948058
[2026-08-04T12:19:08.355Z] [INFO] TRADE → BTCUSDT | price=63803.27000000 | qty=0.00216000 | ts=1785845948239
[2026-08-04T12:19:08.674Z] [INFO] TRADE → BTCUSDT | price=63803.26000000 | qty=0.00444000 | ts=1785845948555
[2026-08-04T12:19:08.808Z] [INFO] TRADE → ETHUSDT | price=1868.57000000 | qty=0.00270000 | ts=1785845948693
[2026-08-04T12:19:08.808Z] [INFO] TRADE → ETHUSDT | price=1868.57000000 | qty=0.00280000 | ts=1785845948693
[2026-08-04T12:19:08.809Z] [INFO] TRADE → ETHUSDT | price=1868.57000000 | qty=0.00270000 | ts=1785845948693
[2026-08-04T12:19:08.809Z] [INFO] TRADE → ETHUSDT | price=1868.57000000 | qty=0.00270000 | ts=1785845948693
[2026-08-04T12:19:08.809Z] [INFO] TRADE → ETHUSDT | price=1868.57000000 | qty=0.00280000 | ts=1785845948693
[2026-08-04T12:19:08.809Z] [INFO] TRADE → ETHUSDT | price=1868.57000000 | qty=0.00280000 | ts=1785845948693
[2026-08-04T12:19:08.810Z] [INFO] TRADE → ETHUSDT | price=1868.57000000 | qty=0.00280000 | ts=1785845948693
[2026-08-04T12:19:08.810Z] [INFO] TRADE → ETHUSDT | price=1868.57000000 | qty=0.00280000 | ts=1785845948693
[2026-08-04T12:19:08.810Z] [INFO] TRADE → ETHUSDT | price=1868.57000000 | qty=0.00280000 | ts=1785845948693
[2026-08-04T12:19:09.128Z] [INFO] TRADE → BTCUSDT | price=63803.26000000 | qty=0.00144000 | ts=1785845949014
[2026-08-04T12:19:09.166Z] [INFO] TRADE → BTCUSDT | price=63803.26000000 | qty=0.11168000 | ts=1785845949052
[2026-08-04T12:19:09.167Z] [INFO] TRADE → BTCUSDT | price=63803.26000000 | qty=0.00008000 | ts=1785845949052
[2026-08-04T12:19:09.167Z] [INFO] TRADE → BTCUSDT | price=63803.26000000 | qty=0.00008000 | ts=1785845949052
[2026-08-04T12:19:09.167Z] [INFO] TRADE → BTCUSDT | price=63803.26000000 | qty=0.00008000 | ts=1785845949052
[2026-08-04T12:19:09.167Z] [INFO] TRADE → BTCUSDT | price=63803.26000000 | qty=0.00009000 | ts=1785845949052
[2026-08-04T12:19:09.168Z] [INFO] TRADE → BTCUSDT | price=63803.26000000 | qty=0.24232000 | ts=1785845949052
[2026-08-04T12:19:09.228Z] [INFO] TRADE → ETHUSDT | price=1868.57000000 | qty=0.00270000 | ts=1785845949112
[2026-08-04T12:19:09.228Z] [INFO] TRADE → ETHUSDT | price=1868.57000000 | qty=0.16050000 | ts=1785845949112
[2026-08-04T12:19:09.228Z] [INFO] TRADE → ETHUSDT | price=1868.57000000 | qty=0.00280000 | ts=1785845949112
[2026-08-04T12:19:09.229Z] [INFO] TRADE → ETHUSDT | price=1868.57000000 | qty=0.38490000 | ts=1785845949112
[2026-08-04T12:19:09.445Z] [INFO] TRADE → ETHUSDT | price=1868.57000000 | qty=0.31100000 | ts=1785845949330
[2026-08-04T12:19:09.464Z] [INFO] TRADE → ETHUSDT | price=1868.57000000 | qty=0.00280000 | ts=1785845949347
[2026-08-04T12:19:09.465Z] [INFO] TRADE → ETHUSDT | price=1868.57000000 | qty=0.00540000 | ts=1785845949347
[2026-08-04T12:19:09.465Z] [INFO] TRADE → ETHUSDT | price=1868.57000000 | qty=0.00270000 | ts=1785845949347
[2026-08-04T12:19:09.465Z] [INFO] TRADE → ETHUSDT | price=1868.57000000 | qty=0.00270000 | ts=1785845949347
[2026-08-04T12:19:09.465Z] [INFO] TRADE → ETHUSDT | price=1868.57000000 | qty=0.00270000 | ts=1785845949347
[2026-08-04T12:19:09.466Z] [INFO] TRADE → ETHUSDT | price=1868.57000000 | qty=0.00280000 | ts=1785845949347
[2026-08-04T12:19:09.466Z] [INFO] TRADE → ETHUSDT | price=1868.57000000 | qty=0.00280000 | ts=1785845949347
[2026-08-04T12:19:09.466Z] [INFO] TRADE → ETHUSDT | price=1868.57000000 | qty=0.00280000 | ts=1785845949347
[2026-08-04T12:19:09.466Z] [INFO] TRADE → ETHUSDT | price=1868.57000000 | qty=0.00280000 | ts=1785845949347
[2026-08-04T12:19:09.466Z] [INFO] TRADE → ETHUSDT | price=1868.57000000 | qty=0.00280000 | ts=1785845949347
[2026-08-04T12:19:09.467Z] [INFO] TRADE → ETHUSDT | price=1868.57000000 | qty=0.00280000 | ts=1785845949347
[2026-08-04T12:19:09.467Z] [INFO] TRADE → ETHUSDT | price=1868.57000000 | qty=0.00280000 | ts=1785845949347
[2026-08-04T12:19:09.467Z] [INFO] TRADE → ETHUSDT | price=1868.57000000 | qty=0.00280000 | ts=1785845949347
[2026-08-04T12:19:09.467Z] [INFO] TRADE → ETHUSDT | price=1868.57000000 | qty=0.00270000 | ts=1785845949347
[2026-08-04T12:19:09.467Z] [INFO] TRADE → ETHUSDT | price=1868.57000000 | qty=0.00270000 | ts=1785845949347
[2026-08-04T12:19:09.468Z] [INFO] TRADE → ETHUSDT | price=1868.57000000 | qty=0.00270000 | ts=1785845949347
[2026-08-04T12:19:09.468Z] [INFO] TRADE → ETHUSDT | price=1868.57000000 | qty=0.00270000 | ts=1785845949347
[2026-08-04T12:19:09.468Z] [INFO] TRADE → ETHUSDT | price=1868.57000000 | qty=0.00270000 | ts=1785845949347
[2026-08-04T12:19:09.468Z] [INFO] TRADE → ETHUSDT | price=1868.57000000 | qty=0.00270000 | ts=1785845949347
[2026-08-04T12:19:09.468Z] [INFO] TRADE → ETHUSDT | price=1868.56000000 | qty=0.00280000 | ts=1785845949347
[2026-08-04T12:19:09.468Z] [INFO] TRADE → ETHUSDT | price=1868.56000000 | qty=0.00280000 | ts=1785845949347
[2026-08-04T12:19:09.469Z] [INFO] TRADE → ETHUSDT | price=1868.56000000 | qty=0.00280000 | ts=1785845949347
[2026-08-04T12:19:09.469Z] [INFO] TRADE → ETHUSDT | price=1868.56000000 | qty=0.00280000 | ts=1785845949347
[2026-08-04T12:19:09.469Z] [INFO] TRADE → ETHUSDT | price=1868.56000000 | qty=0.00540000 | ts=1785845949347
[2026-08-04T12:19:09.470Z] [INFO] TRADE → ETHUSDT | price=1868.55000000 | qty=0.00270000 | ts=1785845949347
[2026-08-04T12:19:09.470Z] [INFO] TRADE → ETHUSDT | price=1868.55000000 | qty=0.01610000 | ts=1785845949347
[2026-08-04T12:19:09.470Z] [INFO] TRADE → ETHUSDT | price=1868.55000000 | qty=0.00280000 | ts=1785845949347
[2026-08-04T12:19:09.471Z] [INFO] TRADE → ETHUSDT | price=1868.55000000 | qty=0.00540000 | ts=1785845949347
[2026-08-04T12:19:09.471Z] [INFO] TRADE → ETHUSDT | price=1868.55000000 | qty=0.00270000 | ts=1785845949347
[2026-08-04T12:19:09.471Z] [INFO] TRADE → ETHUSDT | price=1868.55000000 | qty=0.00270000 | ts=1785845949347
[2026-08-04T12:19:09.472Z] [INFO] TRADE → ETHUSDT | price=1868.55000000 | qty=0.00270000 | ts=1785845949347
[2026-08-04T12:19:09.472Z] [INFO] TRADE → ETHUSDT | price=1868.55000000 | qty=0.00270000 | ts=1785845949347
[2026-08-04T12:19:09.472Z] [INFO] TRADE → ETHUSDT | price=1868.54000000 | qty=0.00270000 | ts=1785845949347
[2026-08-04T12:19:09.472Z] [INFO] TRADE → ETHUSDT | price=1868.54000000 | qty=0.00270000 | ts=1785845949347
[2026-08-04T12:19:09.472Z] [INFO] TRADE → ETHUSDT | price=1868.54000000 | qty=0.00280000 | ts=1785845949347
[2026-08-04T12:19:09.473Z] [INFO] TRADE → ETHUSDT | price=1868.54000000 | qty=0.00270000 | ts=1785845949347
[2026-08-04T12:19:09.473Z] [INFO] TRADE → ETHUSDT | price=1868.54000000 | qty=0.00270000 | ts=1785845949347
[2026-08-04T12:19:09.473Z] [INFO] TRADE → ETHUSDT | price=1868.54000000 | qty=0.00270000 | ts=1785845949347
[2026-08-04T12:19:09.473Z] [INFO] TRADE → ETHUSDT | price=1868.54000000 | qty=0.00270000 | ts=1785845949347
[2026-08-04T12:19:09.473Z] [INFO] TRADE → ETHUSDT | price=1868.54000000 | qty=0.00270000 | ts=1785845949347
[2026-08-04T12:19:09.473Z] [INFO] TRADE → ETHUSDT | price=1868.54000000 | qty=0.00270000 | ts=1785845949347
[2026-08-04T12:19:09.474Z] [INFO] TRADE → ETHUSDT | price=1868.54000000 | qty=0.00270000 | ts=1785845949347
[2026-08-04T12:19:09.474Z] [INFO] TRADE → ETHUSDT | price=1868.54000000 | qty=0.00270000 | ts=1785845949347
[2026-08-04T12:19:09.475Z] [INFO] TRADE → ETHUSDT | price=1868.53000000 | qty=0.00270000 | ts=1785845949347
[2026-08-04T12:19:09.475Z] [INFO] TRADE → ETHUSDT | price=1868.53000000 | qty=0.00290000 | ts=1785845949347
[2026-08-04T12:19:09.475Z] [INFO] TRADE → ETHUSDT | price=1868.53000000 | qty=0.00290000 | ts=1785845949347
[2026-08-04T12:19:09.476Z] [INFO] TRADE → ETHUSDT | price=1868.53000000 | qty=0.00280000 | ts=1785845949347
[2026-08-04T12:19:09.476Z] [INFO] TRADE → ETHUSDT | price=1868.53000000 | qty=0.00270000 | ts=1785845949347
[2026-08-04T12:19:09.476Z] [INFO] TRADE → ETHUSDT | price=1868.53000000 | qty=0.00290000 | ts=1785845949347
[2026-08-04T12:19:10.086Z] [INFO] TRADE → BTCUSDT | price=63803.27000000 | qty=0.00017000 | ts=1785845949972
[2026-08-04T12:19:10.180Z] [INFO] TRADE → BTCUSDT | price=63803.26000000 | qty=0.05768000 | ts=1785845950065
[2026-08-04T12:19:10.181Z] [INFO] TRADE → BTCUSDT | price=63803.26000000 | qty=0.00009000 | ts=1785845950065
[2026-08-04T12:19:10.181Z] [INFO] TRADE → BTCUSDT | price=63803.26000000 | qty=0.00009000 | ts=1785845950065
[2026-08-04T12:19:10.181Z] [INFO] TRADE → BTCUSDT | price=63803.26000000 | qty=0.07864000 | ts=1785845950065
[2026-08-04T12:19:10.181Z] [INFO] TRADE → BTCUSDT | price=63803.26000000 | qty=0.00008000 | ts=1785845950065
[2026-08-04T12:19:10.182Z] [INFO] TRADE → BTCUSDT | price=63803.26000000 | qty=0.00009000 | ts=1785845950065
[2026-08-04T12:19:10.182Z] [INFO] TRADE → BTCUSDT | price=63803.26000000 | qty=0.00009000 | ts=1785845950065
[2026-08-04T12:19:10.182Z] [INFO] TRADE → BTCUSDT | price=63803.26000000 | qty=0.00009000 | ts=1785845950065
[2026-08-04T12:19:10.182Z] [INFO] TRADE → BTCUSDT | price=63803.26000000 | qty=0.00009000 | ts=1785845950065
[2026-08-04T12:19:10.182Z] [INFO] TRADE → BTCUSDT | price=63803.26000000 | qty=0.00009000 | ts=1785845950065
[2026-08-04T12:19:10.183Z] [INFO] TRADE → BTCUSDT | price=63803.26000000 | qty=0.00009000 | ts=1785845950065
[2026-08-04T12:19:10.183Z] [INFO] TRADE → BTCUSDT | price=63803.26000000 | qty=0.00009000 | ts=1785845950065
[2026-08-04T12:19:10.183Z] [INFO] TRADE → BTCUSDT | price=63803.26000000 | qty=0.00009000 | ts=1785845950065
[2026-08-04T12:19:10.183Z] [INFO] TRADE → BTCUSDT | price=63803.26000000 | qty=0.00009000 | ts=1785845950065
[2026-08-04T12:19:10.184Z] [INFO] TRADE → BTCUSDT | price=63803.26000000 | qty=0.00009000 | ts=1785845950065
[2026-08-04T12:19:10.184Z] [INFO] TRADE → BTCUSDT | price=63803.26000000 | qty=0.00300000 | ts=1785845950065
[2026-08-04T12:19:10.184Z] [INFO] TRADE → BTCUSDT | price=63803.26000000 | qty=0.00300000 | ts=1785845950065
[2026-08-04T12:19:10.184Z] [INFO] TRADE → BTCUSDT | price=63803.26000000 | qty=0.00009000 | ts=1785845950065
[2026-08-04T12:19:10.185Z] [INFO] TRADE → BTCUSDT | price=63803.26000000 | qty=0.00009000 | ts=1785845950065
[2026-08-04T12:19:10.185Z] [INFO] TRADE → BTCUSDT | price=63803.26000000 | qty=0.00009000 | ts=1785845950065
[2026-08-04T12:19:10.186Z] [INFO] TRADE → BTCUSDT | price=63803.26000000 | qty=0.00009000 | ts=1785845950065
[2026-08-04T12:19:10.186Z] [INFO] TRADE → BTCUSDT | price=63803.26000000 | qty=0.00009000 | ts=1785845950065
[2026-08-04T12:19:10.186Z] [INFO] TRADE → BTCUSDT | price=63803.26000000 | qty=0.00010000 | ts=1785845950065
[2026-08-04T12:19:10.186Z] [INFO] TRADE → BTCUSDT | price=63803.26000000 | qty=0.00016000 | ts=1785845950065
[2026-08-04T12:19:10.187Z] [INFO] TRADE → BTCUSDT | price=63803.26000000 | qty=0.00008000 | ts=1785845950065
[2026-08-04T12:19:10.187Z] [INFO] TRADE → BTCUSDT | price=63803.26000000 | qty=0.00008000 | ts=1785845950065
[2026-08-04T12:19:10.187Z] [INFO] TRADE → BTCUSDT | price=63803.26000000 | qty=0.00009000 | ts=1785845950065
[2026-08-04T12:19:10.187Z] [INFO] TRADE → BTCUSDT | price=63803.26000000 | qty=0.00009000 | ts=1785845950065
[2026-08-04T12:19:10.188Z] [INFO] TRADE → BTCUSDT | price=63803.26000000 | qty=0.00009000 | ts=1785845950065
[2026-08-04T12:19:10.193Z] [INFO] TRADE → BTCUSDT | price=63803.25000000 | qty=0.00009000 | ts=1785845950077
[2026-08-04T12:19:10.193Z] [INFO] TRADE → BTCUSDT | price=63803.25000000 | qty=0.00009000 | ts=1785845950077
[2026-08-04T12:19:10.194Z] [INFO] TRADE → BTCUSDT | price=63803.25000000 | qty=0.00009000 | ts=1785845950077
[2026-08-04T12:19:10.194Z] [INFO] TRADE → BTCUSDT | price=63803.25000000 | qty=0.00009000 | ts=1785845950077
[2026-08-04T12:19:10.194Z] [INFO] TRADE → BTCUSDT | price=63803.25000000 | qty=0.00009000 | ts=1785845950077
[2026-08-04T12:19:10.194Z] [INFO] TRADE → BTCUSDT | price=63803.25000000 | qty=0.00009000 | ts=1785845950077
[2026-08-04T12:19:10.195Z] [INFO] TRADE → BTCUSDT | price=63803.25000000 | qty=0.00016000 | ts=1785845950077
[2026-08-04T12:19:10.195Z] [INFO] TRADE → BTCUSDT | price=63803.25000000 | qty=0.00009000 | ts=1785845950077
[2026-08-04T12:19:10.195Z] [INFO] TRADE → BTCUSDT | price=63803.25000000 | qty=0.00008000 | ts=1785845950077
[2026-08-04T12:19:10.195Z] [INFO] TRADE → BTCUSDT | price=63803.25000000 | qty=0.00008000 | ts=1785845950077
[2026-08-04T12:19:10.195Z] [INFO] TRADE → BTCUSDT | price=63803.25000000 | qty=0.00219000 | ts=1785845950077
[2026-08-04T12:19:10.196Z] [INFO] TRADE → BTCUSDT | price=63803.25000000 | qty=0.00008000 | ts=1785845950077
[2026-08-04T12:19:10.196Z] [INFO] TRADE → BTCUSDT | price=63803.25000000 | qty=0.00009000 | ts=1785845950077
[2026-08-04T12:19:10.196Z] [INFO] TRADE → BTCUSDT | price=63803.25000000 | qty=0.00009000 | ts=1785845950077
[2026-08-04T12:19:10.196Z] [INFO] TRADE → BTCUSDT | price=63803.25000000 | qty=0.00009000 | ts=1785845950077
[2026-08-04T12:19:10.196Z] [INFO] TRADE → BTCUSDT | price=63803.25000000 | qty=0.00009000 | ts=1785845950077
[2026-08-04T12:19:10.197Z] [INFO] TRADE → BTCUSDT | price=63803.25000000 | qty=0.00009000 | ts=1785845950077
[2026-08-04T12:19:10.197Z] [INFO] TRADE → BTCUSDT | price=63803.25000000 | qty=0.00009000 | ts=1785845950077
[2026-08-04T12:19:10.197Z] [INFO] TRADE → BTCUSDT | price=63803.25000000 | qty=0.00009000 | ts=1785845950077
[2026-08-04T12:19:10.200Z] [INFO] TRADE → BTCUSDT | price=63803.25000000 | qty=0.00009000 | ts=1785845950077
[2026-08-04T12:19:10.200Z] [INFO] TRADE → BTCUSDT | price=63803.25000000 | qty=0.00009000 | ts=1785845950077
[2026-08-04T12:19:10.200Z] [INFO] TRADE → BTCUSDT | price=63803.25000000 | qty=0.00009000 | ts=1785845950077
[2026-08-04T12:19:10.200Z] [INFO] TRADE → BTCUSDT | price=63803.25000000 | qty=0.00009000 | ts=1785845950077
[2026-08-04T12:19:10.200Z] [INFO] TRADE → BTCUSDT | price=63803.25000000 | qty=0.00009000 | ts=1785845950077
[2026-08-04T12:19:10.201Z] [INFO] TRADE → BTCUSDT | price=63803.25000000 | qty=0.00009000 | ts=1785845950077
[2026-08-04T12:19:10.201Z] [INFO] TRADE → BTCUSDT | price=63803.25000000 | qty=0.00009000 | ts=1785845950077
[2026-08-04T12:19:10.201Z] [INFO] TRADE → BTCUSDT | price=63803.25000000 | qty=0.00009000 | ts=1785845950077
[2026-08-04T12:19:10.202Z] [INFO] TRADE → BTCUSDT | price=63803.25000000 | qty=0.00008000 | ts=1785845950077
[2026-08-04T12:19:10.202Z] [INFO] TRADE → BTCUSDT | price=63803.25000000 | qty=0.00009000 | ts=1785845950077
[2026-08-04T12:19:10.202Z] [INFO] TRADE → BTCUSDT | price=63803.25000000 | qty=0.00300000 | ts=1785845950077
[2026-08-04T12:19:10.202Z] [INFO] TRADE → BTCUSDT | price=63803.25000000 | qty=0.00300000 | ts=1785845950077
[2026-08-04T12:19:10.202Z] [INFO] TRADE → BTCUSDT | price=63803.25000000 | qty=0.00009000 | ts=1785845950077
[2026-08-04T12:19:10.203Z] [INFO] TRADE → BTCUSDT | price=63803.25000000 | qty=0.00009000 | ts=1785845950077
[2026-08-04T12:19:10.203Z] [INFO] TRADE → BTCUSDT | price=63803.25000000 | qty=0.03802000 | ts=1785845950077
[2026-08-04T12:19:10.204Z] [INFO] TRADE → BTCUSDT | price=63803.25000000 | qty=0.00009000 | ts=1785845950077
[2026-08-04T12:19:10.204Z] [INFO] TRADE → BTCUSDT | price=63803.25000000 | qty=0.00008000 | ts=1785845950077
[2026-08-04T12:19:10.205Z] [INFO] TRADE → BTCUSDT | price=63803.25000000 | qty=0.00008000 | ts=1785845950077
[2026-08-04T12:19:10.205Z] [INFO] TRADE → BTCUSDT | price=63803.24000000 | qty=0.00082000 | ts=1785845950077
[2026-08-04T12:19:10.205Z] [INFO] TRADE → BTCUSDT | price=63803.24000000 | qty=0.00016000 | ts=1785845950077
[2026-08-04T12:19:10.206Z] [INFO] TRADE → BTCUSDT | price=63803.24000000 | qty=0.00009000 | ts=1785845950077
[2026-08-04T12:19:10.206Z] [INFO] TRADE → BTCUSDT | price=63803.24000000 | qty=0.00009000 | ts=1785845950077
[2026-08-04T12:19:10.206Z] [INFO] TRADE → BTCUSDT | price=63803.24000000 | qty=0.00009000 | ts=1785845950077
[2026-08-04T12:19:10.206Z] [INFO] TRADE → BTCUSDT | price=63803.24000000 | qty=0.00009000 | ts=1785845950077
[2026-08-04T12:19:10.206Z] [INFO] TRADE → BTCUSDT | price=63803.24000000 | qty=0.00009000 | ts=1785845950077
[2026-08-04T12:19:10.207Z] [INFO] TRADE → BTCUSDT | price=63803.24000000 | qty=0.00009000 | ts=1785845950077
[2026-08-04T12:19:10.207Z] [INFO] TRADE → BTCUSDT | price=63803.24000000 | qty=0.00009000 | ts=1785845950077
[2026-08-04T12:19:10.207Z] [INFO] TRADE → BTCUSDT | price=63803.24000000 | qty=0.00009000 | ts=1785845950077
[2026-08-04T12:19:10.207Z] [INFO] TRADE → BTCUSDT | price=63803.24000000 | qty=0.00009000 | ts=1785845950077
[2026-08-04T12:19:10.208Z] [INFO] TRADE → BTCUSDT | price=63803.21000000 | qty=0.00270000 | ts=1785845950077
[2026-08-04T12:19:10.208Z] [INFO] TRADE → BTCUSDT | price=63803.05000000 | qty=0.00009000 | ts=1785845950077
[2026-08-04T12:19:10.208Z] [INFO] TRADE → BTCUSDT | price=63803.05000000 | qty=0.00009000 | ts=1785845950077
[2026-08-04T12:19:10.208Z] [INFO] TRADE → BTCUSDT | price=63803.05000000 | qty=0.00009000 | ts=1785845950077
[2026-08-04T12:19:11.180Z] [INFO] TRADE → BTCUSDT | price=63803.04000000 | qty=0.02000000 | ts=1785845951066
[2026-08-04T12:19:11.181Z] [INFO] TRADE → BTCUSDT | price=63803.04000000 | qty=0.08000000 | ts=1785845951066
[2026-08-04T12:19:11.181Z] [INFO] TRADE → BTCUSDT | price=63803.04000000 | qty=0.01000000 | ts=1785845951066
[2026-08-04T12:19:11.182Z] [INFO] TRADE → BTCUSDT | price=63803.04000000 | qty=0.04000000 | ts=1785845951066
[2026-08-04T12:19:11.182Z] [INFO] TRADE → BTCUSDT | price=63803.04000000 | qty=0.00008000 | ts=1785845951066
[2026-08-04T12:19:11.182Z] [INFO] TRADE → BTCUSDT | price=63803.04000000 | qty=0.20853000 | ts=1785845951066
[2026-08-04T12:19:11.394Z] [INFO] TRADE → BTCUSDT | price=63803.04000000 | qty=0.00020000 | ts=1785845951281
[2026-08-04T12:19:11.518Z] [INFO] TRADE → BTCUSDT | price=63803.04000000 | qty=0.06083000 | ts=1785845951403
[2026-08-04T12:19:11.519Z] [INFO] TRADE → BTCUSDT | price=63803.04000000 | qty=0.00009000 | ts=1785845951403
[2026-08-04T12:19:11.519Z] [INFO] TRADE → BTCUSDT | price=63803.04000000 | qty=0.00009000 | ts=1785845951403
[2026-08-04T12:19:11.521Z] [INFO] TRADE → BTCUSDT | price=63803.04000000 | qty=0.00009000 | ts=1785845951403
[2026-08-04T12:19:11.521Z] [INFO] TRADE → BTCUSDT | price=63803.04000000 | qty=0.00009000 | ts=1785845951403
[2026-08-04T12:19:11.522Z] [INFO] TRADE → BTCUSDT | price=63803.04000000 | qty=0.00009000 | ts=1785845951403
[2026-08-04T12:19:11.522Z] [INFO] TRADE → BTCUSDT | price=63803.04000000 | qty=0.00009000 | ts=1785845951403
[2026-08-04T12:19:11.522Z] [INFO] TRADE → BTCUSDT | price=63803.04000000 | qty=0.00009000 | ts=1785845951403
[2026-08-04T12:19:11.523Z] [INFO] TRADE → BTCUSDT | price=63803.04000000 | qty=0.00008000 | ts=1785845951403
[2026-08-04T12:19:11.523Z] [INFO] TRADE → BTCUSDT | price=63803.04000000 | qty=0.00009000 | ts=1785845951403
[2026-08-04T12:19:11.524Z] [INFO] TRADE → BTCUSDT | price=63803.04000000 | qty=0.00009000 | ts=1785845951403
[2026-08-04T12:19:11.524Z] [INFO] TRADE → BTCUSDT | price=63803.04000000 | qty=0.00009000 | ts=1785845951403
[2026-08-04T12:19:11.524Z] [INFO] TRADE → BTCUSDT | price=63803.04000000 | qty=0.00009000 | ts=1785845951403
[2026-08-04T12:19:11.524Z] [INFO] TRADE → BTCUSDT | price=63803.04000000 | qty=0.00009000 | ts=1785845951403
[2026-08-04T12:19:11.525Z] [INFO] TRADE → BTCUSDT | price=63803.04000000 | qty=0.00009000 | ts=1785845951403
[2026-08-04T12:19:11.525Z] [INFO] TRADE → BTCUSDT | price=63803.04000000 | qty=0.00009000 | ts=1785845951403
[2026-08-04T12:19:11.525Z] [INFO] TRADE → BTCUSDT | price=63803.04000000 | qty=0.00009000 | ts=1785845951403
[2026-08-04T12:19:11.525Z] [INFO] TRADE → BTCUSDT | price=63803.04000000 | qty=0.00008000 | ts=1785845951403
[2026-08-04T12:19:11.526Z] [INFO] TRADE → BTCUSDT | price=63803.04000000 | qty=0.00009000 | ts=1785845951403
[2026-08-04T12:19:11.526Z] [INFO] TRADE → BTCUSDT | price=63803.04000000 | qty=0.00069000 | ts=1785845951403
[2026-08-04T12:19:11.526Z] [INFO] TRADE → BTCUSDT | price=63803.04000000 | qty=0.00009000 | ts=1785845951403
[2026-08-04T12:19:11.526Z] [INFO] TRADE → BTCUSDT | price=63803.04000000 | qty=0.00009000 | ts=1785845951403
[2026-08-04T12:19:11.526Z] [INFO] TRADE → BTCUSDT | price=63803.04000000 | qty=0.00009000 | ts=1785845951403
[2026-08-04T12:19:11.526Z] [INFO] TRADE → BTCUSDT | price=63803.04000000 | qty=0.00009000 | ts=1785845951403
[2026-08-04T12:19:11.527Z] [INFO] TRADE → BTCUSDT | price=63803.04000000 | qty=0.00009000 | ts=1785845951403
[2026-08-04T12:19:11.527Z] [INFO] TRADE → BTCUSDT | price=63803.04000000 | qty=0.00300000 | ts=1785845951403
[2026-08-04T12:19:11.527Z] [INFO] TRADE → BTCUSDT | price=63803.04000000 | qty=0.00300000 | ts=1785845951403
[2026-08-04T12:19:11.527Z] [INFO] TRADE → BTCUSDT | price=63803.04000000 | qty=0.00008000 | ts=1785845951403
[2026-08-04T12:19:11.527Z] [INFO] TRADE → BTCUSDT | price=63803.04000000 | qty=0.02000000 | ts=1785845951403
[2026-08-04T12:19:11.528Z] [INFO] TRADE → BTCUSDT | price=63803.04000000 | qty=0.00937000 | ts=1785845951403
[2026-08-04T12:19:12.095Z] [INFO] TRADE → BTCUSDT | price=63803.04000000 | qty=0.00033000 | ts=1785845951973
[2026-08-04T12:19:12.180Z] [INFO] TRADE → BTCUSDT | price=63803.04000000 | qty=0.00030000 | ts=1785845952064
[2026-08-04T12:19:12.180Z] [INFO] TRADE → BTCUSDT | price=63803.04000000 | qty=0.04000000 | ts=1785845952064
[2026-08-04T12:19:12.180Z] [INFO] TRADE → BTCUSDT | price=63803.04000000 | qty=0.08000000 | ts=1785845952064
[2026-08-04T12:19:12.181Z] [INFO] TRADE → BTCUSDT | price=63803.04000000 | qty=0.00010000 | ts=1785845952064
[2026-08-04T12:19:12.181Z] [INFO] TRADE → BTCUSDT | price=63803.04000000 | qty=0.00033000 | ts=1785845952064
[2026-08-04T12:19:12.181Z] [INFO] TRADE → BTCUSDT | price=63803.04000000 | qty=0.00008000 | ts=1785845952064
[2026-08-04T12:19:12.181Z] [INFO] TRADE → BTCUSDT | price=63803.04000000 | qty=0.00009000 | ts=1785845952064
[2026-08-04T12:19:12.182Z] [INFO] TRADE → BTCUSDT | price=63803.04000000 | qty=0.00009000 | ts=1785845952064
[2026-08-04T12:19:12.182Z] [INFO] TRADE → BTCUSDT | price=63803.04000000 | qty=0.00008000 | ts=1785845952064
[2026-08-04T12:19:12.182Z] [INFO] TRADE → BTCUSDT | price=63803.04000000 | qty=0.00009000 | ts=1785845952064
[2026-08-04T12:19:12.183Z] [INFO] TRADE → BTCUSDT | price=63803.04000000 | qty=0.00009000 | ts=1785845952064
[2026-08-04T12:19:12.183Z] [INFO] TRADE → BTCUSDT | price=63803.04000000 | qty=0.00009000 | ts=1785845952064
[2026-08-04T12:19:12.183Z] [INFO] TRADE → BTCUSDT | price=63803.04000000 | qty=0.00009000 | ts=1785845952064
[2026-08-04T12:19:12.184Z] [INFO] TRADE → BTCUSDT | price=63803.04000000 | qty=0.00009000 | ts=1785845952064
[2026-08-04T12:19:12.186Z] [INFO] TRADE → BTCUSDT | price=63803.04000000 | qty=0.00009000 | ts=1785845952064
[2026-08-04T12:19:12.186Z] [INFO] TRADE → BTCUSDT | price=63803.04000000 | qty=0.00009000 | ts=1785845952064
[2026-08-04T12:19:12.186Z] [INFO] TRADE → BTCUSDT | price=63803.04000000 | qty=0.00009000 | ts=1785845952064
[2026-08-04T12:19:12.187Z] [INFO] TRADE → BTCUSDT | price=63803.04000000 | qty=0.00009000 | ts=1785845952064
[2026-08-04T12:19:12.187Z] [INFO] TRADE → BTCUSDT | price=63803.04000000 | qty=0.00009000 | ts=1785845952064
[2026-08-04T12:19:12.188Z] [INFO] TRADE → BTCUSDT | price=63803.04000000 | qty=0.00008000 | ts=1785845952064
[2026-08-04T12:19:12.188Z] [INFO] TRADE → BTCUSDT | price=63803.04000000 | qty=0.00009000 | ts=1785845952064
[2026-08-04T12:19:12.188Z] [INFO] TRADE → BTCUSDT | price=63803.04000000 | qty=0.00009000 | ts=1785845952064
[2026-08-04T12:19:12.188Z] [INFO] TRADE → BTCUSDT | price=63803.04000000 | qty=0.00009000 | ts=1785845952064
[2026-08-04T12:19:12.188Z] [INFO] TRADE → BTCUSDT | price=63803.04000000 | qty=0.02000000 | ts=1785845952064
[2026-08-04T12:19:12.189Z] [INFO] TRADE → BTCUSDT | price=63803.04000000 | qty=0.00009000 | ts=1785845952064
[2026-08-04T12:19:12.189Z] [INFO] TRADE → BTCUSDT | price=63803.04000000 | qty=0.00009000 | ts=1785845952064
[2026-08-04T12:19:12.189Z] [INFO] TRADE → BTCUSDT | price=63803.04000000 | qty=0.00300000 | ts=1785845952064
[2026-08-04T12:19:12.189Z] [INFO] TRADE → BTCUSDT | price=63803.04000000 | qty=0.00300000 | ts=1785845952064
[2026-08-04T12:19:12.189Z] [INFO] TRADE → BTCUSDT | price=63803.04000000 | qty=0.00009000 | ts=1785845952064
[2026-08-04T12:19:12.190Z] [INFO] TRADE → BTCUSDT | price=63803.04000000 | qty=0.00016000 | ts=1785845952064
[2026-08-04T12:19:12.190Z] [INFO] TRADE → BTCUSDT | price=63803.04000000 | qty=0.00008000 | ts=1785845952064
[2026-08-04T12:19:12.191Z] [INFO] TRADE → BTCUSDT | price=63803.04000000 | qty=0.00008000 | ts=1785845952064
[2026-08-04T12:19:12.191Z] [INFO] TRADE → BTCUSDT | price=63803.04000000 | qty=0.00008000 | ts=1785845952064
[2026-08-04T12:19:12.191Z] [INFO] TRADE → BTCUSDT | price=63803.04000000 | qty=0.00008000 | ts=1785845952064
[2026-08-04T12:19:12.499Z] [INFO] TRADE → BTCUSDT | price=63803.03000000 | qty=0.00009000 | ts=1785845952383
[2026-08-04T12:19:12.500Z] [INFO] TRADE → BTCUSDT | price=63803.03000000 | qty=0.00009000 | ts=1785845952383
[2026-08-04T12:19:12.500Z] [INFO] TRADE → BTCUSDT | price=63803.03000000 | qty=0.00009000 | ts=1785845952383
[2026-08-04T12:19:12.500Z] [INFO] TRADE → BTCUSDT | price=63803.03000000 | qty=0.00009000 | ts=1785845952383
[2026-08-04T12:19:12.500Z] [INFO] TRADE → BTCUSDT | price=63803.03000000 | qty=0.00009000 | ts=1785845952383
[2026-08-04T12:19:12.500Z] [INFO] TRADE → BTCUSDT | price=63803.03000000 | qty=0.00009000 | ts=1785845952383
[2026-08-04T12:19:12.501Z] [INFO] TRADE → BTCUSDT | price=63803.03000000 | qty=0.00009000 | ts=1785845952383
[2026-08-04T12:19:12.501Z] [INFO] TRADE → BTCUSDT | price=63803.03000000 | qty=0.00009000 | ts=1785845952383
[2026-08-04T12:19:12.501Z] [INFO] TRADE → BTCUSDT | price=63803.03000000 | qty=0.00009000 | ts=1785845952383
[2026-08-04T12:19:12.501Z] [INFO] TRADE → BTCUSDT | price=63803.03000000 | qty=0.00016000 | ts=1785845952383
[2026-08-04T12:19:12.501Z] [INFO] TRADE → BTCUSDT | price=63803.03000000 | qty=0.00008000 | ts=1785845952383
[2026-08-04T12:19:12.502Z] [INFO] TRADE → BTCUSDT | price=63803.03000000 | qty=0.00009000 | ts=1785845952383
[2026-08-04T12:19:12.502Z] [INFO] TRADE → BTCUSDT | price=63803.03000000 | qty=0.00008000 | ts=1785845952383
[2026-08-04T12:19:12.502Z] [INFO] TRADE → BTCUSDT | price=63803.03000000 | qty=0.00008000 | ts=1785845952383
[2026-08-04T12:19:12.502Z] [INFO] TRADE → BTCUSDT | price=63803.03000000 | qty=0.01000000 | ts=1785845952383
[2026-08-04T12:19:12.503Z] [INFO] TRADE → BTCUSDT | price=63803.03000000 | qty=0.00009000 | ts=1785845952383
[2026-08-04T12:19:12.503Z] [INFO] TRADE → BTCUSDT | price=63803.03000000 | qty=0.00009000 | ts=1785845952383
[2026-08-04T12:19:12.503Z] [INFO] TRADE → BTCUSDT | price=63803.03000000 | qty=0.00009000 | ts=1785845952383
[2026-08-04T12:19:12.503Z] [INFO] TRADE → BTCUSDT | price=63803.03000000 | qty=0.00009000 | ts=1785845952383
[2026-08-04T12:19:12.503Z] [INFO] TRADE → BTCUSDT | price=63803.03000000 | qty=0.00009000 | ts=1785845952383
[2026-08-04T12:19:12.504Z] [INFO] TRADE → BTCUSDT | price=63803.03000000 | qty=0.00009000 | ts=1785845952383
[2026-08-04T12:19:12.504Z] [INFO] TRADE → BTCUSDT | price=63803.03000000 | qty=0.00009000 | ts=1785845952383
[2026-08-04T12:19:12.504Z] [INFO] TRADE → BTCUSDT | price=63803.03000000 | qty=0.00009000 | ts=1785845952383
[2026-08-04T12:19:12.504Z] [INFO] TRADE → BTCUSDT | price=63803.03000000 | qty=0.00009000 | ts=1785845952383
[2026-08-04T12:19:12.504Z] [INFO] TRADE → BTCUSDT | price=63803.03000000 | qty=0.00009000 | ts=1785845952383
[2026-08-04T12:19:12.505Z] [INFO] TRADE → BTCUSDT | price=63803.03000000 | qty=0.04000000 | ts=1785845952383
[2026-08-04T12:19:12.505Z] [INFO] TRADE → BTCUSDT | price=63803.03000000 | qty=0.02000000 | ts=1785845952383
[2026-08-04T12:19:12.507Z] [INFO] TRADE → BTCUSDT | price=63803.03000000 | qty=0.00008000 | ts=1785845952383
[2026-08-04T12:19:12.508Z] [INFO] TRADE → BTCUSDT | price=63803.03000000 | qty=0.00009000 | ts=1785845952383
[2026-08-04T12:19:12.508Z] [INFO] TRADE → BTCUSDT | price=63803.03000000 | qty=0.00009000 | ts=1785845952383
[2026-08-04T12:19:12.508Z] [INFO] TRADE → BTCUSDT | price=63803.03000000 | qty=0.00009000 | ts=1785845952383
[2026-08-04T12:19:12.509Z] [INFO] TRADE → BTCUSDT | price=63803.03000000 | qty=0.00009000 | ts=1785845952383
[2026-08-04T12:19:12.511Z] [INFO] TRADE → BTCUSDT | price=63803.03000000 | qty=0.00009000 | ts=1785845952383
[2026-08-04T12:19:12.512Z] [INFO] TRADE → BTCUSDT | price=63803.03000000 | qty=0.00009000 | ts=1785845952383
[2026-08-04T12:19:12.512Z] [INFO] TRADE → BTCUSDT | price=63803.03000000 | qty=0.00009000 | ts=1785845952383
[2026-08-04T12:19:12.512Z] [INFO] TRADE → BTCUSDT | price=63803.03000000 | qty=0.00009000 | ts=1785845952383
[2026-08-04T12:19:12.512Z] [INFO] TRADE → BTCUSDT | price=63803.03000000 | qty=0.00009000 | ts=1785845952383
[2026-08-04T12:19:12.513Z] [INFO] TRADE → BTCUSDT | price=63803.03000000 | qty=0.00008000 | ts=1785845952383
[2026-08-04T12:19:12.513Z] [INFO] TRADE → BTCUSDT | price=63803.03000000 | qty=0.00008000 | ts=1785845952383
[2026-08-04T12:19:12.513Z] [INFO] TRADE → BTCUSDT | price=63803.02000000 | qty=0.00016000 | ts=1785845952383
[2026-08-04T12:19:12.513Z] [INFO] TRADE → BTCUSDT | price=63803.02000000 | qty=0.00009000 | ts=1785845952383
[2026-08-04T12:19:12.514Z] [INFO] TRADE → BTCUSDT | price=63803.02000000 | qty=0.00009000 | ts=1785845952383
[2026-08-04T12:19:12.514Z] [INFO] TRADE → BTCUSDT | price=63803.02000000 | qty=0.00009000 | ts=1785845952383
[2026-08-04T12:19:12.514Z] [INFO] TRADE → BTCUSDT | price=63803.02000000 | qty=0.00009000 | ts=1785845952383
[2026-08-04T12:19:12.515Z] [INFO] TRADE → BTCUSDT | price=63803.02000000 | qty=0.00009000 | ts=1785845952383
[2026-08-04T12:19:12.515Z] [INFO] TRADE → BTCUSDT | price=63803.02000000 | qty=0.00009000 | ts=1785845952383
[2026-08-04T12:19:12.515Z] [INFO] TRADE → BTCUSDT | price=63803.02000000 | qty=0.00009000 | ts=1785845952383
[2026-08-04T12:19:12.515Z] [INFO] TRADE → BTCUSDT | price=63803.02000000 | qty=0.00009000 | ts=1785845952383
[2026-08-04T12:19:12.516Z] [INFO] TRADE → BTCUSDT | price=63803.02000000 | qty=0.00009000 | ts=1785845952383
[2026-08-04T12:19:12.516Z] [INFO] TRADE → BTCUSDT | price=63803.02000000 | qty=0.00300000 | ts=1785845952383
[2026-08-04T12:19:12.516Z] [INFO] TRADE → BTCUSDT | price=63803.02000000 | qty=0.00300000 | ts=1785845952383
[2026-08-04T12:19:12.517Z] [INFO] TRADE → BTCUSDT | price=63803.02000000 | qty=0.00009000 | ts=1785845952383
[2026-08-04T12:19:12.517Z] [INFO] TRADE → BTCUSDT | price=63803.02000000 | qty=0.00009000 | ts=1785845952383
[2026-08-04T12:19:12.517Z] [INFO] TRADE → BTCUSDT | price=63803.02000000 | qty=0.00009000 | ts=1785845952383
[2026-08-04T12:19:12.518Z] [INFO] TRADE → BTCUSDT | price=63803.01000000 | qty=0.00016000 | ts=1785845952383
[2026-08-04T12:19:12.518Z] [INFO] TRADE → BTCUSDT | price=63802.99000000 | qty=0.00270000 | ts=1785845952383
[2026-08-04T12:19:12.518Z] [INFO] TRADE → BTCUSDT | price=63802.89000000 | qty=0.00058000 | ts=1785845952383
[2026-08-04T12:19:12.519Z] [INFO] TRADE → BTCUSDT | price=63802.81000000 | qty=0.00231000 | ts=1785845952383
[2026-08-04T12:19:12.677Z] [INFO] TRADE → BTCUSDT | price=63802.79000000 | qty=0.00008000 | ts=1785845952562
[2026-08-04T12:19:12.678Z] [INFO] TRADE → BTCUSDT | price=63802.79000000 | qty=0.00002000 | ts=1785845952562
[2026-08-04T12:19:12.681Z] [INFO] TRADE → BTCUSDT | price=63802.79000000 | qty=0.00007000 | ts=1785845952564
[2026-08-04T12:19:12.681Z] [INFO] TRADE → BTCUSDT | price=63802.79000000 | qty=0.00009000 | ts=1785845952564
[2026-08-04T12:19:12.682Z] [INFO] TRADE → BTCUSDT | price=63802.79000000 | qty=0.00008000 | ts=1785845952564
[2026-08-04T12:19:12.682Z] [INFO] TRADE → BTCUSDT | price=63802.79000000 | qty=0.00009000 | ts=1785845952564
[2026-08-04T12:19:12.682Z] [INFO] TRADE → BTCUSDT | price=63802.79000000 | qty=0.00009000 | ts=1785845952564
[2026-08-04T12:19:12.683Z] [INFO] TRADE → BTCUSDT | price=63802.79000000 | qty=0.00009000 | ts=1785845952564
[2026-08-04T12:19:12.683Z] [INFO] TRADE → BTCUSDT | price=63802.79000000 | qty=0.00009000 | ts=1785845952564
[2026-08-04T12:19:12.684Z] [INFO] TRADE → BTCUSDT | price=63802.79000000 | qty=0.00009000 | ts=1785845952564
[2026-08-04T12:19:12.685Z] [INFO] TRADE → BTCUSDT | price=63802.79000000 | qty=0.00009000 | ts=1785845952564
[2026-08-04T12:19:12.685Z] [INFO] TRADE → BTCUSDT | price=63802.79000000 | qty=0.00009000 | ts=1785845952564
[2026-08-04T12:19:12.685Z] [INFO] TRADE → BTCUSDT | price=63802.79000000 | qty=0.00009000 | ts=1785845952564
[2026-08-04T12:19:12.685Z] [INFO] TRADE → BTCUSDT | price=63802.79000000 | qty=0.00300000 | ts=1785845952564
[2026-08-04T12:19:12.686Z] [INFO] TRADE → BTCUSDT | price=63802.79000000 | qty=0.00009000 | ts=1785845952564
[2026-08-04T12:19:12.686Z] [INFO] TRADE → BTCUSDT | price=63802.79000000 | qty=0.00300000 | ts=1785845952564
[2026-08-04T12:19:12.686Z] [INFO] TRADE → BTCUSDT | price=63802.79000000 | qty=0.00009000 | ts=1785845952564
[2026-08-04T12:19:12.686Z] [INFO] TRADE → BTCUSDT | price=63802.79000000 | qty=0.00016000 | ts=1785845952564
[2026-08-04T12:19:12.687Z] [INFO] TRADE → BTCUSDT | price=63802.79000000 | qty=0.00008000 | ts=1785845952564
[2026-08-04T12:19:12.687Z] [INFO] TRADE → BTCUSDT | price=63802.79000000 | qty=0.00008000 | ts=1785845952564
[2026-08-04T12:19:12.687Z] [INFO] TRADE → BTCUSDT | price=63802.79000000 | qty=0.00008000 | ts=1785845952564
[2026-08-04T12:19:12.688Z] [INFO] TRADE → BTCUSDT | price=63802.79000000 | qty=0.00009000 | ts=1785845952564
[2026-08-04T12:19:12.688Z] [INFO] TRADE → BTCUSDT | price=63802.79000000 | qty=0.00009000 | ts=1785845952564
[2026-08-04T12:19:12.688Z] [INFO] TRADE → BTCUSDT | price=63802.79000000 | qty=0.00009000 | ts=1785845952564
[2026-08-04T12:19:12.688Z] [INFO] TRADE → BTCUSDT | price=63802.79000000 | qty=0.00009000 | ts=1785845952564
[2026-08-04T12:19:12.689Z] [INFO] TRADE → BTCUSDT | price=63802.79000000 | qty=0.00009000 | ts=1785845952564
[2026-08-04T12:19:12.689Z] [INFO] TRADE → BTCUSDT | price=63802.79000000 | qty=0.00009000 | ts=1785845952564
[2026-08-04T12:19:12.689Z] [INFO] TRADE → BTCUSDT | price=63802.79000000 | qty=0.00009000 | ts=1785845952564
[2026-08-04T12:19:12.690Z] [INFO] TRADE → BTCUSDT | price=63802.79000000 | qty=0.00009000 | ts=1785845952564
[2026-08-04T12:19:12.690Z] [INFO] TRADE → BTCUSDT | price=63802.79000000 | qty=0.00009000 | ts=1785845952564
[2026-08-04T12:19:12.690Z] [INFO] TRADE → BTCUSDT | price=63802.79000000 | qty=0.00008000 | ts=1785845952564
[2026-08-04T12:19:12.690Z] [INFO] TRADE → BTCUSDT | price=63802.79000000 | qty=0.00008000 | ts=1785845952564
[2026-08-04T12:19:12.691Z] [INFO] TRADE → BTCUSDT | price=63802.79000000 | qty=0.00008000 | ts=1785845952564
[2026-08-04T12:19:12.691Z] [INFO] TRADE → BTCUSDT | price=63802.79000000 | qty=0.00008000 | ts=1785845952564
[2026-08-04T12:19:12.691Z] [INFO] TRADE → BTCUSDT | price=63802.79000000 | qty=0.00008000 | ts=1785845952564
[2026-08-04T12:19:12.691Z] [INFO] TRADE → BTCUSDT | price=63802.79000000 | qty=0.00008000 | ts=1785845952564
[2026-08-04T12:19:12.692Z] [INFO] TRADE → BTCUSDT | price=63802.79000000 | qty=0.00008000 | ts=1785845952564
[2026-08-04T12:19:12.692Z] [INFO] TRADE → BTCUSDT | price=63802.79000000 | qty=0.00008000 | ts=1785845952564
[2026-08-04T12:19:12.692Z] [INFO] TRADE → BTCUSDT | price=63802.79000000 | qty=0.00008000 | ts=1785845952564
[2026-08-04T12:19:12.693Z] [INFO] TRADE → BTCUSDT | price=63802.78000000 | qty=0.00009000 | ts=1785845952564
[2026-08-04T12:19:12.693Z] [INFO] TRADE → BTCUSDT | price=63802.78000000 | qty=0.00009000 | ts=1785845952564
[2026-08-04T12:19:12.693Z] [INFO] TRADE → BTCUSDT | price=63802.78000000 | qty=0.00009000 | ts=1785845952564
[2026-08-04T12:19:12.693Z] [INFO] TRADE → BTCUSDT | price=63802.78000000 | qty=0.00009000 | ts=1785845952564
[2026-08-04T12:19:12.694Z] [INFO] TRADE → BTCUSDT | price=63802.78000000 | qty=0.00009000 | ts=1785845952564
[2026-08-04T12:19:12.695Z] [INFO] TRADE → BTCUSDT | price=63802.78000000 | qty=0.00009000 | ts=1785845952564
[2026-08-04T12:19:12.695Z] [INFO] TRADE → BTCUSDT | price=63802.78000000 | qty=0.00009000 | ts=1785845952564
[2026-08-04T12:19:12.695Z] [INFO] TRADE → BTCUSDT | price=63802.78000000 | qty=0.00009000 | ts=1785845952564
[2026-08-04T12:19:12.695Z] [INFO] TRADE → BTCUSDT | price=63802.78000000 | qty=0.00016000 | ts=1785845952564
[2026-08-04T12:19:12.695Z] [INFO] TRADE → BTCUSDT | price=63802.78000000 | qty=0.00009000 | ts=1785845952564
[2026-08-04T12:19:12.696Z] [INFO] TRADE → BTCUSDT | price=63802.78000000 | qty=0.00009000 | ts=1785845952564
[2026-08-04T12:19:12.696Z] [INFO] TRADE → BTCUSDT | price=63802.78000000 | qty=0.00009000 | ts=1785845952564
[2026-08-04T12:19:12.696Z] [INFO] TRADE → BTCUSDT | price=63802.77000000 | qty=0.00016000 | ts=1785845952564
[2026-08-04T12:19:12.696Z] [INFO] TRADE → BTCUSDT | price=63802.74000000 | qty=0.00270000 | ts=1785845952564
[2026-08-04T12:19:12.696Z] [INFO] TRADE → BTCUSDT | price=63802.71000000 | qty=0.00008000 | ts=1785845952564
[2026-08-04T12:19:12.697Z] [INFO] TRADE → BTCUSDT | price=63802.71000000 | qty=0.00093000 | ts=1785845952564
[2026-08-04T12:19:12.697Z] [INFO] TRADE → BTCUSDT | price=63802.71000000 | qty=0.00008000 | ts=1785845952564
[2026-08-04T12:19:12.697Z] [INFO] TRADE → BTCUSDT | price=63802.69000000 | qty=0.00082000 | ts=1785845952564
[2026-08-04T12:19:12.697Z] [INFO] TRADE → BTCUSDT | price=63802.60000000 | qty=0.00008000 | ts=1785845952564
[2026-08-04T12:19:12.697Z] [INFO] TRADE → BTCUSDT | price=63802.60000000 | qty=0.00008000 | ts=1785845952564
[2026-08-04T12:19:12.698Z] [INFO] TRADE → BTCUSDT | price=63802.60000000 | qty=0.00008000 | ts=1785845952564
[2026-08-04T12:19:12.698Z] [INFO] TRADE → BTCUSDT | price=63802.60000000 | qty=0.00008000 | ts=1785845952564
[2026-08-04T12:19:12.698Z] [INFO] TRADE → BTCUSDT | price=63802.54000000 | qty=0.01170000 | ts=1785845952564
[2026-08-04T12:19:12.698Z] [INFO] TRADE → BTCUSDT | price=63802.54000000 | qty=0.00009000 | ts=1785845952564
[2026-08-04T12:19:12.698Z] [INFO] TRADE → BTCUSDT | price=63802.54000000 | qty=0.00009000 | ts=1785845952564
[2026-08-04T12:19:12.699Z] [INFO] TRADE → BTCUSDT | price=63802.01000000 | qty=0.00009000 | ts=1785845952564
[2026-08-04T12:19:12.699Z] [INFO] TRADE → BTCUSDT | price=63802.01000000 | qty=0.00009000 | ts=1785845952564
[2026-08-04T12:19:12.700Z] [INFO] TRADE → BTCUSDT | price=63802.01000000 | qty=0.00009000 | ts=1785845952564
[2026-08-04T12:19:12.700Z] [INFO] TRADE → BTCUSDT | price=63802.00000000 | qty=0.00500000 | ts=1785845952564
[2026-08-04T12:19:12.701Z] [INFO] TRADE → BTCUSDT | price=63802.00000000 | qty=0.00600000 | ts=1785845952564
[2026-08-04T12:19:12.701Z] [INFO] TRADE → BTCUSDT | price=63802.00000000 | qty=0.00800000 | ts=1785845952564
[2026-08-04T12:19:12.701Z] [INFO] TRADE → BTCUSDT | price=63802.00000000 | qty=0.00600000 | ts=1785845952564
[2026-08-04T12:19:12.702Z] [INFO] TRADE → BTCUSDT | price=63802.00000000 | qty=0.00009000 | ts=1785845952564
[2026-08-04T12:19:12.702Z] [INFO] TRADE → BTCUSDT | price=63802.00000000 | qty=0.00009000 | ts=1785845952564
[2026-08-04T12:19:12.702Z] [INFO] TRADE → BTCUSDT | price=63801.65000000 | qty=0.00009000 | ts=1785845952564
[2026-08-04T12:19:12.702Z] [INFO] TRADE → BTCUSDT | price=63801.65000000 | qty=0.00009000 | ts=1785845952564
[2026-08-04T12:19:12.702Z] [INFO] TRADE → BTCUSDT | price=63801.65000000 | qty=0.00009000 | ts=1785845952564
[2026-08-04T12:19:12.703Z] [INFO] TRADE → BTCUSDT | price=63801.64000000 | qty=0.00101000 | ts=1785845952564
[2026-08-04T12:19:12.828Z] [INFO] TRADE → ETHUSDT | price=1868.52000000 | qty=0.00300000 | ts=1785845952712
[2026-08-04T12:19:13.168Z] [INFO] TRADE → BTCUSDT | price=63801.64000000 | qty=0.00009000 | ts=1785845953053
[2026-08-04T12:19:13.169Z] [INFO] TRADE → BTCUSDT | price=63801.64000000 | qty=0.00009000 | ts=1785845953053
[2026-08-04T12:19:13.169Z] [INFO] TRADE → BTCUSDT | price=63801.64000000 | qty=0.12737000 | ts=1785845953053
[2026-08-04T12:19:13.169Z] [INFO] TRADE → BTCUSDT | price=63801.64000000 | qty=0.00009000 | ts=1785845953053
[2026-08-04T12:19:13.169Z] [INFO] TRADE → BTCUSDT | price=63801.64000000 | qty=0.00008000 | ts=1785845953053
[2026-08-04T12:19:13.170Z] [INFO] TRADE → BTCUSDT | price=63801.64000000 | qty=0.00008000 | ts=1785845953053
[2026-08-04T12:19:13.170Z] [INFO] TRADE → BTCUSDT | price=63801.64000000 | qty=0.00009000 | ts=1785845953053
[2026-08-04T12:19:13.170Z] [INFO] TRADE → BTCUSDT | price=63801.64000000 | qty=0.00009000 | ts=1785845953053
[2026-08-04T12:19:13.170Z] [INFO] TRADE → BTCUSDT | price=63801.64000000 | qty=0.00008000 | ts=1785845953053
[2026-08-04T12:19:13.170Z] [INFO] TRADE → BTCUSDT | price=63801.64000000 | qty=0.00008000 | ts=1785845953053
[2026-08-04T12:19:13.170Z] [INFO] TRADE → BTCUSDT | price=63801.64000000 | qty=0.00009000 | ts=1785845953053
[2026-08-04T12:19:13.171Z] [INFO] TRADE → BTCUSDT | price=63801.64000000 | qty=0.00009000 | ts=1785845953053
[2026-08-04T12:19:13.171Z] [INFO] TRADE → BTCUSDT | price=63801.64000000 | qty=0.00009000 | ts=1785845953053
[2026-08-04T12:19:13.171Z] [INFO] TRADE → BTCUSDT | price=63801.64000000 | qty=0.00009000 | ts=1785845953053
[2026-08-04T12:19:13.171Z] [INFO] TRADE → BTCUSDT | price=63801.64000000 | qty=0.00009000 | ts=1785845953053
[2026-08-04T12:19:13.171Z] [INFO] TRADE → BTCUSDT | price=63801.64000000 | qty=0.00009000 | ts=1785845953053
[2026-08-04T12:19:13.172Z] [INFO] TRADE → BTCUSDT | price=63801.64000000 | qty=0.00009000 | ts=1785845953053
[2026-08-04T12:19:13.172Z] [INFO] TRADE → BTCUSDT | price=63801.64000000 | qty=0.00009000 | ts=1785845953053
[2026-08-04T12:19:13.172Z] [INFO] TRADE → BTCUSDT | price=63801.64000000 | qty=0.00009000 | ts=1785845953053
[2026-08-04T12:19:13.172Z] [INFO] TRADE → BTCUSDT | price=63801.64000000 | qty=0.00009000 | ts=1785845953053
[2026-08-04T12:19:13.174Z] [INFO] TRADE → BTCUSDT | price=63801.64000000 | qty=0.00009000 | ts=1785845953053
[2026-08-04T12:19:13.175Z] [INFO] TRADE → BTCUSDT | price=63801.64000000 | qty=0.00009000 | ts=1785845953053
[2026-08-04T12:19:13.175Z] [INFO] TRADE → BTCUSDT | price=63801.64000000 | qty=0.00009000 | ts=1785845953053
[2026-08-04T12:19:13.175Z] [INFO] TRADE → BTCUSDT | price=63801.64000000 | qty=0.00009000 | ts=1785845953053
[2026-08-04T12:19:13.176Z] [INFO] TRADE → BTCUSDT | price=63801.64000000 | qty=0.00009000 | ts=1785845953053
[2026-08-04T12:19:13.176Z] [INFO] TRADE → BTCUSDT | price=63801.64000000 | qty=0.00009000 | ts=1785845953053
[2026-08-04T12:19:13.176Z] [INFO] TRADE → BTCUSDT | price=63801.64000000 | qty=0.00009000 | ts=1785845953053
[2026-08-04T12:19:13.176Z] [INFO] TRADE → BTCUSDT | price=63801.64000000 | qty=0.00009000 | ts=1785845953053
[2026-08-04T12:19:13.176Z] [INFO] TRADE → BTCUSDT | price=63801.64000000 | qty=0.00008000 | ts=1785845953053
[2026-08-04T12:19:13.177Z] [INFO] TRADE → BTCUSDT | price=63801.64000000 | qty=0.00008000 | ts=1785845953053
[2026-08-04T12:19:13.177Z] [INFO] TRADE → BTCUSDT | price=63801.63000000 | qty=0.00009000 | ts=1785845953058
[2026-08-04T12:19:13.177Z] [INFO] TRADE → BTCUSDT | price=63801.63000000 | qty=0.00009000 | ts=1785845953058
[2026-08-04T12:19:13.177Z] [INFO] TRADE → BTCUSDT | price=63801.63000000 | qty=0.00300000 | ts=1785845953058
[2026-08-04T12:19:13.177Z] [INFO] TRADE → BTCUSDT | price=63801.63000000 | qty=0.00300000 | ts=1785845953058
[2026-08-04T12:19:13.178Z] [INFO] TRADE → BTCUSDT | price=63801.63000000 | qty=0.00009000 | ts=1785845953058
[2026-08-04T12:19:13.178Z] [INFO] TRADE → BTCUSDT | price=63801.63000000 | qty=0.00009000 | ts=1785845953058
[2026-08-04T12:19:13.178Z] [INFO] TRADE → BTCUSDT | price=63801.63000000 | qty=0.00009000 | ts=1785845953058
[2026-08-04T12:19:13.178Z] [INFO] TRADE → BTCUSDT | price=63801.63000000 | qty=0.00009000 | ts=1785845953058
[2026-08-04T12:19:13.178Z] [INFO] TRADE → BTCUSDT | price=63801.63000000 | qty=0.00009000 | ts=1785845953058
[2026-08-04T12:19:13.179Z] [INFO] TRADE → BTCUSDT | price=63801.63000000 | qty=0.00009000 | ts=1785845953058
[2026-08-04T12:19:13.180Z] [INFO] TRADE → BTCUSDT | price=63801.63000000 | qty=0.00009000 | ts=1785845953058
[2026-08-04T12:19:13.180Z] [INFO] TRADE → BTCUSDT | price=63801.63000000 | qty=0.00009000 | ts=1785845953058
[2026-08-04T12:19:13.180Z] [INFO] TRADE → BTCUSDT | price=63801.63000000 | qty=0.00008000 | ts=1785845953058
[2026-08-04T12:19:13.181Z] [INFO] TRADE → BTCUSDT | price=63801.63000000 | qty=0.00009000 | ts=1785845953058
[2026-08-04T12:19:13.181Z] [INFO] TRADE → BTCUSDT | price=63801.63000000 | qty=0.00009000 | ts=1785845953058
[2026-08-04T12:19:13.181Z] [INFO] TRADE → BTCUSDT | price=63801.63000000 | qty=0.00009000 | ts=1785845953058
[2026-08-04T12:19:13.181Z] [INFO] TRADE → BTCUSDT | price=63801.63000000 | qty=0.00009000 | ts=1785845953058
[2026-08-04T12:19:13.182Z] [INFO] TRADE → BTCUSDT | price=63801.63000000 | qty=0.00008000 | ts=1785845953058
[2026-08-04T12:19:13.182Z] [INFO] TRADE → BTCUSDT | price=63801.63000000 | qty=0.01800000 | ts=1785845953058
[2026-08-04T12:19:13.182Z] [INFO] TRADE → BTCUSDT | price=63801.63000000 | qty=0.00009000 | ts=1785845953058
[2026-08-04T12:19:13.182Z] [INFO] TRADE → BTCUSDT | price=63801.63000000 | qty=0.00009000 | ts=1785845953058
[2026-08-04T12:19:13.182Z] [INFO] TRADE → BTCUSDT | price=63801.63000000 | qty=0.00009000 | ts=1785845953058
[2026-08-04T12:19:13.183Z] [INFO] TRADE → BTCUSDT | price=63801.63000000 | qty=0.00009000 | ts=1785845953058
[2026-08-04T12:19:13.183Z] [INFO] TRADE → BTCUSDT | price=63801.63000000 | qty=0.00009000 | ts=1785845953058
[2026-08-04T12:19:13.183Z] [INFO] TRADE → BTCUSDT | price=63801.63000000 | qty=0.00009000 | ts=1785845953058
[2026-08-04T12:19:13.183Z] [INFO] TRADE → BTCUSDT | price=63801.63000000 | qty=0.00009000 | ts=1785845953058
[2026-08-04T12:19:13.183Z] [INFO] TRADE → BTCUSDT | price=63801.63000000 | qty=0.00009000 | ts=1785845953058
[2026-08-04T12:19:13.183Z] [INFO] TRADE → BTCUSDT | price=63801.63000000 | qty=0.00009000 | ts=1785845953058
[2026-08-04T12:19:13.184Z] [INFO] TRADE → BTCUSDT | price=63801.63000000 | qty=0.00009000 | ts=1785845953058
[2026-08-04T12:19:13.184Z] [INFO] TRADE → BTCUSDT | price=63801.63000000 | qty=0.00009000 | ts=1785845953058
[2026-08-04T12:19:13.184Z] [INFO] TRADE → BTCUSDT | price=63801.63000000 | qty=0.00008000 | ts=1785845953058
[2026-08-04T12:19:13.185Z] [INFO] TRADE → BTCUSDT | price=63801.62000000 | qty=0.00009000 | ts=1785845953058
[2026-08-04T12:19:13.185Z] [INFO] TRADE → BTCUSDT | price=63801.62000000 | qty=0.00009000 | ts=1785845953058
[2026-08-04T12:19:13.185Z] [INFO] TRADE → BTCUSDT | price=63801.62000000 | qty=0.00009000 | ts=1785845953058
[2026-08-04T12:19:13.185Z] [INFO] TRADE → BTCUSDT | price=63801.62000000 | qty=0.00009000 | ts=1785845953058
[2026-08-04T12:19:13.185Z] [INFO] TRADE → BTCUSDT | price=63801.62000000 | qty=0.00009000 | ts=1785845953058
[2026-08-04T12:19:13.186Z] [INFO] TRADE → BTCUSDT | price=63801.62000000 | qty=0.00009000 | ts=1785845953058
[2026-08-04T12:19:13.186Z] [INFO] TRADE → BTCUSDT | price=63801.62000000 | qty=0.00009000 | ts=1785845953058
[2026-08-04T12:19:13.186Z] [INFO] TRADE → BTCUSDT | price=63801.62000000 | qty=0.00009000 | ts=1785845953058
[2026-08-04T12:19:13.186Z] [INFO] TRADE → BTCUSDT | price=63801.62000000 | qty=0.00009000 | ts=1785845953058
[2026-08-04T12:19:13.187Z] [INFO] TRADE → BTCUSDT | price=63801.28000000 | qty=0.00470000 | ts=1785845953058
[2026-08-04T12:19:13.187Z] [INFO] TRADE → BTCUSDT | price=63800.95000000 | qty=0.00062000 | ts=1785845953058
[2026-08-04T12:19:13.187Z] [INFO] TRADE → BTCUSDT | price=63800.70000000 | qty=0.00008000 | ts=1785845953058
[2026-08-04T12:19:13.187Z] [INFO] TRADE → BTCUSDT | price=63800.70000000 | qty=0.00008000 | ts=1785845953058
[2026-08-04T12:19:13.187Z] [INFO] TRADE → BTCUSDT | price=63800.70000000 | qty=0.00008000 | ts=1785845953058
[2026-08-04T12:19:13.187Z] [INFO] TRADE → BTCUSDT | price=63800.70000000 | qty=0.00008000 | ts=1785845953058
[2026-08-04T12:19:13.188Z] [INFO] TRADE → BTCUSDT | price=63800.10000000 | qty=0.00009000 | ts=1785845953058
[2026-08-04T12:19:13.188Z] [INFO] TRADE → BTCUSDT | price=63800.10000000 | qty=0.00008000 | ts=1785845953058
[2026-08-04T12:19:13.188Z] [INFO] TRADE → BTCUSDT | price=63800.10000000 | qty=0.00009000 | ts=1785845953058
[2026-08-04T12:19:13.188Z] [INFO] TRADE → BTCUSDT | price=63800.01000000 | qty=0.00009000 | ts=1785845953058
[2026-08-04T12:19:13.188Z] [INFO] TRADE → BTCUSDT | price=63800.01000000 | qty=0.00009000 | ts=1785845953058
[2026-08-04T12:19:13.189Z] [INFO] TRADE → BTCUSDT | price=63800.01000000 | qty=0.00009000 | ts=1785845953058
[2026-08-04T12:19:13.345Z] [INFO] TRADE → ETHUSDT | price=1868.52000000 | qty=0.00800000 | ts=1785845953228
[2026-08-04T12:19:13.345Z] [INFO] TRADE → ETHUSDT | price=1868.52000000 | qty=0.00280000 | ts=1785845953228
[2026-08-04T12:19:13.346Z] [INFO] TRADE → ETHUSDT | price=1868.52000000 | qty=0.00280000 | ts=1785845953228
[2026-08-04T12:19:13.346Z] [INFO] TRADE → ETHUSDT | price=1868.52000000 | qty=0.00270000 | ts=1785845953228
[2026-08-04T12:19:13.346Z] [INFO] TRADE → ETHUSDT | price=1868.52000000 | qty=0.00280000 | ts=1785845953228
[2026-08-04T12:19:13.346Z] [INFO] TRADE → ETHUSDT | price=1868.52000000 | qty=0.00270000 | ts=1785845953228
[2026-08-04T12:19:13.347Z] [INFO] TRADE → ETHUSDT | price=1868.52000000 | qty=0.00280000 | ts=1785845953228
[2026-08-04T12:19:13.347Z] [INFO] TRADE → ETHUSDT | price=1868.52000000 | qty=0.00280000 | ts=1785845953228
[2026-08-04T12:19:13.347Z] [INFO] TRADE → ETHUSDT | price=1868.52000000 | qty=0.00280000 | ts=1785845953228
[2026-08-04T12:19:13.347Z] [INFO] TRADE → ETHUSDT | price=1868.52000000 | qty=0.00540000 | ts=1785845953228
[2026-08-04T12:19:13.347Z] [INFO] TRADE → ETHUSDT | price=1868.52000000 | qty=0.00270000 | ts=1785845953228
[2026-08-04T12:19:13.347Z] [INFO] TRADE → ETHUSDT | price=1868.52000000 | qty=0.00270000 | ts=1785845953228
[2026-08-04T12:19:13.348Z] [INFO] TRADE → ETHUSDT | price=1868.52000000 | qty=0.00280000 | ts=1785845953228
[2026-08-04T12:19:13.348Z] [INFO] TRADE → ETHUSDT | price=1868.52000000 | qty=0.00280000 | ts=1785845953228
[2026-08-04T12:19:13.348Z] [INFO] TRADE → ETHUSDT | price=1868.52000000 | qty=0.00280000 | ts=1785845953228
[2026-08-04T12:19:13.348Z] [INFO] TRADE → ETHUSDT | price=1868.52000000 | qty=0.00270000 | ts=1785845953228
[2026-08-04T12:19:13.348Z] [INFO] TRADE → ETHUSDT | price=1868.51000000 | qty=0.00270000 | ts=1785845953228
[2026-08-04T12:19:13.348Z] [INFO] TRADE → ETHUSDT | price=1868.51000000 | qty=0.00270000 | ts=1785845953228
[2026-08-04T12:19:13.349Z] [INFO] TRADE → ETHUSDT | price=1868.51000000 | qty=0.00280000 | ts=1785845953228
[2026-08-04T12:19:13.349Z] [INFO] TRADE → ETHUSDT | price=1868.51000000 | qty=0.00280000 | ts=1785845953228
[2026-08-04T12:19:13.349Z] [INFO] TRADE → ETHUSDT | price=1868.51000000 | qty=0.00280000 | ts=1785845953228
[2026-08-04T12:19:13.349Z] [INFO] TRADE → ETHUSDT | price=1868.51000000 | qty=0.00280000 | ts=1785845953228
[2026-08-04T12:19:13.349Z] [INFO] TRADE → ETHUSDT | price=1868.51000000 | qty=0.00540000 | ts=1785845953228
[2026-08-04T12:19:13.350Z] [INFO] TRADE → ETHUSDT | price=1868.51000000 | qty=0.00270000 | ts=1785845953228
[2026-08-04T12:19:13.350Z] [INFO] TRADE → ETHUSDT | price=1868.51000000 | qty=0.00270000 | ts=1785845953228
[2026-08-04T12:19:13.350Z] [INFO] TRADE → ETHUSDT | price=1868.51000000 | qty=0.00270000 | ts=1785845953228
[2026-08-04T12:19:13.350Z] [INFO] TRADE → ETHUSDT | price=1868.51000000 | qty=0.00270000 | ts=1785845953228
[2026-08-04T12:19:13.351Z] [INFO] TRADE → ETHUSDT | price=1868.51000000 | qty=0.00270000 | ts=1785845953228
[2026-08-04T12:19:13.351Z] [INFO] TRADE → ETHUSDT | price=1868.51000000 | qty=0.00270000 | ts=1785845953228
[2026-08-04T12:19:13.351Z] [INFO] TRADE → ETHUSDT | price=1868.51000000 | qty=0.00270000 | ts=1785845953228
[2026-08-04T12:19:13.352Z] [INFO] TRADE → ETHUSDT | price=1868.51000000 | qty=0.00240000 | ts=1785845953228
[2026-08-04T12:19:13.468Z] [INFO] TRADE → ETHUSDT | price=1868.51000000 | qty=0.00030000 | ts=1785845953352
[2026-08-04T12:19:13.469Z] [INFO] TRADE → ETHUSDT | price=1868.51000000 | qty=0.00270000 | ts=1785845953352
[2026-08-04T12:19:13.469Z] [INFO] TRADE → ETHUSDT | price=1868.51000000 | qty=0.00280000 | ts=1785845953352
[2026-08-04T12:19:13.469Z] [INFO] TRADE → ETHUSDT | price=1868.51000000 | qty=0.00280000 | ts=1785845953352
[2026-08-04T12:19:13.470Z] [INFO] TRADE → ETHUSDT | price=1868.51000000 | qty=0.00280000 | ts=1785845953352
[2026-08-04T12:19:13.470Z] [INFO] TRADE → ETHUSDT | price=1868.51000000 | qty=0.00280000 | ts=1785845953352
[2026-08-04T12:19:13.470Z] [INFO] TRADE → ETHUSDT | price=1868.51000000 | qty=0.00280000 | ts=1785845953352
[2026-08-04T12:19:13.470Z] [INFO] TRADE → ETHUSDT | price=1868.51000000 | qty=0.00280000 | ts=1785845953352
[2026-08-04T12:19:13.471Z] [INFO] TRADE → ETHUSDT | price=1868.51000000 | qty=0.00280000 | ts=1785845953352
[2026-08-04T12:19:13.471Z] [INFO] TRADE → ETHUSDT | price=1868.51000000 | qty=0.00280000 | ts=1785845953352
[2026-08-04T12:19:13.471Z] [INFO] TRADE → ETHUSDT | price=1868.51000000 | qty=0.00280000 | ts=1785845953352
[2026-08-04T12:19:13.472Z] [INFO] TRADE → ETHUSDT | price=1868.51000000 | qty=0.00280000 | ts=1785845953352
[2026-08-04T12:19:13.472Z] [INFO] TRADE → ETHUSDT | price=1868.51000000 | qty=0.00280000 | ts=1785845953352
[2026-08-04T12:19:13.472Z] [INFO] TRADE → ETHUSDT | price=1868.51000000 | qty=0.00280000 | ts=1785845953352
[2026-08-04T12:19:13.472Z] [INFO] TRADE → ETHUSDT | price=1868.50000000 | qty=0.00280000 | ts=1785845953352
[2026-08-04T12:19:13.473Z] [INFO] TRADE → ETHUSDT | price=1868.50000000 | qty=0.00290000 | ts=1785845953352
[2026-08-04T12:19:13.474Z] [INFO] TRADE → ETHUSDT | price=1868.50000000 | qty=0.00290000 | ts=1785845953352
[2026-08-04T12:19:13.474Z] [INFO] TRADE → ETHUSDT | price=1868.50000000 | qty=0.00540000 | ts=1785845953352
[2026-08-04T12:19:13.474Z] [INFO] TRADE → ETHUSDT | price=1868.50000000 | qty=0.00270000 | ts=1785845953352
[2026-08-04T12:19:13.474Z] [INFO] TRADE → ETHUSDT | price=1868.50000000 | qty=0.00280000 | ts=1785845953352
[2026-08-04T12:19:13.475Z] [INFO] TRADE → ETHUSDT | price=1868.50000000 | qty=0.00280000 | ts=1785845953352
[2026-08-04T12:19:13.475Z] [INFO] TRADE → ETHUSDT | price=1868.50000000 | qty=0.00280000 | ts=1785845953352
[2026-08-04T12:19:13.475Z] [INFO] TRADE → ETHUSDT | price=1868.50000000 | qty=0.00290000 | ts=1785845953352
[2026-08-04T12:19:13.475Z] [INFO] TRADE → ETHUSDT | price=1868.50000000 | qty=0.00270000 | ts=1785845953352
[2026-08-04T12:19:13.972Z] [INFO] TRADE → ETHUSDT | price=1868.49000000 | qty=0.00270000 | ts=1785845953853
[2026-08-04T12:19:13.973Z] [INFO] TRADE → ETHUSDT | price=1868.49000000 | qty=0.00280000 | ts=1785845953853
[2026-08-04T12:19:13.973Z] [INFO] TRADE → ETHUSDT | price=1868.49000000 | qty=0.00270000 | ts=1785845953853
[2026-08-04T12:19:13.974Z] [INFO] TRADE → ETHUSDT | price=1868.49000000 | qty=0.00280000 | ts=1785845953853
[2026-08-04T12:19:13.974Z] [INFO] TRADE → ETHUSDT | price=1868.49000000 | qty=0.00280000 | ts=1785845953853
[2026-08-04T12:19:13.974Z] [INFO] TRADE → ETHUSDT | price=1868.49000000 | qty=0.00280000 | ts=1785845953853
[2026-08-04T12:19:13.974Z] [INFO] TRADE → ETHUSDT | price=1868.49000000 | qty=0.00280000 | ts=1785845953853
[2026-08-04T12:19:13.974Z] [INFO] TRADE → ETHUSDT | price=1868.49000000 | qty=0.00280000 | ts=1785845953853
[2026-08-04T12:19:13.975Z] [INFO] TRADE → ETHUSDT | price=1868.49000000 | qty=0.00280000 | ts=1785845953853
[2026-08-04T12:19:13.975Z] [INFO] TRADE → ETHUSDT | price=1868.49000000 | qty=0.00280000 | ts=1785845953853
[2026-08-04T12:19:13.975Z] [INFO] TRADE → ETHUSDT | price=1868.49000000 | qty=0.00280000 | ts=1785845953853
[2026-08-04T12:19:13.975Z] [INFO] TRADE → ETHUSDT | price=1868.49000000 | qty=0.00280000 | ts=1785845953853
[2026-08-04T12:19:13.975Z] [INFO] TRADE → ETHUSDT | price=1868.49000000 | qty=0.00280000 | ts=1785845953853
[2026-08-04T12:19:13.976Z] [INFO] TRADE → ETHUSDT | price=1868.49000000 | qty=0.00270000 | ts=1785845953853
[2026-08-04T12:19:13.978Z] [INFO] TRADE → ETHUSDT | price=1868.49000000 | qty=0.00270000 | ts=1785845953853
[2026-08-04T12:19:13.979Z] [INFO] TRADE → ETHUSDT | price=1868.49000000 | qty=0.00270000 | ts=1785845953853
[2026-08-04T12:19:13.979Z] [INFO] TRADE → ETHUSDT | price=1868.49000000 | qty=0.00270000 | ts=1785845953853
[2026-08-04T12:19:13.980Z] [INFO] TRADE → ETHUSDT | price=1868.48000000 | qty=0.00270000 | ts=1785845953853
[2026-08-04T12:19:13.980Z] [INFO] TRADE → ETHUSDT | price=1868.48000000 | qty=0.00280000 | ts=1785845953853
[2026-08-04T12:19:13.981Z] [INFO] TRADE → ETHUSDT | price=1868.48000000 | qty=0.00280000 | ts=1785845953853
[2026-08-04T12:19:13.981Z] [INFO] TRADE → ETHUSDT | price=1868.48000000 | qty=0.00280000 | ts=1785845953853
[2026-08-04T12:19:13.981Z] [INFO] TRADE → ETHUSDT | price=1868.48000000 | qty=0.00280000 | ts=1785845953853
[2026-08-04T12:19:13.981Z] [INFO] TRADE → ETHUSDT | price=1868.48000000 | qty=0.00270000 | ts=1785845953853
[2026-08-04T12:19:13.982Z] [INFO] TRADE → ETHUSDT | price=1868.48000000 | qty=0.00270000 | ts=1785845953853
[2026-08-04T12:19:13.982Z] [INFO] TRADE → ETHUSDT | price=1868.48000000 | qty=0.00270000 | ts=1785845953853
[2026-08-04T12:19:13.982Z] [INFO] TRADE → ETHUSDT | price=1868.48000000 | qty=0.00270000 | ts=1785845953853
[2026-08-04T12:19:13.983Z] [INFO] TRADE → ETHUSDT | price=1868.47000000 | qty=0.00270000 | ts=1785845953853
[2026-08-04T12:19:13.983Z] [INFO] TRADE → ETHUSDT | price=1868.47000000 | qty=0.00280000 | ts=1785845953853
[2026-08-04T12:19:13.983Z] [INFO] TRADE → ETHUSDT | price=1868.47000000 | qty=0.00270000 | ts=1785845953853
[2026-08-04T12:19:13.984Z] [INFO] TRADE → ETHUSDT | price=1868.47000000 | qty=0.00270000 | ts=1785845953853
[2026-08-04T12:19:13.984Z] [INFO] TRADE → ETHUSDT | price=1868.47000000 | qty=0.00270000 | ts=1785845953853
[2026-08-04T12:19:13.985Z] [INFO] TRADE → ETHUSDT | price=1868.47000000 | qty=0.00270000 | ts=1785845953853
[2026-08-04T12:19:13.985Z] [INFO] TRADE → ETHUSDT | price=1868.46000000 | qty=0.00270000 | ts=1785845953853
[2026-08-04T12:19:13.985Z] [INFO] TRADE → ETHUSDT | price=1868.46000000 | qty=0.00290000 | ts=1785845953853
[2026-08-04T12:19:13.986Z] [INFO] TRADE → ETHUSDT | price=1868.46000000 | qty=0.00290000 | ts=1785845953853
[2026-08-04T12:19:13.986Z] [INFO] TRADE → ETHUSDT | price=1868.46000000 | qty=0.00280000 | ts=1785845953853
[2026-08-04T12:19:13.987Z] [INFO] TRADE → ETHUSDT | price=1868.46000000 | qty=0.00270000 | ts=1785845953853
[2026-08-04T12:19:13.988Z] [INFO] TRADE → ETHUSDT | price=1868.46000000 | qty=0.00290000 | ts=1785845953853
[2026-08-04T12:19:13.989Z] [INFO] TRADE → ETHUSDT | price=1868.46000000 | qty=0.00270000 | ts=1785845953853
[2026-08-04T12:19:13.990Z] [INFO] TRADE → ETHUSDT | price=1868.46000000 | qty=0.00270000 | ts=1785845953853
[2026-08-04T12:19:13.990Z] [INFO] TRADE → ETHUSDT | price=1868.46000000 | qty=0.00270000 | ts=1785845953853
[2026-08-04T12:19:13.991Z] [INFO] TRADE → ETHUSDT | price=1868.45000000 | qty=0.00270000 | ts=1785845953853
[2026-08-04T12:19:13.991Z] [INFO] TRADE → ETHUSDT | price=1868.45000000 | qty=0.11730000 | ts=1785845953853
[2026-08-04T12:19:13.991Z] [INFO] TRADE → ETHUSDT | price=1868.45000000 | qty=0.00290000 | ts=1785845953853
[2026-08-04T12:19:13.992Z] [INFO] TRADE → ETHUSDT | price=1868.45000000 | qty=0.00290000 | ts=1785845953853
[2026-08-04T12:19:13.992Z] [INFO] TRADE → ETHUSDT | price=1868.45000000 | qty=0.00280000 | ts=1785845953853
[2026-08-04T12:19:13.992Z] [INFO] TRADE → ETHUSDT | price=1868.45000000 | qty=0.00270000 | ts=1785845953853
[2026-08-04T12:19:13.993Z] [INFO] TRADE → ETHUSDT | price=1868.45000000 | qty=0.00290000 | ts=1785845953853
[2026-08-04T12:19:13.993Z] [INFO] TRADE → ETHUSDT | price=1868.45000000 | qty=0.00270000 | ts=1785845953853
[2026-08-04T12:19:13.993Z] [INFO] TRADE → ETHUSDT | price=1868.45000000 | qty=0.00270000 | ts=1785845953853
[2026-08-04T12:19:13.994Z] [INFO] TRADE → ETHUSDT | price=1868.45000000 | qty=0.00270000 | ts=1785845953853
[2026-08-04T12:19:13.994Z] [INFO] TRADE → ETHUSDT | price=1868.44000000 | qty=0.00270000 | ts=1785845953853
[2026-08-04T12:19:13.994Z] [INFO] TRADE → ETHUSDT | price=1868.44000000 | qty=0.24380000 | ts=1785845953853
[2026-08-04T12:19:13.995Z] [INFO] TRADE → ETHUSDT | price=1868.44000000 | qty=0.00280000 | ts=1785845953853
[2026-08-04T12:19:13.995Z] [INFO] TRADE → ETHUSDT | price=1868.44000000 | qty=0.00290000 | ts=1785845953853
[2026-08-04T12:19:13.996Z] [INFO] TRADE → ETHUSDT | price=1868.44000000 | qty=0.00290000 | ts=1785845953853
[2026-08-04T12:19:13.996Z] [INFO] TRADE → ETHUSDT | price=1868.44000000 | qty=0.00270000 | ts=1785845953853
[2026-08-04T12:19:13.996Z] [INFO] TRADE → ETHUSDT | price=1868.44000000 | qty=0.00290000 | ts=1785845953853
[2026-08-04T12:19:13.996Z] [INFO] TRADE → ETHUSDT | price=1868.44000000 | qty=0.00270000 | ts=1785845953853
[2026-08-04T12:19:13.997Z] [INFO] TRADE → ETHUSDT | price=1868.44000000 | qty=0.00270000 | ts=1785845953853
[2026-08-04T12:19:13.997Z] [INFO] TRADE → ETHUSDT | price=1868.44000000 | qty=0.00270000 | ts=1785845953853
[2026-08-04T12:19:13.997Z] [INFO] TRADE → ETHUSDT | price=1868.43000000 | qty=0.00270000 | ts=1785845953855
[2026-08-04T12:19:13.998Z] [INFO] TRADE → ETHUSDT | price=1868.43000000 | qty=0.50000000 | ts=1785845953855
[2026-08-04T12:19:13.998Z] [INFO] TRADE → ETHUSDT | price=1868.43000000 | qty=0.00280000 | ts=1785845953855
[2026-08-04T12:19:13.998Z] [INFO] TRADE → ETHUSDT | price=1868.43000000 | qty=0.00270000 | ts=1785845953855
[2026-08-04T12:19:13.999Z] [INFO] TRADE → ETHUSDT | price=1868.43000000 | qty=0.00270000 | ts=1785845953855
[2026-08-04T12:19:13.999Z] [INFO] TRADE → ETHUSDT | price=1868.43000000 | qty=0.00010000 | ts=1785845953855
[2026-08-04T12:19:13.999Z] [INFO] TRADE → ETHUSDT | price=1868.43000000 | qty=0.00260000 | ts=1785845953856
[2026-08-04T12:19:14.000Z] [INFO] TRADE → ETHUSDT | price=1868.43000000 | qty=0.00280000 | ts=1785845953856
[2026-08-04T12:19:14.000Z] [INFO] TRADE → ETHUSDT | price=1868.43000000 | qty=0.00270000 | ts=1785845953856
[2026-08-04T12:19:14.000Z] [INFO] TRADE → ETHUSDT | price=1868.43000000 | qty=0.00270000 | ts=1785845953856
[2026-08-04T12:19:14.001Z] [INFO] TRADE → ETHUSDT | price=1868.42000000 | qty=0.00270000 | ts=1785845953856
[2026-08-04T12:19:14.006Z] [INFO] TRADE → ETHUSDT | price=1868.42000000 | qty=0.00280000 | ts=1785845953856
[2026-08-04T12:19:14.006Z] [INFO] TRADE → ETHUSDT | price=1868.42000000 | qty=0.00270000 | ts=1785845953856
[2026-08-04T12:19:14.007Z] [INFO] TRADE → ETHUSDT | price=1868.42000000 | qty=0.00270000 | ts=1785845953856
[2026-08-04T12:19:14.007Z] [INFO] TRADE → ETHUSDT | price=1868.42000000 | qty=0.00270000 | ts=1785845953856
[2026-08-04T12:19:14.007Z] [INFO] TRADE → ETHUSDT | price=1868.42000000 | qty=0.00270000 | ts=1785845953856
[2026-08-04T12:19:14.007Z] [INFO] TRADE → ETHUSDT | price=1868.41000000 | qty=0.00270000 | ts=1785845953856
[2026-08-04T12:19:14.007Z] [INFO] TRADE → ETHUSDT | price=1868.41000000 | qty=0.00290000 | ts=1785845953856
[2026-08-04T12:19:14.008Z] [INFO] TRADE → ETHUSDT | price=1868.41000000 | qty=0.00290000 | ts=1785845953856
[2026-08-04T12:19:14.008Z] [INFO] TRADE → ETHUSDT | price=1868.41000000 | qty=0.00280000 | ts=1785845953856
[2026-08-04T12:19:14.008Z] [INFO] TRADE → ETHUSDT | price=1868.41000000 | qty=0.00270000 | ts=1785845953856
[2026-08-04T12:19:14.008Z] [INFO] TRADE → ETHUSDT | price=1868.41000000 | qty=0.00290000 | ts=1785845953856
[2026-08-04T12:19:14.009Z] [INFO] TRADE → ETHUSDT | price=1868.41000000 | qty=0.00270000 | ts=1785845953856
[2026-08-04T12:19:14.009Z] [INFO] TRADE → ETHUSDT | price=1868.41000000 | qty=0.00270000 | ts=1785845953856
[2026-08-04T12:19:14.009Z] [INFO] TRADE → ETHUSDT | price=1868.41000000 | qty=0.00270000 | ts=1785845953856
[2026-08-04T12:19:14.010Z] [INFO] TRADE → ETHUSDT | price=1868.40000000 | qty=0.00270000 | ts=1785845953856
[2026-08-04T12:19:14.010Z] [INFO] TRADE → ETHUSDT | price=1868.40000000 | qty=0.00270000 | ts=1785845953856
[2026-08-04T12:19:14.010Z] [INFO] TRADE → ETHUSDT | price=1868.40000000 | qty=0.00300000 | ts=1785845953856
[2026-08-04T12:19:14.011Z] [INFO] TRADE → ETHUSDT | price=1868.40000000 | qty=0.00290000 | ts=1785845953856
[2026-08-04T12:19:14.011Z] [INFO] TRADE → ETHUSDT | price=1868.40000000 | qty=0.00290000 | ts=1785845953856
[2026-08-04T12:19:14.011Z] [INFO] TRADE → ETHUSDT | price=1868.40000000 | qty=0.00270000 | ts=1785845953856
[2026-08-04T12:19:14.011Z] [INFO] TRADE → ETHUSDT | price=1868.40000000 | qty=0.00290000 | ts=1785845953856
[2026-08-04T12:19:14.012Z] [INFO] TRADE → ETHUSDT | price=1868.40000000 | qty=0.00270000 | ts=1785845953856
[2026-08-04T12:19:14.012Z] [INFO] TRADE → ETHUSDT | price=1868.40000000 | qty=0.00270000 | ts=1785845953856
[2026-08-04T12:19:14.012Z] [INFO] TRADE → ETHUSDT | price=1868.40000000 | qty=0.00270000 | ts=1785845953856
[2026-08-04T12:19:14.012Z] [INFO] TRADE → ETHUSDT | price=1868.39000000 | qty=0.00270000 | ts=1785845953857
[2026-08-04T12:19:14.012Z] [INFO] TRADE → ETHUSDT | price=1868.39000000 | qty=0.00270000 | ts=1785845953857
[2026-08-04T12:19:14.013Z] [INFO] TRADE → ETHUSDT | price=1868.39000000 | qty=0.09460000 | ts=1785845953857
[2026-08-04T12:19:14.013Z] [INFO] TRADE → ETHUSDT | price=1868.39000000 | qty=0.12600000 | ts=1785845953880
[2026-08-04T12:19:14.063Z] [INFO] TRADE → ETHUSDT | price=1868.39000000 | qty=0.00280000 | ts=1785845953946
[2026-08-04T12:19:14.064Z] [INFO] TRADE → ETHUSDT | price=1868.39000000 | qty=0.00270000 | ts=1785845953946
[2026-08-04T12:19:14.064Z] [INFO] TRADE → ETHUSDT | price=1868.39000000 | qty=0.00270000 | ts=1785845953946
[2026-08-04T12:19:14.064Z] [INFO] TRADE → ETHUSDT | price=1868.39000000 | qty=0.00270000 | ts=1785845953946
[2026-08-04T12:19:14.064Z] [INFO] TRADE → ETHUSDT | price=1868.39000000 | qty=0.00280000 | ts=1785845953946
[2026-08-04T12:19:14.065Z] [INFO] TRADE → ETHUSDT | price=1868.39000000 | qty=0.00280000 | ts=1785845953946
[2026-08-04T12:19:14.065Z] [INFO] TRADE → ETHUSDT | price=1868.39000000 | qty=0.00280000 | ts=1785845953946
[2026-08-04T12:19:14.065Z] [INFO] TRADE → ETHUSDT | price=1868.39000000 | qty=0.00280000 | ts=1785845953946
[2026-08-04T12:19:14.065Z] [INFO] TRADE → ETHUSDT | price=1868.39000000 | qty=0.00280000 | ts=1785845953946
[2026-08-04T12:19:14.065Z] [INFO] TRADE → ETHUSDT | price=1868.39000000 | qty=0.00280000 | ts=1785845953946
[2026-08-04T12:19:14.066Z] [INFO] TRADE → ETHUSDT | price=1868.39000000 | qty=0.00270000 | ts=1785845953946
[2026-08-04T12:19:14.066Z] [INFO] TRADE → ETHUSDT | price=1868.39000000 | qty=0.00280000 | ts=1785845953946
[2026-08-04T12:19:14.066Z] [INFO] TRADE → ETHUSDT | price=1868.39000000 | qty=0.00280000 | ts=1785845953946
[2026-08-04T12:19:14.066Z] [INFO] TRADE → ETHUSDT | price=1868.39000000 | qty=0.00270000 | ts=1785845953946
[2026-08-04T12:19:14.067Z] [INFO] TRADE → ETHUSDT | price=1868.39000000 | qty=0.00270000 | ts=1785845953946
[2026-08-04T12:19:14.067Z] [INFO] TRADE → ETHUSDT | price=1868.39000000 | qty=0.00270000 | ts=1785845953946
[2026-08-04T12:19:14.067Z] [INFO] TRADE → ETHUSDT | price=1868.39000000 | qty=0.00270000 | ts=1785845953946
[2026-08-04T12:19:14.067Z] [INFO] TRADE → ETHUSDT | price=1868.39000000 | qty=0.00270000 | ts=1785845953946
[2026-08-04T12:19:14.067Z] [INFO] TRADE → ETHUSDT | price=1868.38000000 | qty=0.00280000 | ts=1785845953946
[2026-08-04T12:19:14.068Z] [INFO] TRADE → ETHUSDT | price=1868.38000000 | qty=0.00280000 | ts=1785845953946
[2026-08-04T12:19:14.068Z] [INFO] TRADE → ETHUSDT | price=1868.38000000 | qty=0.00280000 | ts=1785845953946
[2026-08-04T12:19:14.068Z] [INFO] TRADE → ETHUSDT | price=1868.38000000 | qty=0.00280000 | ts=1785845953946
[2026-08-04T12:19:14.068Z] [INFO] TRADE → ETHUSDT | price=1868.37000000 | qty=0.00270000 | ts=1785845953946
[2026-08-04T12:19:14.069Z] [INFO] TRADE → ETHUSDT | price=1868.37000000 | qty=0.00280000 | ts=1785845953946
[2026-08-04T12:19:14.069Z] [INFO] TRADE → ETHUSDT | price=1868.37000000 | qty=0.00270000 | ts=1785845953946
[2026-08-04T12:19:14.069Z] [INFO] TRADE → ETHUSDT | price=1868.37000000 | qty=0.00270000 | ts=1785845953946
[2026-08-04T12:19:14.069Z] [INFO] TRADE → ETHUSDT | price=1868.37000000 | qty=0.00270000 | ts=1785845953946
[2026-08-04T12:19:14.070Z] [INFO] TRADE → ETHUSDT | price=1868.37000000 | qty=0.00270000 | ts=1785845953946
[2026-08-04T12:19:14.070Z] [INFO] TRADE → ETHUSDT | price=1868.36000000 | qty=0.00290000 | ts=1785845953946
[2026-08-04T12:19:14.070Z] [INFO] TRADE → ETHUSDT | price=1868.36000000 | qty=0.00290000 | ts=1785845953946
[2026-08-04T12:19:14.071Z] [INFO] TRADE → ETHUSDT | price=1868.36000000 | qty=0.00290000 | ts=1785845953946
[2026-08-04T12:19:14.073Z] [INFO] TRADE → ETHUSDT | price=1868.35000000 | qty=0.11500000 | ts=1785845953956
[2026-08-04T12:19:14.074Z] [INFO] TRADE → ETHUSDT | price=1868.35000000 | qty=0.11500000 | ts=1785845953956
[2026-08-04T12:19:14.074Z] [INFO] TRADE → ETHUSDT | price=1868.35000000 | qty=0.08120000 | ts=1785845953956
[2026-08-04T12:19:14.074Z] [INFO] TRADE → ETHUSDT | price=1868.35000000 | qty=0.11500000 | ts=1785845953956
[2026-08-04T12:19:14.074Z] [INFO] TRADE → ETHUSDT | price=1868.35000000 | qty=0.00270000 | ts=1785845953956
[2026-08-04T12:19:14.074Z] [INFO] TRADE → ETHUSDT | price=1868.35000000 | qty=0.00270000 | ts=1785845953956
[2026-08-04T12:19:14.075Z] [INFO] TRADE → ETHUSDT | price=1868.35000000 | qty=0.00270000 | ts=1785845953956
[2026-08-04T12:19:14.075Z] [INFO] TRADE → ETHUSDT | price=1868.35000000 | qty=0.05350000 | ts=1785845953956
[2026-08-04T12:19:14.076Z] [INFO] TRADE → ETHUSDT | price=1868.35000000 | qty=0.00280000 | ts=1785845953956
[2026-08-04T12:19:14.076Z] [INFO] TRADE → ETHUSDT | price=1868.35000000 | qty=0.00280000 | ts=1785845953956
[2026-08-04T12:19:14.076Z] [INFO] TRADE → ETHUSDT | price=1868.35000000 | qty=0.00280000 | ts=1785845953956
[2026-08-04T12:19:14.076Z] [INFO] TRADE → ETHUSDT | price=1868.35000000 | qty=0.00280000 | ts=1785845953956
[2026-08-04T12:19:14.077Z] [INFO] TRADE → ETHUSDT | price=1868.35000000 | qty=0.00270000 | ts=1785845953956
[2026-08-04T12:19:14.077Z] [INFO] TRADE → ETHUSDT | price=1868.35000000 | qty=0.49530000 | ts=1785845953956
[2026-08-04T12:19:14.077Z] [INFO] TRADE → ETHUSDT | price=1868.35000000 | qty=0.00280000 | ts=1785845953956
[2026-08-04T12:19:14.077Z] [INFO] TRADE → ETHUSDT | price=1868.35000000 | qty=0.00280000 | ts=1785845953956
[2026-08-04T12:19:14.078Z] [INFO] TRADE → ETHUSDT | price=1868.35000000 | qty=0.11500000 | ts=1785845953956
[2026-08-04T12:19:14.078Z] [INFO] TRADE → ETHUSDT | price=1868.35000000 | qty=0.11500000 | ts=1785845953956
[2026-08-04T12:19:14.078Z] [INFO] TRADE → ETHUSDT | price=1868.35000000 | qty=0.11500000 | ts=1785845953956
[2026-08-04T12:19:14.078Z] [INFO] TRADE → ETHUSDT | price=1868.35000000 | qty=0.00270000 | ts=1785845953956
[2026-08-04T12:19:14.079Z] [INFO] TRADE → ETHUSDT | price=1868.35000000 | qty=0.00270000 | ts=1785845953956
[2026-08-04T12:19:14.079Z] [INFO] TRADE → ETHUSDT | price=1868.35000000 | qty=0.00270000 | ts=1785845953956
[2026-08-04T12:19:14.079Z] [INFO] TRADE → ETHUSDT | price=1868.35000000 | qty=0.11500000 | ts=1785845953956
[2026-08-04T12:19:14.079Z] [INFO] TRADE → ETHUSDT | price=1868.35000000 | qty=0.04430000 | ts=1785845953956
[2026-08-04T12:19:14.080Z] [INFO] TRADE → ETHUSDT | price=1868.35000000 | qty=0.11500000 | ts=1785845953956
[2026-08-04T12:19:14.080Z] [INFO] TRADE → ETHUSDT | price=1868.35000000 | qty=0.00270000 | ts=1785845953956
[2026-08-04T12:19:14.080Z] [INFO] TRADE → ETHUSDT | price=1868.35000000 | qty=0.00270000 | ts=1785845953956
[2026-08-04T12:19:14.080Z] [INFO] TRADE → ETHUSDT | price=1868.35000000 | qty=0.00270000 | ts=1785845953956
[2026-08-04T12:19:14.081Z] [INFO] TRADE → ETHUSDT | price=1868.35000000 | qty=0.11500000 | ts=1785845953956
[2026-08-04T12:19:14.081Z] [INFO] TRADE → ETHUSDT | price=1868.35000000 | qty=0.11500000 | ts=1785845953956
[2026-08-04T12:19:14.081Z] [INFO] TRADE → ETHUSDT | price=1868.35000000 | qty=0.00270000 | ts=1785845953956
[2026-08-04T12:19:14.081Z] [INFO] TRADE → ETHUSDT | price=1868.35000000 | qty=0.00270000 | ts=1785845953956
[2026-08-04T12:19:14.081Z] [INFO] TRADE → ETHUSDT | price=1868.35000000 | qty=0.00270000 | ts=1785845953956
[2026-08-04T12:19:14.082Z] [INFO] TRADE → ETHUSDT | price=1868.35000000 | qty=0.11500000 | ts=1785845953956
[2026-08-04T12:19:14.082Z] [INFO] TRADE → ETHUSDT | price=1868.35000000 | qty=0.11500000 | ts=1785845953956
[2026-08-04T12:19:14.082Z] [INFO] TRADE → ETHUSDT | price=1868.35000000 | qty=0.00270000 | ts=1785845953956
[2026-08-04T12:19:14.082Z] [INFO] TRADE → ETHUSDT | price=1868.35000000 | qty=0.00270000 | ts=1785845953956
[2026-08-04T12:19:14.083Z] [INFO] TRADE → ETHUSDT | price=1868.35000000 | qty=0.00270000 | ts=1785845953956
[2026-08-04T12:19:14.083Z] [INFO] TRADE → ETHUSDT | price=1868.35000000 | qty=0.11500000 | ts=1785845953956
[2026-08-04T12:19:14.083Z] [INFO] TRADE → ETHUSDT | price=1868.35000000 | qty=0.11500000 | ts=1785845953956
[2026-08-04T12:19:14.083Z] [INFO] TRADE → ETHUSDT | price=1868.35000000 | qty=0.11500000 | ts=1785845953956
[2026-08-04T12:19:14.083Z] [INFO] TRADE → ETHUSDT | price=1868.35000000 | qty=0.11500000 | ts=1785845953956
[2026-08-04T12:19:14.084Z] [INFO] TRADE → ETHUSDT | price=1868.35000000 | qty=0.11500000 | ts=1785845953956
[2026-08-04T12:19:14.084Z] [INFO] TRADE → ETHUSDT | price=1868.35000000 | qty=0.11500000 | ts=1785845953956
[2026-08-04T12:19:14.084Z] [INFO] TRADE → ETHUSDT | price=1868.35000000 | qty=0.01870000 | ts=1785845953956
[2026-08-04T12:19:14.084Z] [INFO] TRADE → ETHUSDT | price=1868.35000000 | qty=0.03620000 | ts=1785845953956
[2026-08-04T12:19:14.084Z] [INFO] TRADE → ETHUSDT | price=1868.34000000 | qty=0.00280000 | ts=1785845953956
[2026-08-04T12:19:14.085Z] [INFO] TRADE → ETHUSDT | price=1868.34000000 | qty=0.00280000 | ts=1785845953956
[2026-08-04T12:19:14.085Z] [INFO] TRADE → ETHUSDT | price=1868.34000000 | qty=0.00280000 | ts=1785845953956
[2026-08-04T12:19:14.085Z] [INFO] TRADE → ETHUSDT | price=1868.34000000 | qty=0.00280000 | ts=1785845953956
[2026-08-04T12:19:14.086Z] [INFO] TRADE → ETHUSDT | price=1868.33000000 | qty=0.00290000 | ts=1785845953956
[2026-08-04T12:19:14.086Z] [INFO] TRADE → ETHUSDT | price=1868.33000000 | qty=0.00290000 | ts=1785845953956
[2026-08-04T12:19:14.086Z] [INFO] TRADE → ETHUSDT | price=1868.33000000 | qty=0.00280000 | ts=1785845953956
[2026-08-04T12:19:14.086Z] [INFO] TRADE → ETHUSDT | price=1868.33000000 | qty=0.00290000 | ts=1785845953956
[2026-08-04T12:19:14.179Z] [INFO] TRADE → BTCUSDT | price=63800.00000000 | qty=0.01000000 | ts=1785845954061
[2026-08-04T12:19:14.180Z] [INFO] TRADE → BTCUSDT | price=63800.00000000 | qty=0.00500000 | ts=1785845954061
[2026-08-04T12:19:14.180Z] [INFO] TRADE → BTCUSDT | price=63800.00000000 | qty=0.00600000 | ts=1785845954061
[2026-08-04T12:19:14.180Z] [INFO] TRADE → BTCUSDT | price=63800.00000000 | qty=0.00800000 | ts=1785845954061
[2026-08-04T12:19:14.180Z] [INFO] TRADE → BTCUSDT | price=63800.00000000 | qty=0.00600000 | ts=1785845954061
[2026-08-04T12:19:14.181Z] [INFO] TRADE → BTCUSDT | price=63800.00000000 | qty=0.00800000 | ts=1785845954061
[2026-08-04T12:19:14.181Z] [INFO] TRADE → BTCUSDT | price=63800.00000000 | qty=0.00016000 | ts=1785845954061
[2026-08-04T12:19:14.181Z] [INFO] TRADE → BTCUSDT | price=63800.00000000 | qty=0.02500000 | ts=1785845954061
[2026-08-04T12:19:14.181Z] [INFO] TRADE → BTCUSDT | price=63800.00000000 | qty=0.00009000 | ts=1785845954061
[2026-08-04T12:19:14.181Z] [INFO] TRADE → BTCUSDT | price=63800.00000000 | qty=0.00008000 | ts=1785845954061
[2026-08-04T12:19:14.182Z] [INFO] TRADE → BTCUSDT | price=63800.00000000 | qty=0.00009000 | ts=1785845954061
[2026-08-04T12:19:14.182Z] [INFO] TRADE → BTCUSDT | price=63800.00000000 | qty=0.00018000 | ts=1785845954061
[2026-08-04T12:19:14.182Z] [INFO] TRADE → BTCUSDT | price=63800.00000000 | qty=0.00377000 | ts=1785845954061
[2026-08-04T12:19:14.182Z] [INFO] TRADE → BTCUSDT | price=63800.00000000 | qty=0.00031000 | ts=1785845954061
[2026-08-04T12:19:14.183Z] [INFO] TRADE → BTCUSDT | price=63800.00000000 | qty=0.00010000 | ts=1785845954061
[2026-08-04T12:19:14.183Z] [INFO] TRADE → BTCUSDT | price=63800.00000000 | qty=0.00033000 | ts=1785845954061
[2026-08-04T12:19:14.183Z] [INFO] TRADE → BTCUSDT | price=63800.00000000 | qty=0.00015000 | ts=1785845954061
[2026-08-04T12:19:14.183Z] [INFO] TRADE → BTCUSDT | price=63800.00000000 | qty=0.00008000 | ts=1785845954061
[2026-08-04T12:19:14.183Z] [INFO] TRADE → BTCUSDT | price=63800.00000000 | qty=0.00008000 | ts=1785845954061
[2026-08-04T12:19:14.183Z] [INFO] TRADE → BTCUSDT | price=63800.00000000 | qty=0.21921000 | ts=1785845954061
[2026-08-04T12:19:14.184Z] [INFO] TRADE → BTCUSDT | price=63800.00000000 | qty=0.00009000 | ts=1785845954061
[2026-08-04T12:19:14.184Z] [INFO] TRADE → BTCUSDT | price=63800.00000000 | qty=0.00008000 | ts=1785845954061
[2026-08-04T12:19:14.184Z] [INFO] TRADE → BTCUSDT | price=63800.00000000 | qty=0.00008000 | ts=1785845954061
[2026-08-04T12:19:14.184Z] [INFO] TRADE → BTCUSDT | price=63800.00000000 | qty=0.00009000 | ts=1785845954061
[2026-08-04T12:19:14.185Z] [INFO] TRADE → BTCUSDT | price=63800.00000000 | qty=0.00009000 | ts=1785845954061
[2026-08-04T12:19:14.185Z] [INFO] TRADE → BTCUSDT | price=63800.00000000 | qty=0.00009000 | ts=1785845954061
[2026-08-04T12:19:14.185Z] [INFO] TRADE → BTCUSDT | price=63800.00000000 | qty=0.00009000 | ts=1785845954061
[2026-08-04T12:19:14.185Z] [INFO] TRADE → BTCUSDT | price=63800.00000000 | qty=0.00009000 | ts=1785845954061
[2026-08-04T12:19:14.186Z] [INFO] TRADE → BTCUSDT | price=63800.00000000 | qty=0.00300000 | ts=1785845954061
[2026-08-04T12:19:14.186Z] [INFO] TRADE → BTCUSDT | price=63800.00000000 | qty=0.00009000 | ts=1785845954061
[2026-08-04T12:19:14.186Z] [INFO] TRADE → BTCUSDT | price=63800.00000000 | qty=0.00300000 | ts=1785845954061
[2026-08-04T12:19:14.186Z] [INFO] TRADE → BTCUSDT | price=63800.00000000 | qty=0.00009000 | ts=1785845954061
[2026-08-04T12:19:14.187Z] [INFO] TRADE → BTCUSDT | price=63800.00000000 | qty=0.00008000 | ts=1785845954061
[2026-08-04T12:19:14.187Z] [INFO] TRADE → BTCUSDT | price=63800.00000000 | qty=0.00009000 | ts=1785845954061
[2026-08-04T12:19:14.187Z] [INFO] TRADE → BTCUSDT | price=63800.00000000 | qty=0.00009000 | ts=1785845954061
[2026-08-04T12:19:14.187Z] [INFO] TRADE → BTCUSDT | price=63800.00000000 | qty=0.00009000 | ts=1785845954061
[2026-08-04T12:19:14.187Z] [INFO] TRADE → BTCUSDT | price=63800.00000000 | qty=0.00009000 | ts=1785845954061
[2026-08-04T12:19:14.188Z] [INFO] TRADE → BTCUSDT | price=63800.00000000 | qty=0.00008000 | ts=1785845954061
[2026-08-04T12:19:14.188Z] [INFO] TRADE → BTCUSDT | price=63800.00000000 | qty=0.00009000 | ts=1785845954061
[2026-08-04T12:19:14.188Z] [INFO] TRADE → BTCUSDT | price=63800.00000000 | qty=0.00009000 | ts=1785845954061
[2026-08-04T12:19:14.188Z] [INFO] TRADE → BTCUSDT | price=63800.00000000 | qty=0.00009000 | ts=1785845954061
[2026-08-04T12:19:14.188Z] [INFO] TRADE → BTCUSDT | price=63800.00000000 | qty=0.00009000 | ts=1785845954061
[2026-08-04T12:19:14.189Z] [INFO] TRADE → BTCUSDT | price=63800.00000000 | qty=0.00009000 | ts=1785845954061
[2026-08-04T12:19:14.189Z] [INFO] TRADE → BTCUSDT | price=63800.00000000 | qty=0.00009000 | ts=1785845954061
[2026-08-04T12:19:14.189Z] [INFO] TRADE → BTCUSDT | price=63800.00000000 | qty=0.00009000 | ts=1785845954061
[2026-08-04T12:19:14.189Z] [INFO] TRADE → BTCUSDT | price=63800.00000000 | qty=0.00009000 | ts=1785845954061
[2026-08-04T12:19:14.190Z] [INFO] TRADE → BTCUSDT | price=63800.00000000 | qty=0.00009000 | ts=1785845954061
[2026-08-04T12:19:14.190Z] [INFO] TRADE → BTCUSDT | price=63800.00000000 | qty=0.00009000 | ts=1785845954061
[2026-08-04T12:19:14.190Z] [INFO] TRADE → BTCUSDT | price=63800.00000000 | qty=0.00010000 | ts=1785845954061
[2026-08-04T12:19:14.190Z] [INFO] TRADE → BTCUSDT | price=63800.00000000 | qty=0.00009000 | ts=1785845954061
[2026-08-04T12:19:14.191Z] [INFO] TRADE → BTCUSDT | price=63800.00000000 | qty=0.00009000 | ts=1785845954061
[2026-08-04T12:19:14.191Z] [INFO] TRADE → BTCUSDT | price=63800.00000000 | qty=0.00009000 | ts=1785845954061
[2026-08-04T12:19:14.191Z] [INFO] TRADE → BTCUSDT | price=63800.00000000 | qty=0.00016000 | ts=1785845954061
[2026-08-04T12:19:14.191Z] [INFO] TRADE → BTCUSDT | price=63800.00000000 | qty=0.00008000 | ts=1785845954061
[2026-08-04T12:19:14.192Z] [INFO] TRADE → BTCUSDT | price=63800.00000000 | qty=0.00008000 | ts=1785845954061
[2026-08-04T12:19:14.192Z] [INFO] TRADE → BTCUSDT | price=63800.00000000 | qty=0.00008000 | ts=1785845954061
[2026-08-04T12:19:14.192Z] [INFO] TRADE → BTCUSDT | price=63800.00000000 | qty=0.00008000 | ts=1785845954061
[2026-08-04T12:19:14.192Z] [INFO] TRADE → BTCUSDT | price=63800.00000000 | qty=0.00008000 | ts=1785845954061
[2026-08-04T12:19:14.192Z] [INFO] TRADE → BTCUSDT | price=63800.00000000 | qty=0.00008000 | ts=1785845954061
[2026-08-04T12:19:14.193Z] [INFO] TRADE → BTCUSDT | price=63799.99000000 | qty=0.00009000 | ts=1785845954061
[2026-08-04T12:19:14.193Z] [INFO] TRADE → BTCUSDT | price=63799.99000000 | qty=0.00009000 | ts=1785845954061
[2026-08-04T12:19:14.193Z] [INFO] TRADE → BTCUSDT | price=63799.99000000 | qty=0.00009000 | ts=1785845954061
[2026-08-04T12:19:14.193Z] [INFO] TRADE → BTCUSDT | price=63799.99000000 | qty=0.00009000 | ts=1785845954061
[2026-08-04T12:19:14.193Z] [INFO] TRADE → BTCUSDT | price=63799.99000000 | qty=0.00009000 | ts=1785845954061
[2026-08-04T12:19:14.193Z] [INFO] TRADE → BTCUSDT | price=63799.99000000 | qty=0.00009000 | ts=1785845954061
[2026-08-04T12:19:14.194Z] [INFO] TRADE → BTCUSDT | price=63799.99000000 | qty=0.00009000 | ts=1785845954061
[2026-08-04T12:19:14.194Z] [INFO] TRADE → BTCUSDT | price=63799.99000000 | qty=0.00009000 | ts=1785845954061
[2026-08-04T12:19:14.194Z] [INFO] TRADE → BTCUSDT | price=63799.99000000 | qty=0.00009000 | ts=1785845954061
[2026-08-04T12:19:14.194Z] [INFO] TRADE → BTCUSDT | price=63799.99000000 | qty=0.00009000 | ts=1785845954061
[2026-08-04T12:19:14.195Z] [INFO] TRADE → BTCUSDT | price=63799.99000000 | qty=0.00016000 | ts=1785845954061
[2026-08-04T12:19:14.195Z] [INFO] TRADE → BTCUSDT | price=63799.98000000 | qty=0.00016000 | ts=1785845954061
[2026-08-04T12:19:14.197Z] [INFO] TRADE → BTCUSDT | price=63799.62000000 | qty=0.00008000 | ts=1785845954061
[2026-08-04T12:19:14.197Z] [INFO] TRADE → BTCUSDT | price=63799.62000000 | qty=0.00008000 | ts=1785845954061
[2026-08-04T12:19:14.198Z] [INFO] TRADE → BTCUSDT | price=63799.42000000 | qty=0.00008000 | ts=1785845954061
[2026-08-04T12:19:14.198Z] [INFO] TRADE → BTCUSDT | price=63798.86000000 | qty=0.00024000 | ts=1785845954061
[2026-08-04T12:19:14.198Z] [INFO] TRADE → BTCUSDT | price=63798.35000000 | qty=0.00009000 | ts=1785845954061
[2026-08-04T12:19:14.199Z] [INFO] TRADE → BTCUSDT | price=63798.35000000 | qty=0.00009000 | ts=1785845954061
[2026-08-04T12:19:14.199Z] [INFO] TRADE → BTCUSDT | price=63798.35000000 | qty=0.00009000 | ts=1785845954061
[2026-08-04T12:19:14.199Z] [INFO] TRADE → BTCUSDT | price=63798.35000000 | qty=0.00009000 | ts=1785845954061
[2026-08-04T12:19:14.200Z] [INFO] TRADE → BTCUSDT | price=63798.34000000 | qty=0.00294000 | ts=1785845954061
[2026-08-04T12:19:14.310Z] [INFO] TRADE → ETHUSDT | price=1868.32000000 | qty=0.00270000 | ts=1785845954193
[2026-08-04T12:19:14.311Z] [INFO] TRADE → ETHUSDT | price=1868.32000000 | qty=0.00270000 | ts=1785845954193
[2026-08-04T12:19:14.312Z] [INFO] TRADE → ETHUSDT | price=1868.32000000 | qty=0.00280000 | ts=1785845954193
[2026-08-04T12:19:14.312Z] [INFO] TRADE → ETHUSDT | price=1868.32000000 | qty=0.00270000 | ts=1785845954193
[2026-08-04T12:19:14.312Z] [INFO] TRADE → ETHUSDT | price=1868.32000000 | qty=0.00280000 | ts=1785845954193
[2026-08-04T12:19:14.313Z] [INFO] TRADE → ETHUSDT | price=1868.32000000 | qty=0.00280000 | ts=1785845954193
[2026-08-04T12:19:14.313Z] [INFO] TRADE → ETHUSDT | price=1868.32000000 | qty=0.00280000 | ts=1785845954193
[2026-08-04T12:19:14.313Z] [INFO] TRADE → ETHUSDT | price=1868.32000000 | qty=0.00280000 | ts=1785845954193
[2026-08-04T12:19:14.313Z] [INFO] TRADE → ETHUSDT | price=1868.32000000 | qty=0.00280000 | ts=1785845954193
[2026-08-04T12:19:14.314Z] [INFO] TRADE → ETHUSDT | price=1868.32000000 | qty=0.02500000 | ts=1785845954193
[2026-08-04T12:19:14.314Z] [INFO] TRADE → ETHUSDT | price=1868.32000000 | qty=0.00270000 | ts=1785845954193
[2026-08-04T12:19:14.315Z] [INFO] TRADE → ETHUSDT | price=1868.32000000 | qty=0.00270000 | ts=1785845954193
[2026-08-04T12:19:14.315Z] [INFO] TRADE → ETHUSDT | price=1868.31000000 | qty=0.00270000 | ts=1785845954193
[2026-08-04T12:19:14.316Z] [INFO] TRADE → ETHUSDT | price=1868.31000000 | qty=0.00280000 | ts=1785845954193
[2026-08-04T12:19:14.317Z] [INFO] TRADE → ETHUSDT | price=1868.31000000 | qty=0.00280000 | ts=1785845954193
[2026-08-04T12:19:14.317Z] [INFO] TRADE → ETHUSDT | price=1868.31000000 | qty=0.00280000 | ts=1785845954193
[2026-08-04T12:19:14.318Z] [INFO] TRADE → ETHUSDT | price=1868.31000000 | qty=0.00280000 | ts=1785845954193
[2026-08-04T12:19:14.318Z] [INFO] TRADE → ETHUSDT | price=1868.30000000 | qty=0.00300000 | ts=1785845954193
[2026-08-04T12:19:14.318Z] [INFO] TRADE → ETHUSDT | price=1868.30000000 | qty=0.00270000 | ts=1785845954193
[2026-08-04T12:19:14.319Z] [INFO] TRADE → ETHUSDT | price=1868.30000000 | qty=0.00280000 | ts=1785845954193
[2026-08-04T12:19:14.319Z] [INFO] TRADE → ETHUSDT | price=1868.30000000 | qty=0.00270000 | ts=1785845954193
[2026-08-04T12:19:14.320Z] [INFO] TRADE → ETHUSDT | price=1868.29000000 | qty=0.00270000 | ts=1785845954193
[2026-08-04T12:19:14.320Z] [INFO] TRADE → ETHUSDT | price=1868.29000000 | qty=0.00280000 | ts=1785845954193
[2026-08-04T12:19:14.320Z] [INFO] TRADE → ETHUSDT | price=1868.29000000 | qty=0.00270000 | ts=1785845954193
[2026-08-04T12:19:14.321Z] [INFO] TRADE → ETHUSDT | price=1868.29000000 | qty=0.00270000 | ts=1785845954193
[2026-08-04T12:19:14.321Z] [INFO] TRADE → ETHUSDT | price=1868.29000000 | qty=0.00270000 | ts=1785845954193
[2026-08-04T12:19:14.321Z] [INFO] TRADE → ETHUSDT | price=1868.29000000 | qty=0.00270000 | ts=1785845954193
[2026-08-04T12:19:14.321Z] [INFO] TRADE → ETHUSDT | price=1868.28000000 | qty=0.00270000 | ts=1785845954193
[2026-08-04T12:19:14.322Z] [INFO] TRADE → ETHUSDT | price=1868.28000000 | qty=0.00280000 | ts=1785845954193
[2026-08-04T12:19:14.322Z] [INFO] TRADE → ETHUSDT | price=1868.28000000 | qty=0.00270000 | ts=1785845954193
[2026-08-04T12:19:14.322Z] [INFO] TRADE → ETHUSDT | price=1868.28000000 | qty=0.00270000 | ts=1785845954193
[2026-08-04T12:19:14.323Z] [INFO] TRADE → ETHUSDT | price=1868.28000000 | qty=0.00270000 | ts=1785845954193
[2026-08-04T12:19:14.323Z] [INFO] TRADE → ETHUSDT | price=1868.28000000 | qty=0.00270000 | ts=1785845954193
[2026-08-04T12:19:14.323Z] [INFO] TRADE → ETHUSDT | price=1868.27000000 | qty=0.00270000 | ts=1785845954193
[2026-08-04T12:19:14.323Z] [INFO] TRADE → ETHUSDT | price=1868.27000000 | qty=0.00280000 | ts=1785845954193
[2026-08-04T12:19:14.324Z] [INFO] TRADE → ETHUSDT | price=1868.27000000 | qty=0.00270000 | ts=1785845954193
[2026-08-04T12:19:14.324Z] [INFO] TRADE → ETHUSDT | price=1868.27000000 | qty=0.00270000 | ts=1785845954193
[2026-08-04T12:19:14.324Z] [INFO] TRADE → ETHUSDT | price=1868.27000000 | qty=0.00270000 | ts=1785845954193
[2026-08-04T12:19:14.324Z] [INFO] TRADE → ETHUSDT | price=1868.27000000 | qty=0.00270000 | ts=1785845954193
[2026-08-04T12:19:14.325Z] [INFO] TRADE → ETHUSDT | price=1868.26000000 | qty=0.00270000 | ts=1785845954193
[2026-08-04T12:19:14.326Z] [INFO] TRADE → ETHUSDT | price=1868.26000000 | qty=0.00280000 | ts=1785845954193
[2026-08-04T12:19:14.326Z] [INFO] TRADE → ETHUSDT | price=1868.26000000 | qty=0.00290000 | ts=1785845954193
[2026-08-04T12:19:14.326Z] [INFO] TRADE → ETHUSDT | price=1868.26000000 | qty=0.00290000 | ts=1785845954193
[2026-08-04T12:19:14.327Z] [INFO] TRADE → ETHUSDT | price=1868.26000000 | qty=0.00270000 | ts=1785845954193
[2026-08-04T12:19:14.327Z] [INFO] TRADE → ETHUSDT | price=1868.26000000 | qty=0.00290000 | ts=1785845954193
[2026-08-04T12:19:14.327Z] [INFO] TRADE → ETHUSDT | price=1868.25000000 | qty=0.10740000 | ts=1785845954193
[2026-08-04T12:19:14.328Z] [INFO] TRADE → ETHUSDT | price=1868.25000000 | qty=0.02110000 | ts=1785845954193
[2026-08-04T12:19:14.328Z] [INFO] TRADE → ETHUSDT | price=1868.25000000 | qty=0.00270000 | ts=1785845954193
[2026-08-04T12:19:14.328Z] [INFO] TRADE → ETHUSDT | price=1868.25000000 | qty=0.00280000 | ts=1785845954193
[2026-08-04T12:19:14.328Z] [INFO] TRADE → ETHUSDT | price=1868.25000000 | qty=0.00270000 | ts=1785845954193
[2026-08-04T12:19:14.329Z] [INFO] TRADE → ETHUSDT | price=1868.24000000 | qty=0.02510000 | ts=1785845954193
[2026-08-04T12:19:14.329Z] [INFO] TRADE → ETHUSDT | price=1868.24000000 | qty=0.00270000 | ts=1785845954193
[2026-08-04T12:19:14.329Z] [INFO] TRADE → ETHUSDT | price=1868.24000000 | qty=0.00280000 | ts=1785845954193
[2026-08-04T12:19:14.329Z] [INFO] TRADE → ETHUSDT | price=1868.24000000 | qty=0.00270000 | ts=1785845954193
[2026-08-04T12:19:14.437Z] [INFO] TRADE → ETHUSDT | price=1868.24000000 | qty=0.13900000 | ts=1785845954321
[2026-08-04T12:19:14.450Z] [INFO] TRADE → ETHUSDT | price=1868.24000000 | qty=0.13900000 | ts=1785845954334
[2026-08-04T12:19:14.463Z] [INFO] TRADE → ETHUSDT | price=1868.24000000 | qty=0.13900000 | ts=1785845954348
[2026-08-04T12:19:14.470Z] [INFO] TRADE → ETHUSDT | price=1868.24000000 | qty=0.13900000 | ts=1785845954354
[2026-08-04T12:19:14.473Z] [INFO] TRADE → ETHUSDT | price=1868.24000000 | qty=0.13900000 | ts=1785845954358
[2026-08-04T12:19:14.482Z] [INFO] TRADE → ETHUSDT | price=1868.24000000 | qty=0.13900000 | ts=1785845954366
[2026-08-04T12:19:14.484Z] [INFO] TRADE → ETHUSDT | price=1868.24000000 | qty=0.13900000 | ts=1785845954369
[2026-08-04T12:19:14.489Z] [INFO] TRADE → ETHUSDT | price=1868.24000000 | qty=0.13900000 | ts=1785845954372
[2026-08-04T12:19:14.490Z] [INFO] TRADE → ETHUSDT | price=1868.24000000 | qty=0.13900000 | ts=1785845954374
[2026-08-04T12:19:14.496Z] [INFO] TRADE → ETHUSDT | price=1868.24000000 | qty=0.13900000 | ts=1785845954380
[2026-08-04T12:19:14.502Z] [INFO] TRADE → ETHUSDT | price=1868.24000000 | qty=1.64680000 | ts=1785845954385
[2026-08-04T12:19:14.503Z] [INFO] TRADE → ETHUSDT | price=1868.24000000 | qty=4.00000000 | ts=1785845954385
[2026-08-04T12:19:14.503Z] [INFO] TRADE → ETHUSDT | price=1868.24000000 | qty=3.00000000 | ts=1785845954385
[2026-08-04T12:19:14.503Z] [INFO] TRADE → ETHUSDT | price=1868.24000000 | qty=3.28700000 | ts=1785845954385
[2026-08-04T12:19:14.504Z] [INFO] TRADE → ETHUSDT | price=1868.24000000 | qty=5.34270000 | ts=1785845954385
[2026-08-04T12:19:14.504Z] [INFO] TRADE → ETHUSDT | price=1868.24000000 | qty=2.19370000 | ts=1785845954385
[2026-08-04T12:19:14.504Z] [INFO] TRADE → ETHUSDT | price=1868.24000000 | qty=0.90420000 | ts=1785845954385
[2026-08-04T12:19:14.505Z] [INFO] TRADE → ETHUSDT | price=1868.24000000 | qty=0.00320000 | ts=1785845954385
[2026-08-04T12:19:14.505Z] [INFO] TRADE → ETHUSDT | price=1868.24000000 | qty=2.70060000 | ts=1785845954385
[2026-08-04T12:19:14.505Z] [INFO] TRADE → ETHUSDT | price=1868.24000000 | qty=3.05960000 | ts=1785845954385
[2026-08-04T12:19:14.505Z] [INFO] TRADE → ETHUSDT | price=1868.24000000 | qty=8.10200000 | ts=1785845954385
[2026-08-04T12:19:14.505Z] [INFO] TRADE → ETHUSDT | price=1868.24000000 | qty=2.26160000 | ts=1785845954385
[2026-08-04T12:19:14.506Z] [INFO] TRADE → ETHUSDT | price=1868.24000000 | qty=1.71300000 | ts=1785845954385
[2026-08-04T12:19:14.506Z] [INFO] TRADE → ETHUSDT | price=1868.24000000 | qty=10.70150000 | ts=1785845954385
[2026-08-04T12:19:14.506Z] [INFO] TRADE → ETHUSDT | price=1868.24000000 | qty=0.00270000 | ts=1785845954385
[2026-08-04T12:19:14.506Z] [INFO] TRADE → ETHUSDT | price=1868.24000000 | qty=5.68000000 | ts=1785845954385
[2026-08-04T12:19:14.507Z] [INFO] TRADE → ETHUSDT | price=1868.24000000 | qty=0.00280000 | ts=1785845954385
[2026-08-04T12:19:14.507Z] [INFO] TRADE → ETHUSDT | price=1868.24000000 | qty=10.71680000 | ts=1785845954385
[2026-08-04T12:19:14.507Z] [INFO] TRADE → ETHUSDT | price=1868.24000000 | qty=0.00280000 | ts=1785845954385
[2026-08-04T12:19:14.508Z] [INFO] TRADE → ETHUSDT | price=1868.24000000 | qty=1.82300000 | ts=1785845954385
[2026-08-04T12:19:14.508Z] [INFO] TRADE → ETHUSDT | price=1868.24000000 | qty=0.00540000 | ts=1785845954385
[2026-08-04T12:19:14.509Z] [INFO] TRADE → ETHUSDT | price=1868.24000000 | qty=0.00270000 | ts=1785845954385
[2026-08-04T12:19:14.509Z] [INFO] TRADE → ETHUSDT | price=1868.24000000 | qty=0.00270000 | ts=1785845954385
[2026-08-04T12:19:14.509Z] [INFO] TRADE → ETHUSDT | price=1868.24000000 | qty=0.54510000 | ts=1785845954385
[2026-08-04T12:19:14.510Z] [INFO] TRADE → ETHUSDT | price=1868.24000000 | qty=0.00270000 | ts=1785845954385
[2026-08-04T12:19:14.510Z] [INFO] TRADE → ETHUSDT | price=1868.24000000 | qty=0.00270000 | ts=1785845954385
[2026-08-04T12:19:14.510Z] [INFO] TRADE → ETHUSDT | price=1868.24000000 | qty=0.00270000 | ts=1785845954385
[2026-08-04T12:19:14.510Z] [INFO] TRADE → ETHUSDT | price=1868.24000000 | qty=0.00280000 | ts=1785845954385
[2026-08-04T12:19:14.511Z] [INFO] TRADE → ETHUSDT | price=1868.24000000 | qty=0.00270000 | ts=1785845954385
[2026-08-04T12:19:14.511Z] [INFO] TRADE → ETHUSDT | price=1868.24000000 | qty=0.07300000 | ts=1785845954385
[2026-08-04T12:19:14.511Z] [INFO] TRADE → ETHUSDT | price=1868.24000000 | qty=0.10330000 | ts=1785845954385
[2026-08-04T12:19:14.511Z] [INFO] TRADE → ETHUSDT | price=1868.24000000 | qty=0.00320000 | ts=1785845954385
[2026-08-04T12:19:14.512Z] [INFO] TRADE → ETHUSDT | price=1868.24000000 | qty=0.00270000 | ts=1785845954385
[2026-08-04T12:19:14.512Z] [INFO] TRADE → ETHUSDT | price=1868.24000000 | qty=0.00270000 | ts=1785845954385
[2026-08-04T12:19:14.512Z] [INFO] TRADE → ETHUSDT | price=1868.24000000 | qty=0.00270000 | ts=1785845954385
[2026-08-04T12:19:14.513Z] [INFO] TRADE → ETHUSDT | price=1868.24000000 | qty=0.00270000 | ts=1785845954385
[2026-08-04T12:19:14.513Z] [INFO] TRADE → ETHUSDT | price=1868.24000000 | qty=0.00270000 | ts=1785845954385
[2026-08-04T12:19:14.514Z] [INFO] TRADE → ETHUSDT | price=1868.24000000 | qty=0.00270000 | ts=1785845954385
[2026-08-04T12:19:14.514Z] [INFO] TRADE → ETHUSDT | price=1868.24000000 | qty=0.00270000 | ts=1785845954385
[2026-08-04T12:19:14.514Z] [INFO] TRADE → ETHUSDT | price=1868.24000000 | qty=0.00270000 | ts=1785845954385
[2026-08-04T12:19:14.514Z] [INFO] TRADE → ETHUSDT | price=1868.24000000 | qty=0.00270000 | ts=1785845954385
[2026-08-04T12:19:14.515Z] [INFO] TRADE → ETHUSDT | price=1868.24000000 | qty=0.00270000 | ts=1785845954385
[2026-08-04T12:19:14.515Z] [INFO] TRADE → ETHUSDT | price=1868.24000000 | qty=0.00270000 | ts=1785845954385
[2026-08-04T12:19:14.515Z] [INFO] TRADE → ETHUSDT | price=1868.24000000 | qty=0.00270000 | ts=1785845954385
[2026-08-04T12:19:14.515Z] [INFO] TRADE → ETHUSDT | price=1868.24000000 | qty=0.00270000 | ts=1785845954385
[2026-08-04T12:19:14.515Z] [INFO] TRADE → ETHUSDT | price=1868.24000000 | qty=0.00270000 | ts=1785845954385
[2026-08-04T12:19:14.516Z] [INFO] TRADE → ETHUSDT | price=1868.24000000 | qty=0.00270000 | ts=1785845954385
[2026-08-04T12:19:14.516Z] [INFO] TRADE → ETHUSDT | price=1868.24000000 | qty=0.00270000 | ts=1785845954385
[2026-08-04T12:19:14.828Z] [INFO] TRADE → BTCUSDT | price=63798.35000000 | qty=0.00293000 | ts=1785845954714
[2026-08-04T12:19:14.909Z] [INFO] TRADE → BTCUSDT | price=63798.34000000 | qty=0.00017000 | ts=1785845954795
[2026-08-04T12:19:15.083Z] [INFO] TRADE → ETHUSDT | price=1868.25000000 | qty=0.00540000 | ts=1785845954968
[2026-08-04T12:19:15.084Z] [INFO] TRADE → ETHUSDT | price=1868.25000000 | qty=0.00280000 | ts=1785845954968
[2026-08-04T12:19:15.084Z] [INFO] TRADE → ETHUSDT | price=1868.25000000 | qty=0.00290000 | ts=1785845954968
[2026-08-04T12:19:15.084Z] [INFO] TRADE → ETHUSDT | price=1868.25000000 | qty=0.00290000 | ts=1785845954968
[2026-08-04T12:19:15.084Z] [INFO] TRADE → ETHUSDT | price=1868.25000000 | qty=0.03950000 | ts=1785845954968
[2026-08-04T12:19:15.180Z] [INFO] TRADE → BTCUSDT | price=63798.34000000 | qty=0.03689000 | ts=1785845955064
[2026-08-04T12:19:15.180Z] [INFO] TRADE → BTCUSDT | price=63798.34000000 | qty=0.00009000 | ts=1785845955064
[2026-08-04T12:19:15.180Z] [INFO] TRADE → BTCUSDT | price=63798.34000000 | qty=0.00008000 | ts=1785845955064
[2026-08-04T12:19:15.181Z] [INFO] TRADE → BTCUSDT | price=63798.34000000 | qty=0.00009000 | ts=1785845955064
[2026-08-04T12:19:15.181Z] [INFO] TRADE → BTCUSDT | price=63798.34000000 | qty=0.00008000 | ts=1785845955064
[2026-08-04T12:19:15.181Z] [INFO] TRADE → BTCUSDT | price=63798.34000000 | qty=0.00008000 | ts=1785845955064
[2026-08-04T12:19:15.181Z] [INFO] TRADE → BTCUSDT | price=63798.34000000 | qty=0.00009000 | ts=1785845955064
[2026-08-04T12:19:15.181Z] [INFO] TRADE → BTCUSDT | price=63798.34000000 | qty=0.00009000 | ts=1785845955064
[2026-08-04T12:19:15.182Z] [INFO] TRADE → BTCUSDT | price=63798.34000000 | qty=0.00009000 | ts=1785845955064
[2026-08-04T12:19:15.182Z] [INFO] TRADE → BTCUSDT | price=63798.34000000 | qty=0.00009000 | ts=1785845955064
[2026-08-04T12:19:15.182Z] [INFO] TRADE → BTCUSDT | price=63798.34000000 | qty=0.00009000 | ts=1785845955064
[2026-08-04T12:19:15.182Z] [INFO] TRADE → BTCUSDT | price=63798.34000000 | qty=0.00009000 | ts=1785845955064
[2026-08-04T12:19:15.183Z] [INFO] TRADE → BTCUSDT | price=63798.34000000 | qty=0.00009000 | ts=1785845955064
[2026-08-04T12:19:15.183Z] [INFO] TRADE → BTCUSDT | price=63798.34000000 | qty=0.00009000 | ts=1785845955064
[2026-08-04T12:19:15.183Z] [INFO] TRADE → BTCUSDT | price=63798.34000000 | qty=0.00009000 | ts=1785845955064
[2026-08-04T12:19:15.183Z] [INFO] TRADE → BTCUSDT | price=63798.34000000 | qty=0.00009000 | ts=1785845955064
[2026-08-04T12:19:15.184Z] [INFO] TRADE → BTCUSDT | price=63798.34000000 | qty=0.07570000 | ts=1785845955064
[2026-08-04T12:19:15.184Z] [INFO] TRADE → BTCUSDT | price=63798.34000000 | qty=0.00009000 | ts=1785845955064
[2026-08-04T12:19:15.184Z] [INFO] TRADE → BTCUSDT | price=63798.34000000 | qty=0.00008000 | ts=1785845955064
[2026-08-04T12:19:15.185Z] [INFO] TRADE → BTCUSDT | price=63798.34000000 | qty=0.00009000 | ts=1785845955064
[2026-08-04T12:19:15.185Z] [INFO] TRADE → BTCUSDT | price=63798.34000000 | qty=0.00008000 | ts=1785845955064
[2026-08-04T12:19:15.185Z] [INFO] TRADE → BTCUSDT | price=63798.34000000 | qty=0.00048000 | ts=1785845955064
[2026-08-04T12:19:15.186Z] [INFO] TRADE → BTCUSDT | price=63798.34000000 | qty=0.00009000 | ts=1785845955064
[2026-08-04T12:19:15.186Z] [INFO] TRADE → BTCUSDT | price=63798.34000000 | qty=0.00009000 | ts=1785845955064
[2026-08-04T12:19:15.186Z] [INFO] TRADE → BTCUSDT | price=63798.34000000 | qty=0.00009000 | ts=1785845955064
[2026-08-04T12:19:15.187Z] [INFO] TRADE → BTCUSDT | price=63798.34000000 | qty=0.00009000 | ts=1785845955064
[2026-08-04T12:19:15.187Z] [INFO] TRADE → BTCUSDT | price=63798.34000000 | qty=0.00009000 | ts=1785845955064
[2026-08-04T12:19:15.187Z] [INFO] TRADE → BTCUSDT | price=63798.34000000 | qty=0.00009000 | ts=1785845955064
[2026-08-04T12:19:15.187Z] [INFO] TRADE → BTCUSDT | price=63798.34000000 | qty=0.00009000 | ts=1785845955064
[2026-08-04T12:19:15.188Z] [INFO] TRADE → BTCUSDT | price=63798.34000000 | qty=0.00016000 | ts=1785845955064
[2026-08-04T12:19:15.188Z] [INFO] TRADE → BTCUSDT | price=63798.34000000 | qty=0.00009000 | ts=1785845955064
[2026-08-04T12:19:15.188Z] [INFO] TRADE → BTCUSDT | price=63798.34000000 | qty=0.00008000 | ts=1785845955064
[2026-08-04T12:19:15.188Z] [INFO] TRADE → BTCUSDT | price=63798.34000000 | qty=0.00008000 | ts=1785845955064
[2026-08-04T12:19:15.189Z] [INFO] TRADE → BTCUSDT | price=63798.34000000 | qty=0.00008000 | ts=1785845955064
[2026-08-04T12:19:15.388Z] [INFO] TRADE → BTCUSDT | price=63798.34000000 | qty=0.00035000 | ts=1785845955273
[2026-08-04T12:19:15.401Z] [INFO] TRADE → BTCUSDT | price=63798.34000000 | qty=0.00011000 | ts=1785845955287
[2026-08-04T12:19:15.813Z] [INFO] TRADE → BTCUSDT | price=63798.33000000 | qty=0.00009000 | ts=1785845955688
[2026-08-04T12:19:15.813Z] [INFO] TRADE → BTCUSDT | price=63798.33000000 | qty=0.00009000 | ts=1785845955688
[2026-08-04T12:19:15.814Z] [INFO] TRADE → BTCUSDT | price=63798.33000000 | qty=0.00009000 | ts=1785845955688
[2026-08-04T12:19:15.814Z] [INFO] TRADE → BTCUSDT | price=63798.33000000 | qty=0.00007000 | ts=1785845955688
[2026-08-04T12:19:16.060Z] [INFO] TRADE → BTCUSDT | price=63798.33000000 | qty=0.00002000 | ts=1785845955946
[2026-08-04T12:19:16.061Z] [INFO] TRADE → BTCUSDT | price=63798.33000000 | qty=0.00009000 | ts=1785845955946
[2026-08-04T12:19:16.061Z] [INFO] TRADE → BTCUSDT | price=63798.33000000 | qty=0.00067000 | ts=1785845955946
[2026-08-04T12:19:16.074Z] [INFO] TRADE → BTCUSDT | price=63798.33000000 | qty=0.00233000 | ts=1785845955958
[2026-08-04T12:19:16.074Z] [INFO] TRADE → BTCUSDT | price=63798.33000000 | qty=0.00300000 | ts=1785845955958
[2026-08-04T12:19:16.075Z] [INFO] TRADE → BTCUSDT | price=63798.33000000 | qty=0.00009000 | ts=1785845955958
[2026-08-04T12:19:16.075Z] [INFO] TRADE → BTCUSDT | price=63798.33000000 | qty=0.00009000 | ts=1785845955958
[2026-08-04T12:19:16.075Z] [INFO] TRADE → BTCUSDT | price=63798.33000000 | qty=0.00009000 | ts=1785845955958
[2026-08-04T12:19:16.076Z] [INFO] TRADE → BTCUSDT | price=63798.33000000 | qty=0.00009000 | ts=1785845955958
[2026-08-04T12:19:16.076Z] [INFO] TRADE → BTCUSDT | price=63798.33000000 | qty=0.00009000 | ts=1785845955958
[2026-08-04T12:19:16.076Z] [INFO] TRADE → BTCUSDT | price=63798.33000000 | qty=0.00016000 | ts=1785845955958
[2026-08-04T12:19:16.076Z] [INFO] TRADE → BTCUSDT | price=63798.33000000 | qty=0.00009000 | ts=1785845955958
[2026-08-04T12:19:16.077Z] [INFO] TRADE → BTCUSDT | price=63798.33000000 | qty=0.00009000 | ts=1785845955958
[2026-08-04T12:19:16.077Z] [INFO] TRADE → BTCUSDT | price=63798.33000000 | qty=0.00008000 | ts=1785845955958
[2026-08-04T12:19:16.077Z] [INFO] TRADE → BTCUSDT | price=63798.33000000 | qty=0.00009000 | ts=1785845955958
[2026-08-04T12:19:16.077Z] [INFO] TRADE → BTCUSDT | price=63798.33000000 | qty=0.00008000 | ts=1785845955958
[2026-08-04T12:19:16.078Z] [INFO] TRADE → BTCUSDT | price=63798.33000000 | qty=0.00009000 | ts=1785845955958
[2026-08-04T12:19:16.078Z] [INFO] TRADE → BTCUSDT | price=63798.33000000 | qty=0.00009000 | ts=1785845955958
[2026-08-04T12:19:16.078Z] [INFO] TRADE → BTCUSDT | price=63798.33000000 | qty=0.00009000 | ts=1785845955958
[2026-08-04T12:19:16.079Z] [INFO] TRADE → BTCUSDT | price=63798.33000000 | qty=0.00008000 | ts=1785845955958
[2026-08-04T12:19:16.079Z] [INFO] TRADE → BTCUSDT | price=63798.33000000 | qty=0.00009000 | ts=1785845955958
[2026-08-04T12:19:16.080Z] [INFO] TRADE → BTCUSDT | price=63798.33000000 | qty=0.00009000 | ts=1785845955958
[2026-08-04T12:19:16.080Z] [INFO] TRADE → BTCUSDT | price=63798.33000000 | qty=0.00009000 | ts=1785845955958
[2026-08-04T12:19:16.081Z] [INFO] TRADE → BTCUSDT | price=63798.33000000 | qty=0.00009000 | ts=1785845955958
[2026-08-04T12:19:16.081Z] [INFO] TRADE → BTCUSDT | price=63798.33000000 | qty=0.00009000 | ts=1785845955958
[2026-08-04T12:19:16.081Z] [INFO] TRADE → BTCUSDT | price=63798.33000000 | qty=0.00009000 | ts=1785845955958
[2026-08-04T12:19:16.081Z] [INFO] TRADE → BTCUSDT | price=63798.33000000 | qty=0.00009000 | ts=1785845955958
[2026-08-04T12:19:16.082Z] [INFO] TRADE → BTCUSDT | price=63798.33000000 | qty=0.00009000 | ts=1785845955958
[2026-08-04T12:19:16.082Z] [INFO] TRADE → BTCUSDT | price=63798.33000000 | qty=0.00009000 | ts=1785845955958
[2026-08-04T12:19:16.083Z] [INFO] TRADE → BTCUSDT | price=63798.33000000 | qty=0.00008000 | ts=1785845955958
[2026-08-04T12:19:16.083Z] [INFO] TRADE → BTCUSDT | price=63798.33000000 | qty=0.00022000 | ts=1785845955958
[2026-08-04T12:19:16.083Z] [INFO] TRADE → BTCUSDT | price=63798.33000000 | qty=0.08063000 | ts=1785845955959
[2026-08-04T12:19:16.084Z] [INFO] TRADE → BTCUSDT | price=63798.33000000 | qty=0.00009000 | ts=1785845955959
[2026-08-04T12:19:16.084Z] [INFO] TRADE → BTCUSDT | price=63798.33000000 | qty=0.00009000 | ts=1785845955959
[2026-08-04T12:19:16.084Z] [INFO] TRADE → BTCUSDT | price=63798.33000000 | qty=0.00009000 | ts=1785845955959
[2026-08-04T12:19:16.085Z] [INFO] TRADE → BTCUSDT | price=63798.33000000 | qty=0.00010000 | ts=1785845955959
[2026-08-04T12:19:16.085Z] [INFO] TRADE → BTCUSDT | price=63798.33000000 | qty=0.00008000 | ts=1785845955959
[2026-08-04T12:19:16.085Z] [INFO] TRADE → BTCUSDT | price=63798.33000000 | qty=0.00008000 | ts=1785845955959
[2026-08-04T12:19:16.086Z] [INFO] TRADE → BTCUSDT | price=63798.33000000 | qty=0.00016000 | ts=1785845955959
[2026-08-04T12:19:16.086Z] [INFO] TRADE → BTCUSDT | price=63798.33000000 | qty=0.00009000 | ts=1785845955959
[2026-08-04T12:19:16.086Z] [INFO] TRADE → BTCUSDT | price=63798.33000000 | qty=0.00009000 | ts=1785845955959
[2026-08-04T12:19:16.086Z] [INFO] TRADE → BTCUSDT | price=63798.33000000 | qty=0.00009000 | ts=1785845955959
[2026-08-04T12:19:16.086Z] [INFO] TRADE → BTCUSDT | price=63798.33000000 | qty=0.00009000 | ts=1785845955959
[2026-08-04T12:19:16.087Z] [INFO] TRADE → BTCUSDT | price=63798.33000000 | qty=0.00009000 | ts=1785845955959
[2026-08-04T12:19:16.087Z] [INFO] TRADE → BTCUSDT | price=63798.33000000 | qty=0.00009000 | ts=1785845955959
[2026-08-04T12:19:16.087Z] [INFO] TRADE → BTCUSDT | price=63798.32000000 | qty=0.00016000 | ts=1785845955959
[2026-08-04T12:19:16.087Z] [INFO] TRADE → BTCUSDT | price=63798.32000000 | qty=0.00009000 | ts=1785845955959
[2026-08-04T12:19:16.088Z] [INFO] TRADE → BTCUSDT | price=63798.32000000 | qty=0.00009000 | ts=1785845955959
[2026-08-04T12:19:16.088Z] [INFO] TRADE → BTCUSDT | price=63798.32000000 | qty=0.00009000 | ts=1785845955959
[2026-08-04T12:19:16.088Z] [INFO] TRADE → BTCUSDT | price=63798.32000000 | qty=0.00009000 | ts=1785845955959
[2026-08-04T12:19:16.088Z] [INFO] TRADE → BTCUSDT | price=63798.32000000 | qty=0.00009000 | ts=1785845955959
[2026-08-04T12:19:16.089Z] [INFO] TRADE → BTCUSDT | price=63798.32000000 | qty=0.00009000 | ts=1785845955959
[2026-08-04T12:19:16.089Z] [INFO] TRADE → BTCUSDT | price=63798.32000000 | qty=0.00009000 | ts=1785845955959
[2026-08-04T12:19:16.089Z] [INFO] TRADE → BTCUSDT | price=63798.32000000 | qty=0.00009000 | ts=1785845955959
[2026-08-04T12:19:16.090Z] [INFO] TRADE → BTCUSDT | price=63798.32000000 | qty=0.00009000 | ts=1785845955959
[2026-08-04T12:19:16.090Z] [INFO] TRADE → BTCUSDT | price=63798.31000000 | qty=0.00010000 | ts=1785845955959
[2026-08-04T12:19:16.090Z] [INFO] TRADE → BTCUSDT | price=63798.31000000 | qty=0.00016000 | ts=1785845955959
[2026-08-04T12:19:16.090Z] [INFO] TRADE → BTCUSDT | price=63798.29000000 | qty=0.00270000 | ts=1785845955959
[2026-08-04T12:19:16.175Z] [INFO] TRADE → BTCUSDT | price=63798.15000000 | qty=0.01256000 | ts=1785845956060
[2026-08-04T12:19:16.176Z] [INFO] TRADE → BTCUSDT | price=63798.15000000 | qty=0.00008000 | ts=1785845956060
[2026-08-04T12:19:16.176Z] [INFO] TRADE → BTCUSDT | price=63798.15000000 | qty=0.00009000 | ts=1785845956060
[2026-08-04T12:19:16.177Z] [INFO] TRADE → BTCUSDT | price=63798.15000000 | qty=0.00008000 | ts=1785845956060
[2026-08-04T12:19:16.177Z] [INFO] TRADE → BTCUSDT | price=63798.15000000 | qty=0.00009000 | ts=1785845956060
[2026-08-04T12:19:16.177Z] [INFO] TRADE → BTCUSDT | price=63798.15000000 | qty=0.00009000 | ts=1785845956060
[2026-08-04T12:19:16.177Z] [INFO] TRADE → BTCUSDT | price=63798.15000000 | qty=0.00009000 | ts=1785845956060
[2026-08-04T12:19:16.178Z] [INFO] TRADE → BTCUSDT | price=63798.15000000 | qty=0.00009000 | ts=1785845956060
[2026-08-04T12:19:16.178Z] [INFO] TRADE → BTCUSDT | price=63798.15000000 | qty=0.00009000 | ts=1785845956060
[2026-08-04T12:19:16.178Z] [INFO] TRADE → BTCUSDT | price=63798.15000000 | qty=0.00009000 | ts=1785845956060
[2026-08-04T12:19:16.178Z] [INFO] TRADE → BTCUSDT | price=63798.15000000 | qty=0.00009000 | ts=1785845956060
[2026-08-04T12:19:16.179Z] [INFO] TRADE → BTCUSDT | price=63798.15000000 | qty=0.00009000 | ts=1785845956060
[2026-08-04T12:19:16.179Z] [INFO] TRADE → BTCUSDT | price=63798.15000000 | qty=0.00009000 | ts=1785845956060
[2026-08-04T12:19:16.179Z] [INFO] TRADE → BTCUSDT | price=63798.15000000 | qty=0.00009000 | ts=1785845956060
[2026-08-04T12:19:16.179Z] [INFO] TRADE → BTCUSDT | price=63798.15000000 | qty=0.00009000 | ts=1785845956060
[2026-08-04T12:19:16.179Z] [INFO] TRADE → BTCUSDT | price=63798.15000000 | qty=0.00009000 | ts=1785845956060
[2026-08-04T12:19:16.180Z] [INFO] TRADE → BTCUSDT | price=63798.15000000 | qty=0.00009000 | ts=1785845956060
[2026-08-04T12:19:16.180Z] [INFO] TRADE → BTCUSDT | price=63798.15000000 | qty=0.00009000 | ts=1785845956060
[2026-08-04T12:19:16.180Z] [INFO] TRADE → BTCUSDT | price=63798.15000000 | qty=0.00008000 | ts=1785845956060
[2026-08-04T12:19:16.180Z] [INFO] TRADE → BTCUSDT | price=63798.15000000 | qty=0.00009000 | ts=1785845956060
[2026-08-04T12:19:16.181Z] [INFO] TRADE → BTCUSDT | price=63798.15000000 | qty=0.05538000 | ts=1785845956060
[2026-08-04T12:19:16.181Z] [INFO] TRADE → BTCUSDT | price=63798.15000000 | qty=0.00008000 | ts=1785845956060
[2026-08-04T12:19:16.181Z] [INFO] TRADE → BTCUSDT | price=63798.15000000 | qty=0.00009000 | ts=1785845956060
[2026-08-04T12:19:16.181Z] [INFO] TRADE → BTCUSDT | price=63798.15000000 | qty=0.00350000 | ts=1785845956060
[2026-08-04T12:19:16.182Z] [INFO] TRADE → BTCUSDT | price=63798.15000000 | qty=0.00250000 | ts=1785845956060
[2026-08-04T12:19:16.182Z] [INFO] TRADE → BTCUSDT | price=63798.15000000 | qty=0.00009000 | ts=1785845956060
[2026-08-04T12:19:16.182Z] [INFO] TRADE → BTCUSDT | price=63798.15000000 | qty=0.00009000 | ts=1785845956060
[2026-08-04T12:19:16.182Z] [INFO] TRADE → BTCUSDT | price=63798.15000000 | qty=0.00008000 | ts=1785845956060
[2026-08-04T12:19:16.183Z] [INFO] TRADE → BTCUSDT | price=63798.15000000 | qty=0.00008000 | ts=1785845956060
[2026-08-04T12:19:16.298Z] [INFO] TRADE → BTCUSDT | price=63798.14000000 | qty=0.00009000 | ts=1785845956182
[2026-08-04T12:19:16.298Z] [INFO] TRADE → BTCUSDT | price=63798.14000000 | qty=0.00009000 | ts=1785845956182
[2026-08-04T12:19:16.299Z] [INFO] TRADE → BTCUSDT | price=63798.14000000 | qty=0.00009000 | ts=1785845956182
[2026-08-04T12:19:16.299Z] [INFO] TRADE → BTCUSDT | price=63798.14000000 | qty=0.00009000 | ts=1785845956182
[2026-08-04T12:19:16.299Z] [INFO] TRADE → BTCUSDT | price=63798.14000000 | qty=0.00009000 | ts=1785845956182
[2026-08-04T12:19:16.299Z] [INFO] TRADE → BTCUSDT | price=63798.14000000 | qty=0.00009000 | ts=1785845956182
[2026-08-04T12:19:16.300Z] [INFO] TRADE → BTCUSDT | price=63798.14000000 | qty=0.00009000 | ts=1785845956182
[2026-08-04T12:19:16.300Z] [INFO] TRADE → BTCUSDT | price=63798.14000000 | qty=0.00008000 | ts=1785845956182
[2026-08-04T12:19:16.300Z] [INFO] TRADE → BTCUSDT | price=63798.14000000 | qty=0.00008000 | ts=1785845956182
[2026-08-04T12:19:16.300Z] [INFO] TRADE → BTCUSDT | price=63798.14000000 | qty=0.00009000 | ts=1785845956182
[2026-08-04T12:19:16.300Z] [INFO] TRADE → BTCUSDT | price=63798.14000000 | qty=0.00009000 | ts=1785845956182
[2026-08-04T12:19:16.301Z] [INFO] TRADE → BTCUSDT | price=63798.14000000 | qty=0.00290000 | ts=1785845956182
[2026-08-04T12:19:16.301Z] [INFO] TRADE → BTCUSDT | price=63798.14000000 | qty=0.00008000 | ts=1785845956182
[2026-08-04T12:19:16.301Z] [INFO] TRADE → BTCUSDT | price=63798.14000000 | qty=0.00009000 | ts=1785845956182
[2026-08-04T12:19:16.301Z] [INFO] TRADE → BTCUSDT | price=63798.14000000 | qty=0.00009000 | ts=1785845956182
[2026-08-04T12:19:16.301Z] [INFO] TRADE → BTCUSDT | price=63798.14000000 | qty=0.00009000 | ts=1785845956182
[2026-08-04T12:19:16.302Z] [INFO] TRADE → BTCUSDT | price=63798.14000000 | qty=0.00009000 | ts=1785845956182
[2026-08-04T12:19:16.302Z] [INFO] TRADE → BTCUSDT | price=63798.14000000 | qty=0.00009000 | ts=1785845956182
[2026-08-04T12:19:16.302Z] [INFO] TRADE → BTCUSDT | price=63798.14000000 | qty=0.00060000 | ts=1785845956182
[2026-08-04T12:19:16.302Z] [INFO] TRADE → BTCUSDT | price=63798.14000000 | qty=0.00009000 | ts=1785845956182
[2026-08-04T12:19:16.303Z] [INFO] TRADE → BTCUSDT | price=63798.14000000 | qty=0.00009000 | ts=1785845956182
[2026-08-04T12:19:16.303Z] [INFO] TRADE → BTCUSDT | price=63798.14000000 | qty=0.00009000 | ts=1785845956182
[2026-08-04T12:19:16.303Z] [INFO] TRADE → BTCUSDT | price=63798.14000000 | qty=0.00009000 | ts=1785845956182
[2026-08-04T12:19:16.303Z] [INFO] TRADE → BTCUSDT | price=63798.14000000 | qty=0.00009000 | ts=1785845956182
[2026-08-04T12:19:16.304Z] [INFO] TRADE → BTCUSDT | price=63798.14000000 | qty=0.00008000 | ts=1785845956182
[2026-08-04T12:19:16.304Z] [INFO] TRADE → BTCUSDT | price=63798.14000000 | qty=0.00009000 | ts=1785845956182
[2026-08-04T12:19:16.304Z] [INFO] TRADE → BTCUSDT | price=63798.14000000 | qty=0.00009000 | ts=1785845956182
[2026-08-04T12:19:16.304Z] [INFO] TRADE → BTCUSDT | price=63798.14000000 | qty=0.00009000 | ts=1785845956182
[2026-08-04T12:19:16.305Z] [INFO] TRADE → BTCUSDT | price=63798.14000000 | qty=0.00009000 | ts=1785845956182
[2026-08-04T12:19:16.305Z] [INFO] TRADE → BTCUSDT | price=63798.14000000 | qty=0.00009000 | ts=1785845956182
[2026-08-04T12:19:16.305Z] [INFO] TRADE → BTCUSDT | price=63798.14000000 | qty=0.00008000 | ts=1785845956182
[2026-08-04T12:19:16.305Z] [INFO] TRADE → BTCUSDT | price=63798.14000000 | qty=0.00009000 | ts=1785845956182
[2026-08-04T12:19:16.306Z] [INFO] TRADE → BTCUSDT | price=63798.14000000 | qty=0.00009000 | ts=1785845956182
[2026-08-04T12:19:16.306Z] [INFO] TRADE → BTCUSDT | price=63798.14000000 | qty=0.00009000 | ts=1785845956182
[2026-08-04T12:19:16.306Z] [INFO] TRADE → BTCUSDT | price=63798.14000000 | qty=0.00008000 | ts=1785845956182
[2026-08-04T12:19:16.306Z] [INFO] TRADE → BTCUSDT | price=63798.14000000 | qty=0.00008000 | ts=1785845956182
[2026-08-04T12:19:16.306Z] [INFO] TRADE → BTCUSDT | price=63798.14000000 | qty=0.00008000 | ts=1785845956182
[2026-08-04T12:19:16.306Z] [INFO] TRADE → BTCUSDT | price=63798.13000000 | qty=0.00009000 | ts=1785845956182
[2026-08-04T12:19:16.306Z] [INFO] TRADE → BTCUSDT | price=63798.13000000 | qty=0.00009000 | ts=1785845956182
[2026-08-04T12:19:16.307Z] [INFO] TRADE → BTCUSDT | price=63798.13000000 | qty=0.00009000 | ts=1785845956182
[2026-08-04T12:19:16.307Z] [INFO] TRADE → BTCUSDT | price=63798.13000000 | qty=0.00009000 | ts=1785845956182
[2026-08-04T12:19:16.307Z] [INFO] TRADE → BTCUSDT | price=63798.13000000 | qty=0.00009000 | ts=1785845956182
[2026-08-04T12:19:16.307Z] [INFO] TRADE → BTCUSDT | price=63798.13000000 | qty=0.00009000 | ts=1785845956182
[2026-08-04T12:19:16.307Z] [INFO] TRADE → BTCUSDT | price=63798.13000000 | qty=0.00009000 | ts=1785845956182
[2026-08-04T12:19:16.308Z] [INFO] TRADE → BTCUSDT | price=63798.13000000 | qty=0.00009000 | ts=1785845956182
[2026-08-04T12:19:16.308Z] [INFO] TRADE → BTCUSDT | price=63798.13000000 | qty=0.00009000 | ts=1785845956182
[2026-08-04T12:19:16.308Z] [INFO] TRADE → BTCUSDT | price=63798.13000000 | qty=0.00009000 | ts=1785845956182
[2026-08-04T12:19:16.308Z] [INFO] TRADE → BTCUSDT | price=63798.05000000 | qty=0.00009000 | ts=1785845956182
[2026-08-04T12:19:16.309Z] [INFO] TRADE → BTCUSDT | price=63798.05000000 | qty=0.00009000 | ts=1785845956182
[2026-08-04T12:19:16.309Z] [INFO] TRADE → BTCUSDT | price=63798.05000000 | qty=0.00009000 | ts=1785845956182
[2026-08-04T12:19:16.398Z] [INFO] TRADE → ETHUSDT | price=1868.24000000 | qty=0.00990000 | ts=1785845956282
[2026-08-04T12:19:16.416Z] [INFO] TRADE → ETHUSDT | price=1868.25000000 | qty=0.91010000 | ts=1785845956298
[2026-08-04T12:19:16.432Z] [INFO] TRADE → BTCUSDT | price=63798.04000000 | qty=0.07501000 | ts=1785845956309
[2026-08-04T12:19:16.654Z] [INFO] TRADE → BTCUSDT | price=63798.04000000 | qty=0.00296000 | ts=1785845956540
[2026-08-04T12:19:16.861Z] [INFO] TRADE → BTCUSDT | price=63798.04000000 | qty=0.00050000 | ts=1785845956746
[2026-08-04T12:19:16.895Z] [INFO] TRADE → ETHUSDT | price=1868.25000000 | qty=0.05350000 | ts=1785845956779
[2026-08-04T12:19:16.950Z] [INFO] TRADE → ETHUSDT | price=1868.24000000 | qty=0.74700000 | ts=1785845956834
[2026-08-04T12:19:17.188Z] [INFO] TRADE → BTCUSDT | price=63798.04000000 | qty=0.00153000 | ts=1785845957072
[2026-08-04T12:19:17.189Z] [INFO] TRADE → BTCUSDT | price=63798.04000000 | qty=0.02000000 | ts=1785845957072
[2026-08-04T12:19:17.189Z] [INFO] TRADE → BTCUSDT | price=63798.04000000 | qty=0.01000000 | ts=1785845957072
[2026-08-04T12:19:17.189Z] [INFO] TRADE → BTCUSDT | price=63798.04000000 | qty=0.00009000 | ts=1785845957072
[2026-08-04T12:19:17.190Z] [INFO] TRADE → BTCUSDT | price=63798.04000000 | qty=0.00009000 | ts=1785845957072
[2026-08-04T12:19:17.190Z] [INFO] TRADE → BTCUSDT | price=63798.04000000 | qty=0.00008000 | ts=1785845957072
[2026-08-04T12:19:17.190Z] [INFO] TRADE → BTCUSDT | price=63798.04000000 | qty=0.04000000 | ts=1785845957072
[2026-08-04T12:19:17.190Z] [INFO] TRADE → BTCUSDT | price=63798.04000000 | qty=0.06089000 | ts=1785845957072
[2026-08-04T12:19:17.191Z] [INFO] TRADE → BTCUSDT | price=63798.04000000 | qty=0.00008000 | ts=1785845957072
[2026-08-04T12:19:17.191Z] [INFO] TRADE → BTCUSDT | price=63798.04000000 | qty=0.00009000 | ts=1785845957072
[2026-08-04T12:19:17.191Z] [INFO] TRADE → BTCUSDT | price=63798.04000000 | qty=0.00009000 | ts=1785845957072
[2026-08-04T12:19:17.191Z] [INFO] TRADE → BTCUSDT | price=63798.04000000 | qty=0.00008000 | ts=1785845957072
[2026-08-04T12:19:17.191Z] [INFO] TRADE → BTCUSDT | price=63798.04000000 | qty=0.00009000 | ts=1785845957072
[2026-08-04T12:19:17.192Z] [INFO] TRADE → BTCUSDT | price=63798.04000000 | qty=0.00009000 | ts=1785845957072
[2026-08-04T12:19:17.192Z] [INFO] TRADE → BTCUSDT | price=63798.04000000 | qty=0.00009000 | ts=1785845957072
[2026-08-04T12:19:17.192Z] [INFO] TRADE → BTCUSDT | price=63798.04000000 | qty=0.00009000 | ts=1785845957072
[2026-08-04T12:19:17.193Z] [INFO] TRADE → BTCUSDT | price=63798.04000000 | qty=0.00009000 | ts=1785845957072
[2026-08-04T12:19:17.193Z] [INFO] TRADE → BTCUSDT | price=63798.04000000 | qty=0.00009000 | ts=1785845957072
[2026-08-04T12:19:17.193Z] [INFO] TRADE → BTCUSDT | price=63798.04000000 | qty=0.00009000 | ts=1785845957072
[2026-08-04T12:19:17.193Z] [INFO] TRADE → BTCUSDT | price=63798.04000000 | qty=0.00009000 | ts=1785845957072
[2026-08-04T12:19:17.193Z] [INFO] TRADE → BTCUSDT | price=63798.04000000 | qty=0.00009000 | ts=1785845957072
[2026-08-04T12:19:17.193Z] [INFO] TRADE → BTCUSDT | price=63798.04000000 | qty=0.00008000 | ts=1785845957072
[2026-08-04T12:19:17.194Z] [INFO] TRADE → BTCUSDT | price=63798.04000000 | qty=0.00009000 | ts=1785845957072
[2026-08-04T12:19:17.194Z] [INFO] TRADE → BTCUSDT | price=63798.04000000 | qty=0.00009000 | ts=1785845957072
[2026-08-04T12:19:17.194Z] [INFO] TRADE → BTCUSDT | price=63798.04000000 | qty=0.00009000 | ts=1785845957072
[2026-08-04T12:19:17.194Z] [INFO] TRADE → BTCUSDT | price=63798.04000000 | qty=0.00009000 | ts=1785845957072
[2026-08-04T12:19:17.194Z] [INFO] TRADE → BTCUSDT | price=63798.04000000 | qty=0.00009000 | ts=1785845957072
[2026-08-04T12:19:17.194Z] [INFO] TRADE → BTCUSDT | price=63798.04000000 | qty=0.00008000 | ts=1785845957072
[2026-08-04T12:19:17.194Z] [INFO] TRADE → BTCUSDT | price=63798.04000000 | qty=0.00300000 | ts=1785845957072
[2026-08-04T12:19:17.195Z] [INFO] TRADE → BTCUSDT | price=63798.04000000 | qty=0.00300000 | ts=1785845957072
[2026-08-04T12:19:17.195Z] [INFO] TRADE → BTCUSDT | price=63798.04000000 | qty=0.00290000 | ts=1785845957072
[2026-08-04T12:19:17.195Z] [INFO] TRADE → BTCUSDT | price=63798.04000000 | qty=0.00009000 | ts=1785845957072
[2026-08-04T12:19:17.195Z] [INFO] TRADE → BTCUSDT | price=63798.04000000 | qty=0.00009000 | ts=1785845957072
[2026-08-04T12:19:17.195Z] [INFO] TRADE → BTCUSDT | price=63798.04000000 | qty=0.00009000 | ts=1785845957072
[2026-08-04T12:19:17.195Z] [INFO] TRADE → BTCUSDT | price=63798.04000000 | qty=0.00069000 | ts=1785845957072
[2026-08-04T12:19:17.196Z] [INFO] TRADE → BTCUSDT | price=63798.04000000 | qty=0.00008000 | ts=1785845957072
[2026-08-04T12:19:17.196Z] [INFO] TRADE → BTCUSDT | price=63798.04000000 | qty=0.00008000 | ts=1785845957072
[2026-08-04T12:19:17.196Z] [INFO] TRADE → BTCUSDT | price=63798.04000000 | qty=0.00008000 | ts=1785845957072
[2026-08-04T12:19:17.363Z] [INFO] TRADE → BTCUSDT | price=63798.03000000 | qty=0.00009000 | ts=1785845957234
[2026-08-04T12:19:17.363Z] [INFO] TRADE → BTCUSDT | price=63798.03000000 | qty=0.00009000 | ts=1785845957234
[2026-08-04T12:19:17.363Z] [INFO] TRADE → BTCUSDT | price=63798.03000000 | qty=0.00009000 | ts=1785845957234
[2026-08-04T12:19:17.364Z] [INFO] TRADE → BTCUSDT | price=63798.03000000 | qty=0.00009000 | ts=1785845957234
[2026-08-04T12:19:17.364Z] [INFO] TRADE → BTCUSDT | price=63798.03000000 | qty=0.00009000 | ts=1785845957234
[2026-08-04T12:19:17.364Z] [INFO] TRADE → BTCUSDT | price=63798.03000000 | qty=0.00009000 | ts=1785845957234
[2026-08-04T12:19:17.364Z] [INFO] TRADE → BTCUSDT | price=63798.03000000 | qty=0.00009000 | ts=1785845957234
[2026-08-04T12:19:17.365Z] [INFO] TRADE → BTCUSDT | price=63798.03000000 | qty=0.00009000 | ts=1785845957234
[2026-08-04T12:19:17.365Z] [INFO] TRADE → BTCUSDT | price=63798.03000000 | qty=0.00009000 | ts=1785845957234
[2026-08-04T12:19:17.365Z] [INFO] TRADE → BTCUSDT | price=63798.03000000 | qty=0.00009000 | ts=1785845957234
[2026-08-04T12:19:17.365Z] [INFO] TRADE → BTCUSDT | price=63798.03000000 | qty=0.00009000 | ts=1785845957234
[2026-08-04T12:19:17.365Z] [INFO] TRADE → BTCUSDT | price=63798.03000000 | qty=0.00008000 | ts=1785845957234
[2026-08-04T12:19:17.366Z] [INFO] TRADE → BTCUSDT | price=63798.03000000 | qty=0.00009000 | ts=1785845957234
[2026-08-04T12:19:17.366Z] [INFO] TRADE → BTCUSDT | price=63798.03000000 | qty=0.00008000 | ts=1785845957234
[2026-08-04T12:19:17.366Z] [INFO] TRADE → BTCUSDT | price=63798.03000000 | qty=0.00009000 | ts=1785845957234
[2026-08-04T12:19:17.366Z] [INFO] TRADE → BTCUSDT | price=63798.03000000 | qty=0.00144000 | ts=1785845957234
[2026-08-04T12:19:17.366Z] [INFO] TRADE → BTCUSDT | price=63798.03000000 | qty=0.00009000 | ts=1785845957234
[2026-08-04T12:19:17.367Z] [INFO] TRADE → BTCUSDT | price=63798.03000000 | qty=0.00009000 | ts=1785845957234
[2026-08-04T12:19:17.367Z] [INFO] TRADE → BTCUSDT | price=63798.03000000 | qty=0.00009000 | ts=1785845957234
[2026-08-04T12:19:17.367Z] [INFO] TRADE → BTCUSDT | price=63798.03000000 | qty=0.00009000 | ts=1785845957234
[2026-08-04T12:19:17.367Z] [INFO] TRADE → BTCUSDT | price=63798.03000000 | qty=0.00009000 | ts=1785845957234
[2026-08-04T12:19:17.367Z] [INFO] TRADE → BTCUSDT | price=63798.03000000 | qty=0.00251000 | ts=1785845957234
[2026-08-04T12:19:17.499Z] [INFO] TRADE → BTCUSDT | price=63798.03000000 | qty=0.00046000 | ts=1785845957385
[2026-08-04T12:19:17.764Z] [INFO] TRADE → BTCUSDT | price=63798.03000000 | qty=0.00144000 | ts=1785845957647
[2026-08-04T12:19:17.844Z] [INFO] TRADE → BTCUSDT | price=63798.03000000 | qty=0.01559000 | ts=1785845957731
[2026-08-04T12:19:17.845Z] [INFO] TRADE → BTCUSDT | price=63798.03000000 | qty=0.01000000 | ts=1785845957731
[2026-08-04T12:19:17.846Z] [INFO] TRADE → BTCUSDT | price=63798.03000000 | qty=0.00009000 | ts=1785845957731
[2026-08-04T12:19:17.846Z] [INFO] TRADE → BTCUSDT | price=63798.03000000 | qty=0.02787000 | ts=1785845957731
[2026-08-04T12:19:17.964Z] [INFO] TRADE → BTCUSDT | price=63798.04000000 | qty=0.00100000 | ts=1785845957848
[2026-08-04T12:19:18.178Z] [INFO] TRADE → BTCUSDT | price=63798.04000000 | qty=0.04013000 | ts=1785845958061
[2026-08-04T12:19:18.180Z] [INFO] TRADE → BTCUSDT | price=63798.03000000 | qty=0.01213000 | ts=1785845958065
[2026-08-04T12:19:18.181Z] [INFO] TRADE → BTCUSDT | price=63798.03000000 | qty=0.00009000 | ts=1785845958065
[2026-08-04T12:19:18.181Z] [INFO] TRADE → BTCUSDT | price=63798.03000000 | qty=0.00009000 | ts=1785845958065
[2026-08-04T12:19:18.181Z] [INFO] TRADE → BTCUSDT | price=63798.03000000 | qty=0.08000000 | ts=1785845958065
[2026-08-04T12:19:18.181Z] [INFO] TRADE → BTCUSDT | price=63798.03000000 | qty=0.00016000 | ts=1785845958065
[2026-08-04T12:19:18.181Z] [INFO] TRADE → BTCUSDT | price=63798.03000000 | qty=0.00008000 | ts=1785845958065
[2026-08-04T12:19:18.181Z] [INFO] TRADE → BTCUSDT | price=63798.03000000 | qty=0.00009000 | ts=1785845958065
[2026-08-04T12:19:18.182Z] [INFO] TRADE → BTCUSDT | price=63798.03000000 | qty=0.00009000 | ts=1785845958065
[2026-08-04T12:19:18.182Z] [INFO] TRADE → BTCUSDT | price=63798.03000000 | qty=0.00009000 | ts=1785845958065
[2026-08-04T12:19:18.182Z] [INFO] TRADE → BTCUSDT | price=63798.03000000 | qty=0.00008000 | ts=1785845958065
[2026-08-04T12:19:18.182Z] [INFO] TRADE → BTCUSDT | price=63798.03000000 | qty=0.00009000 | ts=1785845958065
[2026-08-04T12:19:18.182Z] [INFO] TRADE → BTCUSDT | price=63798.03000000 | qty=0.00009000 | ts=1785845958065
[2026-08-04T12:19:18.183Z] [INFO] TRADE → BTCUSDT | price=63798.03000000 | qty=0.00009000 | ts=1785845958065
[2026-08-04T12:19:18.183Z] [INFO] TRADE → BTCUSDT | price=63798.03000000 | qty=0.00009000 | ts=1785845958065
[2026-08-04T12:19:18.183Z] [INFO] TRADE → BTCUSDT | price=63798.03000000 | qty=0.00008000 | ts=1785845958065
[2026-08-04T12:19:18.183Z] [INFO] TRADE → BTCUSDT | price=63798.03000000 | qty=0.00009000 | ts=1785845958065
[2026-08-04T12:19:18.183Z] [INFO] TRADE → BTCUSDT | price=63798.03000000 | qty=0.00009000 | ts=1785845958065
[2026-08-04T12:19:18.183Z] [INFO] TRADE → BTCUSDT | price=63798.03000000 | qty=0.00009000 | ts=1785845958065
[2026-08-04T12:19:18.184Z] [INFO] TRADE → BTCUSDT | price=63798.03000000 | qty=0.00009000 | ts=1785845958065
[2026-08-04T12:19:18.184Z] [INFO] TRADE → BTCUSDT | price=63798.03000000 | qty=0.00009000 | ts=1785845958065
[2026-08-04T12:19:18.184Z] [INFO] TRADE → BTCUSDT | price=63798.03000000 | qty=0.00009000 | ts=1785845958065
[2026-08-04T12:19:18.184Z] [INFO] TRADE → BTCUSDT | price=63798.03000000 | qty=0.00009000 | ts=1785845958065
[2026-08-04T12:19:18.184Z] [INFO] TRADE → BTCUSDT | price=63798.03000000 | qty=0.00009000 | ts=1785845958065
[2026-08-04T12:19:18.185Z] [INFO] TRADE → BTCUSDT | price=63798.03000000 | qty=0.00009000 | ts=1785845958065
[2026-08-04T12:19:18.185Z] [INFO] TRADE → BTCUSDT | price=63798.03000000 | qty=0.00009000 | ts=1785845958065
[2026-08-04T12:19:18.185Z] [INFO] TRADE → BTCUSDT | price=63798.03000000 | qty=0.00010000 | ts=1785845958065
[2026-08-04T12:19:18.185Z] [INFO] TRADE → BTCUSDT | price=63798.03000000 | qty=0.00009000 | ts=1785845958065
[2026-08-04T12:19:18.185Z] [INFO] TRADE → BTCUSDT | price=63798.03000000 | qty=0.01000000 | ts=1785845958065
[2026-08-04T12:19:18.186Z] [INFO] TRADE → BTCUSDT | price=63798.03000000 | qty=0.02000000 | ts=1785845958065
[2026-08-04T12:19:18.186Z] [INFO] TRADE → BTCUSDT | price=63798.03000000 | qty=0.00009000 | ts=1785845958065
[2026-08-04T12:19:18.186Z] [INFO] TRADE → BTCUSDT | price=63798.03000000 | qty=0.00008000 | ts=1785845958065
[2026-08-04T12:19:18.186Z] [INFO] TRADE → BTCUSDT | price=63798.03000000 | qty=0.00008000 | ts=1785845958065
[2026-08-04T12:19:18.187Z] [INFO] TRADE → BTCUSDT | price=63798.03000000 | qty=0.00008000 | ts=1785845958065
[2026-08-04T12:19:18.187Z] [INFO] TRADE → BTCUSDT | price=63798.03000000 | qty=0.00008000 | ts=1785845958065
[2026-08-04T12:19:18.194Z] [INFO] TRADE → BTCUSDT | price=63798.02000000 | qty=0.00009000 | ts=1785845958079
[2026-08-04T12:19:18.194Z] [INFO] TRADE → BTCUSDT | price=63798.02000000 | qty=0.00009000 | ts=1785845958079
[2026-08-04T12:19:18.194Z] [INFO] TRADE → BTCUSDT | price=63798.02000000 | qty=0.00009000 | ts=1785845958079
[2026-08-04T12:19:18.195Z] [INFO] TRADE → BTCUSDT | price=63798.02000000 | qty=0.00009000 | ts=1785845958079
[2026-08-04T12:19:18.195Z] [INFO] TRADE → BTCUSDT | price=63798.02000000 | qty=0.00009000 | ts=1785845958079
[2026-08-04T12:19:18.195Z] [INFO] TRADE → BTCUSDT | price=63798.02000000 | qty=0.00009000 | ts=1785845958079
[2026-08-04T12:19:18.195Z] [INFO] TRADE → BTCUSDT | price=63798.02000000 | qty=0.00009000 | ts=1785845958079
[2026-08-04T12:19:18.195Z] [INFO] TRADE → BTCUSDT | price=63798.02000000 | qty=0.00016000 | ts=1785845958079
[2026-08-04T12:19:18.196Z] [INFO] TRADE → BTCUSDT | price=63798.02000000 | qty=0.00300000 | ts=1785845958079
[2026-08-04T12:19:18.196Z] [INFO] TRADE → BTCUSDT | price=63798.02000000 | qty=0.00300000 | ts=1785845958079
[2026-08-04T12:19:18.196Z] [INFO] TRADE → BTCUSDT | price=63798.02000000 | qty=0.00009000 | ts=1785845958079
[2026-08-04T12:19:18.196Z] [INFO] TRADE → BTCUSDT | price=63798.02000000 | qty=0.00009000 | ts=1785845958079
[2026-08-04T12:19:18.196Z] [INFO] TRADE → BTCUSDT | price=63798.02000000 | qty=0.00009000 | ts=1785845958079
[2026-08-04T12:19:18.197Z] [INFO] TRADE → BTCUSDT | price=63798.02000000 | qty=0.00009000 | ts=1785845958079
[2026-08-04T12:19:18.197Z] [INFO] TRADE → BTCUSDT | price=63798.02000000 | qty=0.00009000 | ts=1785845958079
[2026-08-04T12:19:18.197Z] [INFO] TRADE → BTCUSDT | price=63798.02000000 | qty=0.00009000 | ts=1785845958079
[2026-08-04T12:19:18.197Z] [INFO] TRADE → BTCUSDT | price=63798.02000000 | qty=0.00008000 | ts=1785845958079
[2026-08-04T12:19:18.197Z] [INFO] TRADE → BTCUSDT | price=63798.02000000 | qty=0.00009000 | ts=1785845958079
[2026-08-04T12:19:18.198Z] [INFO] TRADE → BTCUSDT | price=63798.02000000 | qty=0.00009000 | ts=1785845958079
[2026-08-04T12:19:18.198Z] [INFO] TRADE → BTCUSDT | price=63798.02000000 | qty=0.00008000 | ts=1785845958079
[2026-08-04T12:19:18.198Z] [INFO] TRADE → BTCUSDT | price=63798.02000000 | qty=0.00009000 | ts=1785845958079
[2026-08-04T12:19:18.198Z] [INFO] TRADE → BTCUSDT | price=63798.02000000 | qty=0.00009000 | ts=1785845958079
[2026-08-04T12:19:18.199Z] [INFO] TRADE → BTCUSDT | price=63798.02000000 | qty=0.01938000 | ts=1785845958079
[2026-08-04T12:19:18.584Z] [INFO] TRADE → ETHUSDT | price=1868.25000000 | qty=0.05350000 | ts=1785845958468
[2026-08-04T12:19:18.937Z] [INFO] TRADE → ETHUSDT | price=1868.24000000 | qty=0.00300000 | ts=1785845958788
[2026-08-04T12:19:18.938Z] [INFO] TRADE → ETHUSDT | price=1868.24000000 | qty=0.00280000 | ts=1785845958801
[2026-08-04T12:19:18.939Z] [INFO] TRADE → ETHUSDT | price=1868.24000000 | qty=0.00270000 | ts=1785845958801
[2026-08-04T12:19:18.939Z] [INFO] TRADE → ETHUSDT | price=1868.24000000 | qty=0.00270000 | ts=1785845958801
[2026-08-04T12:19:18.941Z] [INFO] TRADE → ETHUSDT | price=1868.24000000 | qty=0.00270000 | ts=1785845958801
[2026-08-04T12:19:18.941Z] [INFO] TRADE → ETHUSDT | price=1868.24000000 | qty=0.00540000 | ts=1785845958801
[2026-08-04T12:19:18.941Z] [INFO] TRADE → ETHUSDT | price=1868.24000000 | qty=0.00270000 | ts=1785845958801
[2026-08-04T12:19:18.941Z] [INFO] TRADE → ETHUSDT | price=1868.24000000 | qty=0.00960000 | ts=1785845958801
[2026-08-04T12:19:18.942Z] [INFO] TRADE → ETHUSDT | price=1868.24000000 | qty=0.00270000 | ts=1785845958801
[2026-08-04T12:19:18.942Z] [INFO] TRADE → ETHUSDT | price=1868.24000000 | qty=0.00280000 | ts=1785845958801
[2026-08-04T12:19:18.942Z] [INFO] TRADE → ETHUSDT | price=1868.24000000 | qty=0.00280000 | ts=1785845958801
[2026-08-04T12:19:18.942Z] [INFO] TRADE → ETHUSDT | price=1868.24000000 | qty=0.00280000 | ts=1785845958801
[2026-08-04T12:19:18.942Z] [INFO] TRADE → ETHUSDT | price=1868.24000000 | qty=0.00280000 | ts=1785845958801
[2026-08-04T12:19:18.943Z] [INFO] TRADE → ETHUSDT | price=1868.24000000 | qty=0.00280000 | ts=1785845958801
[2026-08-04T12:19:18.943Z] [INFO] TRADE → ETHUSDT | price=1868.24000000 | qty=0.00270000 | ts=1785845958801
[2026-08-04T12:19:18.943Z] [INFO] TRADE → ETHUSDT | price=1868.23000000 | qty=0.00760000 | ts=1785845958801
[2026-08-04T12:19:18.943Z] [INFO] TRADE → ETHUSDT | price=1868.23000000 | qty=0.00270000 | ts=1785845958801
[2026-08-04T12:19:18.943Z] [INFO] TRADE → ETHUSDT | price=1868.23000000 | qty=0.00280000 | ts=1785845958801
[2026-08-04T12:19:18.944Z] [INFO] TRADE → ETHUSDT | price=1868.23000000 | qty=0.00280000 | ts=1785845958801
[2026-08-04T12:19:18.944Z] [INFO] TRADE → ETHUSDT | price=1868.23000000 | qty=0.00280000 | ts=1785845958801
[2026-08-04T12:19:18.944Z] [INFO] TRADE → ETHUSDT | price=1868.23000000 | qty=0.00540000 | ts=1785845958801
[2026-08-04T12:19:18.945Z] [INFO] TRADE → ETHUSDT | price=1868.23000000 | qty=0.00280000 | ts=1785845958801
[2026-08-04T12:19:18.945Z] [INFO] TRADE → ETHUSDT | price=1868.23000000 | qty=0.00280000 | ts=1785845958801
[2026-08-04T12:19:18.945Z] [INFO] TRADE → ETHUSDT | price=1868.23000000 | qty=0.00280000 | ts=1785845958801
[2026-08-04T12:19:18.945Z] [INFO] TRADE → ETHUSDT | price=1868.23000000 | qty=0.00270000 | ts=1785845958801
[2026-08-04T12:19:18.946Z] [INFO] TRADE → ETHUSDT | price=1868.22000000 | qty=0.01100000 | ts=1785845958801
[2026-08-04T12:19:18.946Z] [INFO] TRADE → ETHUSDT | price=1868.22000000 | qty=0.00270000 | ts=1785845958801
[2026-08-04T12:19:18.946Z] [INFO] TRADE → ETHUSDT | price=1868.22000000 | qty=0.00270000 | ts=1785845958801
[2026-08-04T12:19:18.947Z] [INFO] TRADE → ETHUSDT | price=1868.22000000 | qty=0.00280000 | ts=1785845958801
[2026-08-04T12:19:18.947Z] [INFO] TRADE → ETHUSDT | price=1868.22000000 | qty=0.00540000 | ts=1785845958801
[2026-08-04T12:19:18.947Z] [INFO] TRADE → ETHUSDT | price=1868.22000000 | qty=0.00290000 | ts=1785845958801
[2026-08-04T12:19:18.947Z] [INFO] TRADE → ETHUSDT | price=1868.22000000 | qty=0.00290000 | ts=1785845958801
[2026-08-04T12:19:18.947Z] [INFO] TRADE → ETHUSDT | price=1868.22000000 | qty=0.00270000 | ts=1785845958801
[2026-08-04T12:19:18.948Z] [INFO] TRADE → ETHUSDT | price=1868.22000000 | qty=0.00290000 | ts=1785845958801
[2026-08-04T12:19:18.948Z] [INFO] TRADE → ETHUSDT | price=1868.22000000 | qty=0.00270000 | ts=1785845958801
[2026-08-04T12:19:18.948Z] [INFO] TRADE → ETHUSDT | price=1868.22000000 | qty=0.00270000 | ts=1785845958801
[2026-08-04T12:19:18.948Z] [INFO] TRADE → ETHUSDT | price=1868.22000000 | qty=0.00270000 | ts=1785845958801
[2026-08-04T12:19:18.949Z] [INFO] TRADE → ETHUSDT | price=1868.21000000 | qty=0.00270000 | ts=1785845958801
[2026-08-04T12:19:18.949Z] [INFO] TRADE → ETHUSDT | price=1868.21000000 | qty=0.12190000 | ts=1785845958801
[2026-08-04T12:19:18.950Z] [INFO] TRADE → ETHUSDT | price=1868.21000000 | qty=0.00270000 | ts=1785845958801
[2026-08-04T12:19:18.950Z] [INFO] TRADE → ETHUSDT | price=1868.21000000 | qty=0.00270000 | ts=1785845958801
[2026-08-04T12:19:18.950Z] [INFO] TRADE → ETHUSDT | price=1868.21000000 | qty=0.00280000 | ts=1785845958801
[2026-08-04T12:19:18.951Z] [INFO] TRADE → ETHUSDT | price=1868.21000000 | qty=0.00270000 | ts=1785845958801
[2026-08-04T12:19:18.951Z] [INFO] TRADE → ETHUSDT | price=1868.21000000 | qty=0.00270000 | ts=1785845958801
[2026-08-04T12:19:18.951Z] [INFO] TRADE → ETHUSDT | price=1868.21000000 | qty=0.00270000 | ts=1785845958801
[2026-08-04T12:19:18.952Z] [INFO] TRADE → ETHUSDT | price=1868.21000000 | qty=0.00270000 | ts=1785845958801
[2026-08-04T12:19:18.952Z] [INFO] TRADE → ETHUSDT | price=1868.20000000 | qty=0.00300000 | ts=1785845958801
[2026-08-04T12:19:18.952Z] [INFO] TRADE → ETHUSDT | price=1868.20000000 | qty=0.00280000 | ts=1785845958801
[2026-08-04T12:19:18.952Z] [INFO] TRADE → ETHUSDT | price=1868.20000000 | qty=0.00290000 | ts=1785845958801
[2026-08-04T12:19:18.952Z] [INFO] TRADE → ETHUSDT | price=1868.20000000 | qty=0.00290000 | ts=1785845958801
[2026-08-04T12:19:18.953Z] [INFO] TRADE → ETHUSDT | price=1868.20000000 | qty=0.00290000 | ts=1785845958801
[2026-08-04T12:19:18.953Z] [INFO] TRADE → ETHUSDT | price=1868.19000000 | qty=0.10610000 | ts=1785845958801
[2026-08-04T12:19:18.953Z] [INFO] TRADE → ETHUSDT | price=1868.19000000 | qty=0.00280000 | ts=1785845958801
[2026-08-04T12:19:18.953Z] [INFO] TRADE → ETHUSDT | price=1868.18000000 | qty=0.00450000 | ts=1785845958801
[2026-08-04T12:19:18.954Z] [INFO] TRADE → ETHUSDT | price=1868.18000000 | qty=0.00270000 | ts=1785845958801
[2026-08-04T12:19:18.954Z] [INFO] TRADE → ETHUSDT | price=1868.18000000 | qty=0.00280000 | ts=1785845958801
[2026-08-04T12:19:18.954Z] [INFO] TRADE → ETHUSDT | price=1868.18000000 | qty=0.00270000 | ts=1785845958801
[2026-08-04T12:19:18.955Z] [INFO] TRADE → ETHUSDT | price=1868.17000000 | qty=0.00270000 | ts=1785845958801
[2026-08-04T12:19:18.955Z] [INFO] TRADE → ETHUSDT | price=1868.17000000 | qty=0.00280000 | ts=1785845958801
[2026-08-04T12:19:18.956Z] [INFO] TRADE → ETHUSDT | price=1868.17000000 | qty=0.00270000 | ts=1785845958801
[2026-08-04T12:19:18.956Z] [INFO] TRADE → ETHUSDT | price=1868.16000000 | qty=0.00270000 | ts=1785845958801
[2026-08-04T12:19:18.956Z] [INFO] TRADE → ETHUSDT | price=1868.16000000 | qty=0.00280000 | ts=1785845958801
[2026-08-04T12:19:18.956Z] [INFO] TRADE → ETHUSDT | price=1868.16000000 | qty=0.00270000 | ts=1785845958801
[2026-08-04T12:19:18.957Z] [INFO] TRADE → ETHUSDT | price=1868.15000000 | qty=0.00270000 | ts=1785845958801
[2026-08-04T12:19:18.957Z] [INFO] TRADE → ETHUSDT | price=1868.15000000 | qty=0.00280000 | ts=1785845958801
[2026-08-04T12:19:18.957Z] [INFO] TRADE → ETHUSDT | price=1868.15000000 | qty=0.00270000 | ts=1785845958801
[2026-08-04T12:19:18.958Z] [INFO] TRADE → ETHUSDT | price=1868.15000000 | qty=0.00270000 | ts=1785845958801
[2026-08-04T12:19:18.958Z] [INFO] TRADE → ETHUSDT | price=1868.15000000 | qty=0.00270000 | ts=1785845958801
[2026-08-04T12:19:18.958Z] [INFO] TRADE → ETHUSDT | price=1868.15000000 | qty=0.00270000 | ts=1785845958801
[2026-08-04T12:19:18.958Z] [INFO] TRADE → ETHUSDT | price=1868.14000000 | qty=0.00270000 | ts=1785845958801
[2026-08-04T12:19:18.958Z] [INFO] TRADE → ETHUSDT | price=1868.14000000 | qty=0.00270000 | ts=1785845958801
[2026-08-04T12:19:18.959Z] [INFO] TRADE → ETHUSDT | price=1868.14000000 | qty=0.00270000 | ts=1785845958801
[2026-08-04T12:19:18.959Z] [INFO] TRADE → ETHUSDT | price=1868.14000000 | qty=0.00270000 | ts=1785845958801
[2026-08-04T12:19:18.959Z] [INFO] TRADE → ETHUSDT | price=1868.14000000 | qty=0.00270000 | ts=1785845958801
[2026-08-04T12:19:18.959Z] [INFO] TRADE → ETHUSDT | price=1868.13000000 | qty=0.01870000 | ts=1785845958801
[2026-08-04T12:19:18.960Z] [INFO] TRADE → ETHUSDT | price=1868.13000000 | qty=0.00270000 | ts=1785845958801
[2026-08-04T12:19:18.960Z] [INFO] TRADE → ETHUSDT | price=1868.13000000 | qty=0.00270000 | ts=1785845958801
[2026-08-04T12:19:18.960Z] [INFO] TRADE → ETHUSDT | price=1868.13000000 | qty=0.00330000 | ts=1785845958801
[2026-08-04T12:19:18.960Z] [INFO] TRADE → ETHUSDT | price=1868.13000000 | qty=0.00270000 | ts=1785845958801
[2026-08-04T12:19:18.961Z] [INFO] TRADE → ETHUSDT | price=1868.13000000 | qty=0.00270000 | ts=1785845958801
[2026-08-04T12:19:18.961Z] [INFO] TRADE → ETHUSDT | price=1868.13000000 | qty=0.00270000 | ts=1785845958801
[2026-08-04T12:19:18.961Z] [INFO] TRADE → ETHUSDT | price=1868.13000000 | qty=0.00270000 | ts=1785845958801
[2026-08-04T12:19:18.962Z] [INFO] TRADE → ETHUSDT | price=1868.13000000 | qty=0.00270000 | ts=1785845958801
[2026-08-04T12:19:18.962Z] [INFO] TRADE → ETHUSDT | price=1868.13000000 | qty=0.00270000 | ts=1785845958801
[2026-08-04T12:19:18.962Z] [INFO] TRADE → ETHUSDT | price=1868.13000000 | qty=0.00270000 | ts=1785845958801
[2026-08-04T12:19:18.962Z] [INFO] TRADE → ETHUSDT | price=1868.12000000 | qty=0.00290000 | ts=1785845958801
[2026-08-04T12:19:18.963Z] [INFO] TRADE → ETHUSDT | price=1868.12000000 | qty=0.00290000 | ts=1785845958801
[2026-08-04T12:19:18.963Z] [INFO] TRADE → ETHUSDT | price=1868.12000000 | qty=0.00290000 | ts=1785845958801
[2026-08-04T12:19:18.963Z] [INFO] TRADE → ETHUSDT | price=1868.11000000 | qty=0.10000000 | ts=1785845958801
[2026-08-04T12:19:18.963Z] [INFO] TRADE → ETHUSDT | price=1868.11000000 | qty=0.00270000 | ts=1785845958801
[2026-08-04T12:19:18.963Z] [INFO] TRADE → ETHUSDT | price=1868.11000000 | qty=0.00270000 | ts=1785845958801
[2026-08-04T12:19:18.964Z] [INFO] TRADE → ETHUSDT | price=1868.11000000 | qty=0.00270000 | ts=1785845958801
[2026-08-04T12:19:18.964Z] [INFO] TRADE → ETHUSDT | price=1868.11000000 | qty=0.00270000 | ts=1785845958801
[2026-08-04T12:19:18.964Z] [INFO] TRADE → ETHUSDT | price=1868.10000000 | qty=0.00270000 | ts=1785845958801
[2026-08-04T12:19:18.964Z] [INFO] TRADE → ETHUSDT | price=1868.10000000 | qty=0.00300000 | ts=1785845958801
[2026-08-04T12:19:18.964Z] [INFO] TRADE → ETHUSDT | price=1868.10000000 | qty=0.00290000 | ts=1785845958801
[2026-08-04T12:19:18.965Z] [INFO] TRADE → ETHUSDT | price=1868.10000000 | qty=0.00290000 | ts=1785845958801
[2026-08-04T12:19:18.965Z] [INFO] TRADE → ETHUSDT | price=1868.10000000 | qty=0.00290000 | ts=1785845958801
[2026-08-04T12:19:18.965Z] [INFO] TRADE → ETHUSDT | price=1868.09000000 | qty=0.00410000 | ts=1785845958801
[2026-08-04T12:19:18.966Z] [INFO] TRADE → ETHUSDT | price=1868.09000000 | qty=0.00280000 | ts=1785845958801
[2026-08-04T12:19:18.966Z] [INFO] TRADE → ETHUSDT | price=1868.09000000 | qty=0.15970000 | ts=1785845958801
[2026-08-04T12:19:18.966Z] [INFO] TRADE → ETHUSDT | price=1868.09000000 | qty=0.40000000 | ts=1785845958801
[2026-08-04T12:19:18.966Z] [INFO] TRADE → ETHUSDT | price=1868.10000000 | qty=0.01050000 | ts=1785845958803
[2026-08-04T12:19:19.167Z] [INFO] TRADE → BTCUSDT | price=63798.02000000 | qty=0.00009000 | ts=1785845959051
[2026-08-04T12:19:19.168Z] [INFO] TRADE → BTCUSDT | price=63798.02000000 | qty=0.00009000 | ts=1785845959051
[2026-08-04T12:19:19.168Z] [INFO] TRADE → BTCUSDT | price=63798.02000000 | qty=0.00009000 | ts=1785845959051
[2026-08-04T12:19:19.168Z] [INFO] TRADE → BTCUSDT | price=63798.02000000 | qty=0.00009000 | ts=1785845959051
[2026-08-04T12:19:19.168Z] [INFO] TRADE → BTCUSDT | price=63798.02000000 | qty=0.00009000 | ts=1785845959051
[2026-08-04T12:19:19.169Z] [INFO] TRADE → BTCUSDT | price=63798.02000000 | qty=0.00009000 | ts=1785845959051
[2026-08-04T12:19:19.169Z] [INFO] TRADE → BTCUSDT | price=63798.02000000 | qty=0.01000000 | ts=1785845959051
[2026-08-04T12:19:19.169Z] [INFO] TRADE → BTCUSDT | price=63798.02000000 | qty=0.00009000 | ts=1785845959051
[2026-08-04T12:19:19.169Z] [INFO] TRADE → BTCUSDT | price=63798.02000000 | qty=0.08000000 | ts=1785845959051
[2026-08-04T12:19:19.169Z] [INFO] TRADE → BTCUSDT | price=63798.02000000 | qty=0.00009000 | ts=1785845959051
[2026-08-04T12:19:19.170Z] [INFO] TRADE → BTCUSDT | price=63798.02000000 | qty=0.04000000 | ts=1785845959051
[2026-08-04T12:19:19.170Z] [INFO] TRADE → BTCUSDT | price=63798.02000000 | qty=0.00009000 | ts=1785845959051
[2026-08-04T12:19:19.170Z] [INFO] TRADE → BTCUSDT | price=63798.02000000 | qty=0.02000000 | ts=1785845959051
[2026-08-04T12:19:19.170Z] [INFO] TRADE → BTCUSDT | price=63798.02000000 | qty=0.00008000 | ts=1785845959051
[2026-08-04T12:19:19.170Z] [INFO] TRADE → BTCUSDT | price=63798.02000000 | qty=0.00009000 | ts=1785845959051
[2026-08-04T12:19:19.171Z] [INFO] TRADE → BTCUSDT | price=63798.02000000 | qty=0.00008000 | ts=1785845959051
[2026-08-04T12:19:19.171Z] [INFO] TRADE → BTCUSDT | price=63798.02000000 | qty=0.00009000 | ts=1785845959051
[2026-08-04T12:19:19.171Z] [INFO] TRADE → BTCUSDT | price=63798.02000000 | qty=0.00009000 | ts=1785845959051
[2026-08-04T12:19:19.171Z] [INFO] TRADE → BTCUSDT | price=63798.02000000 | qty=0.00009000 | ts=1785845959051
[2026-08-04T12:19:19.172Z] [INFO] TRADE → BTCUSDT | price=63798.02000000 | qty=0.00009000 | ts=1785845959051
[2026-08-04T12:19:19.172Z] [INFO] TRADE → BTCUSDT | price=63798.02000000 | qty=0.00009000 | ts=1785845959051
[2026-08-04T12:19:19.173Z] [INFO] TRADE → BTCUSDT | price=63798.02000000 | qty=0.00009000 | ts=1785845959051
[2026-08-04T12:19:19.173Z] [INFO] TRADE → ETHUSDT | price=1868.10000000 | qty=0.28000000 | ts=1785845959057
[2026-08-04T12:19:19.174Z] [INFO] TRADE → BTCUSDT | price=63798.02000000 | qty=0.00009000 | ts=1785845959051
[2026-08-04T12:19:19.174Z] [INFO] TRADE → BTCUSDT | price=63798.02000000 | qty=0.00009000 | ts=1785845959051
[2026-08-04T12:19:19.174Z] [INFO] TRADE → BTCUSDT | price=63798.02000000 | qty=0.00009000 | ts=1785845959051
[2026-08-04T12:19:19.174Z] [INFO] TRADE → BTCUSDT | price=63798.02000000 | qty=0.00009000 | ts=1785845959051
[2026-08-04T12:19:19.174Z] [INFO] TRADE → BTCUSDT | price=63798.02000000 | qty=0.00009000 | ts=1785845959051
[2026-08-04T12:19:19.175Z] [INFO] TRADE → BTCUSDT | price=63798.02000000 | qty=0.00016000 | ts=1785845959051
[2026-08-04T12:19:19.175Z] [INFO] TRADE → BTCUSDT | price=63798.02000000 | qty=0.24220000 | ts=1785845959051
[2026-08-04T12:19:19.175Z] [INFO] TRADE → BTCUSDT | price=63798.02000000 | qty=0.00009000 | ts=1785845959053
[2026-08-04T12:19:19.175Z] [INFO] TRADE → BTCUSDT | price=63798.02000000 | qty=0.00009000 | ts=1785845959053
[2026-08-04T12:19:19.175Z] [INFO] TRADE → BTCUSDT | price=63798.02000000 | qty=0.00009000 | ts=1785845959053
[2026-08-04T12:19:19.176Z] [INFO] TRADE → BTCUSDT | price=63798.02000000 | qty=0.00009000 | ts=1785845959053
[2026-08-04T12:19:19.176Z] [INFO] TRADE → BTCUSDT | price=63798.02000000 | qty=0.00009000 | ts=1785845959053
[2026-08-04T12:19:19.176Z] [INFO] TRADE → BTCUSDT | price=63798.02000000 | qty=0.00009000 | ts=1785845959053
[2026-08-04T12:19:19.176Z] [INFO] TRADE → BTCUSDT | price=63798.02000000 | qty=0.00009000 | ts=1785845959053
[2026-08-04T12:19:19.176Z] [INFO] TRADE → BTCUSDT | price=63798.02000000 | qty=0.00008000 | ts=1785845959053
[2026-08-04T12:19:19.177Z] [INFO] TRADE → BTCUSDT | price=63798.02000000 | qty=0.00009000 | ts=1785845959053
[2026-08-04T12:19:19.177Z] [INFO] TRADE → BTCUSDT | price=63798.02000000 | qty=0.00009000 | ts=1785845959053
[2026-08-04T12:19:19.177Z] [INFO] TRADE → BTCUSDT | price=63798.02000000 | qty=0.00009000 | ts=1785845959053
[2026-08-04T12:19:19.177Z] [INFO] TRADE → BTCUSDT | price=63798.02000000 | qty=0.00016000 | ts=1785845959053
[2026-08-04T12:19:19.177Z] [INFO] TRADE → BTCUSDT | price=63798.02000000 | qty=0.00009000 | ts=1785845959053
[2026-08-04T12:19:19.177Z] [INFO] TRADE → BTCUSDT | price=63798.02000000 | qty=0.00009000 | ts=1785845959053
[2026-08-04T12:19:19.178Z] [INFO] TRADE → BTCUSDT | price=63798.02000000 | qty=0.00009000 | ts=1785845959053
[2026-08-04T12:19:19.178Z] [INFO] TRADE → BTCUSDT | price=63798.02000000 | qty=0.00008000 | ts=1785845959053
[2026-08-04T12:39:07.555Z] [INFO] Orchestrator starting...
[2026-08-04T12:39:07.563Z] [INFO] SymbolEngine initialized.
[2026-08-04T12:39:07.563Z] [INFO] BackoffEngine initialized.
[2026-08-04T12:39:07.564Z] [INFO] KillSwitchEngine initialized.
[2026-08-04T12:39:07.564Z] [INFO] ModuleManager initialized.
[2026-08-04T12:39:07.564Z] [INFO] StateManager initialized.
[2026-08-04T12:39:07.564Z] [SUCCESS] Orchestrator fully initialized.
[2026-08-04T12:39:07.564Z] [INFO] Enabling collector → BTCUSDT.binance_spot
[2026-08-04T12:39:07.589Z] [INFO] Connecting WS → wss://stream.binance.com:9443/ws/btcusdt@trade
[2026-08-04T12:39:07.635Z] [SUCCESS] Collector started → BTCUSDT.binance_spot
[2026-08-04T12:39:07.635Z] [SUCCESS] Collector enabled → BTCUSDT.binance_spot
[2026-08-04T12:39:07.635Z] [INFO] Collector enabled → BTCUSDT.binance_spot
[2026-08-04T12:39:07.635Z] [INFO] Enabling collector → ETHUSDT.binance_spot
[2026-08-04T12:39:07.635Z] [INFO] Connecting WS → wss://stream.binance.com:9443/ws/ethusdt@trade
[2026-08-04T12:39:07.636Z] [SUCCESS] Collector started → ETHUSDT.binance_spot
[2026-08-04T12:39:07.637Z] [SUCCESS] Collector enabled → ETHUSDT.binance_spot
[2026-08-04T12:39:07.637Z] [INFO] Collector enabled → ETHUSDT.binance_spot
[2026-08-04T12:39:07.637Z] [INFO] Enabling collector → BTCUSDT.binance_futures
[2026-08-04T12:39:07.641Z] [INFO] Connecting Futures WS → wss://fstream.binance.com/ws/btcusdt@trade
[2026-08-04T12:39:07.644Z] [SUCCESS] Collector started → BTCUSDT.binance_futures
[2026-08-04T12:39:07.645Z] [SUCCESS] Collector enabled → BTCUSDT.binance_futures
[2026-08-04T12:39:07.645Z] [INFO] Collector enabled → BTCUSDT.binance_futures
[2026-08-04T12:39:07.646Z] [INFO] Enabling collector → ETHUSDT.binance_futures
[2026-08-04T12:39:07.646Z] [INFO] Connecting Futures WS → wss://fstream.binance.com/ws/ethusdt@trade
[2026-08-04T12:39:07.647Z] [SUCCESS] Collector started → ETHUSDT.binance_futures
[2026-08-04T12:39:07.648Z] [SUCCESS] Collector enabled → ETHUSDT.binance_futures
[2026-08-04T12:39:07.648Z] [INFO] Collector enabled → ETHUSDT.binance_futures
[2026-08-04T12:39:08.350Z] [SUCCESS] WS Connected → Binance Futures (BTCUSDT)
[2026-08-04T12:39:08.351Z] [SUCCESS] WS Connected → Binance Futures (ETHUSDT)
[2026-08-04T12:39:08.593Z] [SUCCESS] WS Connected → Binance Spot (ETHUSDT)
[2026-08-04T12:39:08.850Z] [SUCCESS] WS Connected → Binance Spot (BTCUSDT)
[2026-08-04T14:58:42.510Z] [INFO] Orchestrator starting...
[2026-08-04T14:58:42.516Z] [INFO] SymbolEngine initialized.
[2026-08-04T14:58:42.517Z] [INFO] BackoffEngine initialized.
[2026-08-04T14:58:42.517Z] [INFO] KillSwitchEngine initialized.
[2026-08-04T14:58:42.517Z] [INFO] ModuleManager initialized.
[2026-08-04T14:58:42.517Z] [INFO] StateManager initialized.
[2026-08-04T14:58:42.518Z] [SUCCESS] Orchestrator fully initialized.
[2026-08-04T14:58:42.518Z] [INFO] Enabling collector → BTCUSDT.binance_spot
[2026-08-04T14:58:42.543Z] [INFO] Connecting WS → wss://stream.binance.com:9443/ws/btcusdt@trade
[2026-08-04T14:58:42.580Z] [SUCCESS] Collector started → BTCUSDT.binance_spot
[2026-08-04T14:58:42.581Z] [SUCCESS] Collector enabled → BTCUSDT.binance_spot
[2026-08-04T14:58:42.581Z] [INFO] Collector enabled → BTCUSDT.binance_spot
[2026-08-04T14:58:42.581Z] [INFO] Enabling collector → ETHUSDT.binance_spot
[2026-08-04T14:58:42.581Z] [INFO] Connecting WS → wss://stream.binance.com:9443/ws/ethusdt@trade
[2026-08-04T14:58:42.582Z] [SUCCESS] Collector started → ETHUSDT.binance_spot
[2026-08-04T14:58:42.582Z] [SUCCESS] Collector enabled → ETHUSDT.binance_spot
[2026-08-04T14:58:42.583Z] [INFO] Collector enabled → ETHUSDT.binance_spot
[2026-08-04T14:58:42.583Z] [INFO] Enabling collector → BNBUSDT.binance_spot
[2026-08-04T14:58:42.583Z] [INFO] Connecting WS → wss://stream.binance.com:9443/ws/bnbusdt@trade
[2026-08-04T14:58:42.584Z] [SUCCESS] Collector started → BNBUSDT.binance_spot
[2026-08-04T14:58:42.584Z] [SUCCESS] Collector enabled → BNBUSDT.binance_spot
[2026-08-04T14:58:42.584Z] [INFO] Collector enabled → BNBUSDT.binance_spot
[2026-08-04T14:58:42.584Z] [INFO] Enabling collector → BTCUSDT.binance_futures
[2026-08-04T14:58:42.602Z] [INFO] Connecting Futures WS → wss://fstream.binance.com/stream?streams=btcusdt@trade/btcusdt@aggTrade/btcusdt@depth/btcusdt@bookTicker/btcusdt@markPrice/btcusdt@kline_1m/btcusdt@forceOrder
[2026-08-04T14:58:42.604Z] [SUCCESS] Collector started → BTCUSDT.binance_futures
[2026-08-04T14:58:42.604Z] [SUCCESS] Collector enabled → BTCUSDT.binance_futures
[2026-08-04T14:58:42.604Z] [INFO] Collector enabled → BTCUSDT.binance_futures
[2026-08-04T14:58:42.604Z] [INFO] Enabling collector → ETHUSDT.binance_futures
[2026-08-04T14:58:42.605Z] [INFO] Connecting Futures WS → wss://fstream.binance.com/stream?streams=ethusdt@trade/ethusdt@aggTrade/ethusdt@depth/ethusdt@bookTicker/ethusdt@markPrice/ethusdt@kline_1m/ethusdt@forceOrder
[2026-08-04T14:58:42.605Z] [SUCCESS] Collector started → ETHUSDT.binance_futures
[2026-08-04T14:58:42.606Z] [SUCCESS] Collector enabled → ETHUSDT.binance_futures
[2026-08-04T14:58:42.606Z] [INFO] Collector enabled → ETHUSDT.binance_futures
[2026-08-04T14:58:42.606Z] [INFO] Enabling collector → BNBUSDT.binance_futures
[2026-08-04T14:58:42.606Z] [INFO] Connecting Futures WS → wss://fstream.binance.com/stream?streams=bnbusdt@trade/bnbusdt@aggTrade/bnbusdt@depth/bnbusdt@bookTicker/bnbusdt@markPrice/bnbusdt@kline_1m/bnbusdt@forceOrder
[2026-08-04T14:58:42.607Z] [SUCCESS] Collector started → BNBUSDT.binance_futures
[2026-08-04T14:58:42.607Z] [SUCCESS] Collector enabled → BNBUSDT.binance_futures
[2026-08-04T14:58:42.607Z] [INFO] Collector enabled → BNBUSDT.binance_futures
[2026-08-04T14:58:43.304Z] [SUCCESS] WS Connected → Binance Spot (BTCUSDT)
[2026-08-04T14:58:43.305Z] [SUCCESS] WS Connected → Binance Spot (ETHUSDT)
[2026-08-04T14:58:43.306Z] [SUCCESS] WS Connected → Binance Spot (BNBUSDT)
[2026-08-04T14:58:43.316Z] [SUCCESS] WS Connected → Binance Futures (ETHUSDT)
[2026-08-04T14:58:43.318Z] [SUCCESS] WS Connected → Binance Futures (BTCUSDT)
[2026-08-04T14:58:43.321Z] [SUCCESS] WS Connected → Binance Futures (BNBUSDT)
[2026-08-04T15:08:41.690Z] [INFO] Orchestrator starting...
[2026-08-04T15:08:41.702Z] [INFO] SymbolEngine initialized.
[2026-08-04T15:08:41.702Z] [INFO] BackoffEngine initialized.
[2026-08-04T15:08:41.703Z] [INFO] KillSwitchEngine initialized.
[2026-08-04T15:08:41.703Z] [INFO] ModuleManager initialized.
[2026-08-04T15:08:41.703Z] [INFO] StateManager initialized.
[2026-08-04T15:08:41.705Z] [SUCCESS] Orchestrator fully initialized.
[2026-08-04T15:08:41.707Z] [INFO] Enabling collector → BTCUSDT.binance_spot
[2026-08-04T15:08:41.745Z] [INFO] Connecting WS → wss://stream.binance.com:9443/ws/btcusdt@trade
[2026-08-04T15:08:41.783Z] [SUCCESS] Collector started → BTCUSDT.binance_spot
[2026-08-04T15:08:41.784Z] [SUCCESS] Collector enabled → BTCUSDT.binance_spot
[2026-08-04T15:08:41.784Z] [INFO] Collector enabled → BTCUSDT.binance_spot
[2026-08-04T15:08:41.785Z] [INFO] Enabling collector → BTCUSDT.binance_futures
[2026-08-04T15:08:41.806Z] [INFO] Connecting Futures WS → wss://fstream.binance.com/stream?streams=btcusdt@trade/btcusdt@aggTrade/btcusdt@depth/btcusdt@bookTicker/btcusdt@markPrice/btcusdt@funding/btcusdt@kline_1m/btcusdt@forceOrder
[2026-08-04T15:08:41.807Z] [SUCCESS] Collector started → BTCUSDT.binance_futures
[2026-08-04T15:08:41.808Z] [SUCCESS] Collector enabled → BTCUSDT.binance_futures
[2026-08-04T15:08:41.808Z] [INFO] Collector enabled → BTCUSDT.binance_futures
[2026-08-04T15:08:41.808Z] [INFO] Enabling collector → ETHUSDT.binance_spot
[2026-08-04T15:08:41.808Z] [INFO] Connecting WS → wss://stream.binance.com:9443/ws/ethusdt@trade
[2026-08-04T15:08:41.809Z] [SUCCESS] Collector started → ETHUSDT.binance_spot
[2026-08-04T15:08:41.809Z] [SUCCESS] Collector enabled → ETHUSDT.binance_spot
[2026-08-04T15:08:41.809Z] [INFO] Collector enabled → ETHUSDT.binance_spot
[2026-08-04T15:08:41.809Z] [INFO] Enabling collector → ETHUSDT.binance_futures
[2026-08-04T15:08:41.810Z] [INFO] Connecting Futures WS → wss://fstream.binance.com/stream?streams=ethusdt@trade/ethusdt@aggTrade/ethusdt@depth/ethusdt@bookTicker/ethusdt@markPrice/ethusdt@funding/ethusdt@kline_1m/ethusdt@forceOrder
[2026-08-04T15:08:41.810Z] [SUCCESS] Collector started → ETHUSDT.binance_futures
[2026-08-04T15:08:41.810Z] [SUCCESS] Collector enabled → ETHUSDT.binance_futures
[2026-08-04T15:08:41.811Z] [INFO] Collector enabled → ETHUSDT.binance_futures
[2026-08-04T15:08:41.811Z] [INFO] Enabling collector → BNBUSDT.binance_spot
[2026-08-04T15:08:41.811Z] [INFO] Connecting WS → wss://stream.binance.com:9443/ws/bnbusdt@trade
[2026-08-04T15:08:41.811Z] [SUCCESS] Collector started → BNBUSDT.binance_spot
[2026-08-04T15:08:41.812Z] [SUCCESS] Collector enabled → BNBUSDT.binance_spot
[2026-08-04T15:08:41.812Z] [INFO] Collector enabled → BNBUSDT.binance_spot
[2026-08-04T15:08:41.812Z] [INFO] Enabling collector → BNBUSDT.binance_futures
[2026-08-04T15:08:41.813Z] [INFO] Connecting Futures WS → wss://fstream.binance.com/stream?streams=bnbusdt@trade/bnbusdt@aggTrade/bnbusdt@depth/bnbusdt@bookTicker/bnbusdt@markPrice/bnbusdt@funding/bnbusdt@kline_1m/bnbusdt@forceOrder
[2026-08-04T15:08:41.813Z] [SUCCESS] Collector started → BNBUSDT.binance_futures
[2026-08-04T15:08:41.813Z] [SUCCESS] Collector enabled → BNBUSDT.binance_futures
[2026-08-04T15:08:41.814Z] [INFO] Collector enabled → BNBUSDT.binance_futures
[2026-08-04T15:09:32.985Z] [INFO] Orchestrator starting...
[2026-08-04T15:09:32.996Z] [INFO] SymbolEngine initialized.
[2026-08-04T15:09:32.996Z] [INFO] BackoffEngine initialized.
[2026-08-04T15:09:32.997Z] [INFO] KillSwitchEngine initialized.
[2026-08-04T15:09:32.997Z] [INFO] ModuleManager initialized.
[2026-08-04T15:09:32.997Z] [INFO] StateManager initialized.
[2026-08-04T15:09:32.998Z] [SUCCESS] Orchestrator fully initialized.
[2026-08-04T15:09:32.998Z] [INFO] Enabling collector → BTCUSDT.binance_spot
[2026-08-04T15:09:33.033Z] [INFO] Connecting WS → wss://stream.binance.com:9443/ws/btcusdt@trade
[2026-08-04T15:09:33.080Z] [SUCCESS] Collector started → BTCUSDT.binance_spot
[2026-08-04T15:09:33.080Z] [SUCCESS] Collector enabled → BTCUSDT.binance_spot
[2026-08-04T15:09:33.081Z] [INFO] Collector enabled → BTCUSDT.binance_spot
[2026-08-04T15:09:33.082Z] [INFO] Enabling collector → BTCUSDT.binance_futures
[2026-08-04T15:09:33.104Z] [INFO] Connecting Futures WS → wss://fstream.binance.com/stream?streams=btcusdt@trade/btcusdt@aggTrade/btcusdt@depth/btcusdt@bookTicker/btcusdt@markPrice/btcusdt@funding/btcusdt@kline_1m/btcusdt@forceOrder
[2026-08-04T15:09:33.105Z] [SUCCESS] Collector started → BTCUSDT.binance_futures
[2026-08-04T15:09:33.106Z] [SUCCESS] Collector enabled → BTCUSDT.binance_futures
[2026-08-04T15:09:33.106Z] [INFO] Collector enabled → BTCUSDT.binance_futures
[2026-08-04T15:09:33.106Z] [INFO] Enabling collector → ETHUSDT.binance_spot
[2026-08-04T15:09:33.107Z] [INFO] Connecting WS → wss://stream.binance.com:9443/ws/ethusdt@trade
[2026-08-04T15:09:33.108Z] [SUCCESS] Collector started → ETHUSDT.binance_spot
[2026-08-04T15:09:33.108Z] [SUCCESS] Collector enabled → ETHUSDT.binance_spot
[2026-08-04T15:09:33.108Z] [INFO] Collector enabled → ETHUSDT.binance_spot
[2026-08-04T15:09:33.108Z] [INFO] Enabling collector → ETHUSDT.binance_futures
[2026-08-04T15:09:33.109Z] [INFO] Connecting Futures WS → wss://fstream.binance.com/stream?streams=ethusdt@trade/ethusdt@aggTrade/ethusdt@depth/ethusdt@bookTicker/ethusdt@markPrice/ethusdt@funding/ethusdt@kline_1m/ethusdt@forceOrder
[2026-08-04T15:09:33.111Z] [SUCCESS] Collector started → ETHUSDT.binance_futures
[2026-08-04T15:09:33.111Z] [SUCCESS] Collector enabled → ETHUSDT.binance_futures
[2026-08-04T15:09:33.111Z] [INFO] Collector enabled → ETHUSDT.binance_futures
[2026-08-04T15:09:33.111Z] [INFO] Enabling collector → BNBUSDT.binance_spot
[2026-08-04T15:09:33.111Z] [INFO] Connecting WS → wss://stream.binance.com:9443/ws/bnbusdt@trade
[2026-08-04T15:09:33.113Z] [SUCCESS] Collector started → BNBUSDT.binance_spot
[2026-08-04T15:09:33.113Z] [SUCCESS] Collector enabled → BNBUSDT.binance_spot
[2026-08-04T15:09:33.113Z] [INFO] Collector enabled → BNBUSDT.binance_spot
[2026-08-04T15:09:33.113Z] [INFO] Enabling collector → BNBUSDT.binance_futures
[2026-08-04T15:09:33.113Z] [INFO] Connecting Futures WS → wss://fstream.binance.com/stream?streams=bnbusdt@trade/bnbusdt@aggTrade/bnbusdt@depth/bnbusdt@bookTicker/bnbusdt@markPrice/bnbusdt@funding/bnbusdt@kline_1m/bnbusdt@forceOrder
[2026-08-04T15:09:33.114Z] [SUCCESS] Collector started → BNBUSDT.binance_futures
[2026-08-04T15:09:33.114Z] [SUCCESS] Collector enabled → BNBUSDT.binance_futures
[2026-08-04T15:09:33.115Z] [INFO] Collector enabled → BNBUSDT.binance_futures
[2026-08-04T15:10:28.815Z] [INFO] Orchestrator starting...
[2026-08-04T15:10:28.816Z] [INFO] SymbolEngine initialized.
[2026-08-04T15:10:28.816Z] [INFO] BackoffEngine initialized.
[2026-08-04T15:10:28.816Z] [INFO] KillSwitchEngine initialized.
[2026-08-04T15:10:28.817Z] [INFO] ModuleManager initialized.
[2026-08-04T15:10:28.817Z] [INFO] StateManager initialized.
[2026-08-04T15:10:28.817Z] [SUCCESS] Orchestrator fully initialized.
[2026-08-04T15:10:28.817Z] [INFO] Enabling collector → BTCUSDT.binance_spot
[2026-08-04T15:10:28.835Z] [INFO] Connecting WS → wss://stream.binance.com:9443/ws/btcusdt@trade
[2026-08-04T15:10:28.875Z] [SUCCESS] Collector started → BTCUSDT.binance_spot
[2026-08-04T15:10:28.876Z] [SUCCESS] Collector enabled → BTCUSDT.binance_spot
[2026-08-04T15:10:28.876Z] [INFO] Collector enabled → BTCUSDT.binance_spot
[2026-08-04T15:10:28.876Z] [INFO] Enabling collector → BTCUSDT.binance_futures
[2026-08-04T15:10:28.895Z] [INFO] Connecting Futures WS → wss://fstream.binance.com/stream?streams=btcusdt@trade/btcusdt@aggTrade/btcusdt@depth/btcusdt@bookTicker/btcusdt@markPrice/btcusdt@funding/btcusdt@kline_1m/btcusdt@forceOrder
[2026-08-04T15:10:28.897Z] [SUCCESS] Collector started → BTCUSDT.binance_futures
[2026-08-04T15:10:28.897Z] [SUCCESS] Collector enabled → BTCUSDT.binance_futures
[2026-08-04T15:10:28.897Z] [INFO] Collector enabled → BTCUSDT.binance_futures
[2026-08-04T15:10:28.897Z] [INFO] Enabling collector → ETHUSDT.binance_spot
[2026-08-04T15:10:28.897Z] [INFO] Connecting WS → wss://stream.binance.com:9443/ws/ethusdt@trade
[2026-08-04T15:10:28.898Z] [SUCCESS] Collector started → ETHUSDT.binance_spot
[2026-08-04T15:10:28.898Z] [SUCCESS] Collector enabled → ETHUSDT.binance_spot
[2026-08-04T15:10:28.898Z] [INFO] Collector enabled → ETHUSDT.binance_spot
[2026-08-04T15:10:28.898Z] [INFO] Enabling collector → ETHUSDT.binance_futures
[2026-08-04T15:10:28.899Z] [INFO] Connecting Futures WS → wss://fstream.binance.com/stream?streams=ethusdt@trade/ethusdt@aggTrade/ethusdt@depth/ethusdt@bookTicker/ethusdt@markPrice/ethusdt@funding/ethusdt@kline_1m/ethusdt@forceOrder
[2026-08-04T15:10:28.900Z] [SUCCESS] Collector started → ETHUSDT.binance_futures
[2026-08-04T15:10:28.900Z] [SUCCESS] Collector enabled → ETHUSDT.binance_futures
[2026-08-04T15:10:28.900Z] [INFO] Collector enabled → ETHUSDT.binance_futures
[2026-08-04T15:10:28.900Z] [INFO] Enabling collector → BNBUSDT.binance_spot
[2026-08-04T15:10:28.900Z] [INFO] Connecting WS → wss://stream.binance.com:9443/ws/bnbusdt@trade
[2026-08-04T15:10:28.901Z] [SUCCESS] Collector started → BNBUSDT.binance_spot
[2026-08-04T15:10:28.901Z] [SUCCESS] Collector enabled → BNBUSDT.binance_spot
[2026-08-04T15:10:28.901Z] [INFO] Collector enabled → BNBUSDT.binance_spot
[2026-08-04T15:10:28.901Z] [INFO] Enabling collector → BNBUSDT.binance_futures
[2026-08-04T15:10:28.901Z] [INFO] Connecting Futures WS → wss://fstream.binance.com/stream?streams=bnbusdt@trade/bnbusdt@aggTrade/bnbusdt@depth/bnbusdt@bookTicker/bnbusdt@markPrice/bnbusdt@funding/bnbusdt@kline_1m/bnbusdt@forceOrder
[2026-08-04T15:10:28.902Z] [SUCCESS] Collector started → BNBUSDT.binance_futures
[2026-08-04T15:10:28.903Z] [SUCCESS] Collector enabled → BNBUSDT.binance_futures
[2026-08-04T15:10:28.903Z] [INFO] Collector enabled → BNBUSDT.binance_futures
[2026-08-04T15:11:28.813Z] [INFO] Orchestrator starting...
[2026-08-04T15:11:28.822Z] [INFO] SymbolEngine initialized.
[2026-08-04T15:11:28.823Z] [INFO] BackoffEngine initialized.
[2026-08-04T15:11:28.823Z] [INFO] KillSwitchEngine initialized.
[2026-08-04T15:11:28.823Z] [INFO] ModuleManager initialized.
[2026-08-04T15:11:28.823Z] [INFO] StateManager initialized.
[2026-08-04T15:11:28.824Z] [SUCCESS] Orchestrator fully initialized.
[2026-08-04T15:11:28.824Z] [INFO] Enabling collector → BTCUSDT.binance_spot
[2026-08-04T15:11:28.847Z] [INFO] Connecting WS → wss://stream.binance.com:9443/ws/btcusdt@trade
[2026-08-04T15:11:28.885Z] [SUCCESS] Collector started → BTCUSDT.binance_spot
[2026-08-04T15:11:28.885Z] [SUCCESS] Collector enabled → BTCUSDT.binance_spot
[2026-08-04T15:11:28.885Z] [INFO] Collector enabled → BTCUSDT.binance_spot
[2026-08-04T15:11:28.885Z] [INFO] Enabling collector → BTCUSDT.binance_futures
[2026-08-04T15:11:28.905Z] [INFO] Connecting Futures WS → wss://fstream.binance.com/stream?streams=btcusdt@trade/btcusdt@aggTrade/btcusdt@depth/btcusdt@bookTicker/btcusdt@markPrice/btcusdt@funding/btcusdt@kline_1m/btcusdt@forceOrder
[2026-08-04T15:11:28.907Z] [SUCCESS] Collector started → BTCUSDT.binance_futures
[2026-08-04T15:11:28.907Z] [SUCCESS] Collector enabled → BTCUSDT.binance_futures
[2026-08-04T15:11:28.907Z] [INFO] Collector enabled → BTCUSDT.binance_futures
[2026-08-04T15:11:28.907Z] [INFO] Enabling collector → ETHUSDT.binance_spot
[2026-08-04T15:11:28.908Z] [INFO] Connecting WS → wss://stream.binance.com:9443/ws/ethusdt@trade
[2026-08-04T15:11:28.908Z] [SUCCESS] Collector started → ETHUSDT.binance_spot
[2026-08-04T15:11:28.909Z] [SUCCESS] Collector enabled → ETHUSDT.binance_spot
[2026-08-04T15:11:28.909Z] [INFO] Collector enabled → ETHUSDT.binance_spot
[2026-08-04T15:11:28.909Z] [INFO] Enabling collector → ETHUSDT.binance_futures
[2026-08-04T15:11:28.909Z] [INFO] Connecting Futures WS → wss://fstream.binance.com/stream?streams=ethusdt@trade/ethusdt@aggTrade/ethusdt@depth/ethusdt@bookTicker/ethusdt@markPrice/ethusdt@funding/ethusdt@kline_1m/ethusdt@forceOrder
[2026-08-04T15:11:28.911Z] [SUCCESS] Collector started → ETHUSDT.binance_futures
[2026-08-04T15:11:28.911Z] [SUCCESS] Collector enabled → ETHUSDT.binance_futures
[2026-08-04T15:11:28.911Z] [INFO] Collector enabled → ETHUSDT.binance_futures
[2026-08-04T15:11:28.911Z] [INFO] Enabling collector → BNBUSDT.binance_spot
[2026-08-04T15:11:28.912Z] [INFO] Connecting WS → wss://stream.binance.com:9443/ws/bnbusdt@trade
[2026-08-04T15:11:28.913Z] [SUCCESS] Collector started → BNBUSDT.binance_spot
[2026-08-04T15:11:28.913Z] [SUCCESS] Collector enabled → BNBUSDT.binance_spot
[2026-08-04T15:11:28.913Z] [INFO] Collector enabled → BNBUSDT.binance_spot
[2026-08-04T15:11:28.913Z] [INFO] Enabling collector → BNBUSDT.binance_futures
[2026-08-04T15:11:28.913Z] [INFO] Connecting Futures WS → wss://fstream.binance.com/stream?streams=bnbusdt@trade/bnbusdt@aggTrade/bnbusdt@depth/bnbusdt@bookTicker/bnbusdt@markPrice/bnbusdt@funding/bnbusdt@kline_1m/bnbusdt@forceOrder
[2026-08-04T15:11:28.914Z] [SUCCESS] Collector started → BNBUSDT.binance_futures
[2026-08-04T15:11:28.915Z] [SUCCESS] Collector enabled → BNBUSDT.binance_futures
[2026-08-04T15:11:28.915Z] [INFO] Collector enabled → BNBUSDT.binance_futures
[2026-08-04T15:11:29.607Z] [SUCCESS] WS Connected → Binance Futures (BTCUSDT)
[2026-08-04T15:11:29.608Z] [SUCCESS] WS Connected → Binance Futures (ETHUSDT)
[2026-08-04T15:11:29.855Z] [SUCCESS] WS Connected → Binance Futures (BNBUSDT)
[2026-08-04T15:11:29.865Z] [SUCCESS] WS Connected → Binance Spot (ETHUSDT)
[2026-08-04T15:11:29.879Z] [SUCCESS] WS Connected → Binance Spot (BTCUSDT)
[2026-08-04T15:11:30.370Z] [SUCCESS] WS Connected → Binance Spot (BNBUSDT)
[2026-08-04T15:13:33.487Z] [INFO] Orchestrator starting...
[2026-08-04T15:13:33.488Z] [INFO] SymbolEngine initialized.
[2026-08-04T15:13:33.489Z] [INFO] BackoffEngine initialized.
[2026-08-04T15:13:33.489Z] [INFO] KillSwitchEngine initialized.
[2026-08-04T15:13:33.489Z] [INFO] ModuleManager initialized.
[2026-08-04T15:13:33.489Z] [INFO] StateManager initialized.
[2026-08-04T15:13:33.490Z] [SUCCESS] Orchestrator fully initialized.
[2026-08-04T15:13:33.491Z] [INFO] Enabling collector → BTCUSDT.binance_spot
[2026-08-04T15:13:33.510Z] [INFO] Connecting WS → wss://stream.binance.com:9443/ws/btcusdt@trade
[2026-08-04T15:13:33.548Z] [SUCCESS] Collector started → BTCUSDT.binance_spot
[2026-08-04T15:13:33.549Z] [SUCCESS] Collector enabled → BTCUSDT.binance_spot
[2026-08-04T15:13:33.549Z] [INFO] Collector enabled → BTCUSDT.binance_spot
[2026-08-04T15:13:33.550Z] [INFO] Enabling collector → BTCUSDT.binance_futures
[2026-08-04T15:13:33.571Z] [INFO] Connecting Futures WS → wss://fstream.binance.com/stream?streams=btcusdt@trade/btcusdt@aggTrade/btcusdt@depth/btcusdt@bookTicker/btcusdt@markPrice/btcusdt@funding/btcusdt@kline_1m/btcusdt@forceOrder
[2026-08-04T15:13:33.572Z] [SUCCESS] Collector started → BTCUSDT.binance_futures
[2026-08-04T15:13:33.573Z] [SUCCESS] Collector enabled → BTCUSDT.binance_futures
[2026-08-04T15:13:33.573Z] [INFO] Collector enabled → BTCUSDT.binance_futures
[2026-08-04T15:13:33.573Z] [INFO] Enabling collector → ETHUSDT.binance_spot
[2026-08-04T15:13:33.573Z] [INFO] Connecting WS → wss://stream.binance.com:9443/ws/ethusdt@trade
[2026-08-04T15:13:33.574Z] [SUCCESS] Collector started → ETHUSDT.binance_spot
[2026-08-04T15:13:33.574Z] [SUCCESS] Collector enabled → ETHUSDT.binance_spot
[2026-08-04T15:13:33.574Z] [INFO] Collector enabled → ETHUSDT.binance_spot
[2026-08-04T15:13:33.575Z] [INFO] Enabling collector → ETHUSDT.binance_futures
[2026-08-04T15:13:33.575Z] [INFO] Connecting Futures WS → wss://fstream.binance.com/stream?streams=ethusdt@trade/ethusdt@aggTrade/ethusdt@depth/ethusdt@bookTicker/ethusdt@markPrice/ethusdt@funding/ethusdt@kline_1m/ethusdt@forceOrder
[2026-08-04T15:13:33.576Z] [SUCCESS] Collector started → ETHUSDT.binance_futures
[2026-08-04T15:13:33.576Z] [SUCCESS] Collector enabled → ETHUSDT.binance_futures
[2026-08-04T15:13:33.576Z] [INFO] Collector enabled → ETHUSDT.binance_futures
[2026-08-04T15:13:33.576Z] [INFO] Enabling collector → BNBUSDT.binance_spot
[2026-08-04T15:13:33.576Z] [INFO] Connecting WS → wss://stream.binance.com:9443/ws/bnbusdt@trade
[2026-08-04T15:13:33.578Z] [SUCCESS] Collector started → BNBUSDT.binance_spot
[2026-08-04T15:13:33.578Z] [SUCCESS] Collector enabled → BNBUSDT.binance_spot
[2026-08-04T15:13:33.578Z] [INFO] Collector enabled → BNBUSDT.binance_spot
[2026-08-04T15:13:33.579Z] [INFO] Enabling collector → BNBUSDT.binance_futures
[2026-08-04T15:13:33.579Z] [INFO] Connecting Futures WS → wss://fstream.binance.com/stream?streams=bnbusdt@trade/bnbusdt@aggTrade/bnbusdt@depth/bnbusdt@bookTicker/bnbusdt@markPrice/bnbusdt@funding/bnbusdt@kline_1m/bnbusdt@forceOrder
[2026-08-04T15:13:33.580Z] [SUCCESS] Collector started → BNBUSDT.binance_futures
[2026-08-04T15:13:33.580Z] [SUCCESS] Collector enabled → BNBUSDT.binance_futures
[2026-08-04T15:13:33.580Z] [INFO] Collector enabled → BNBUSDT.binance_futures
[2026-08-04T15:13:34.282Z] [SUCCESS] WS Connected → Binance Futures (BNBUSDT)
[2026-08-04T15:13:34.530Z] [SUCCESS] WS Connected → Binance Spot (ETHUSDT)
[2026-08-04T15:13:34.533Z] [SUCCESS] WS Connected → Binance Futures (BTCUSDT)
[2026-08-04T15:13:34.776Z] [SUCCESS] WS Connected → Binance Futures (ETHUSDT)
[2026-08-04T15:13:35.282Z] [SUCCESS] WS Connected → Binance Spot (BTCUSDT)
[2026-08-04T15:13:35.287Z] [SUCCESS] WS Connected → Binance Spot (BNBUSDT)
[2026-08-04T15:14:51.226Z] [INFO] Orchestrator starting...
[2026-08-04T15:14:51.228Z] [INFO] SymbolEngine initialized.
[2026-08-04T15:14:51.228Z] [INFO] BackoffEngine initialized.
[2026-08-04T15:14:51.229Z] [INFO] KillSwitchEngine initialized.
[2026-08-04T15:14:51.229Z] [INFO] ModuleManager initialized.
[2026-08-04T15:14:51.230Z] [INFO] StateManager initialized.
[2026-08-04T15:14:51.230Z] [SUCCESS] Orchestrator fully initialized.
[2026-08-04T15:14:51.231Z] [INFO] Enabling collector → BTCUSDT.binance_spot
[2026-08-04T15:14:51.259Z] [INFO] Connecting WS → wss://stream.binance.com:9443/ws/btcusdt@trade
[2026-08-04T15:14:51.311Z] [SUCCESS] Collector started → BTCUSDT.binance_spot
[2026-08-04T15:14:51.312Z] [SUCCESS] Collector enabled → BTCUSDT.binance_spot
[2026-08-04T15:14:51.312Z] [INFO] Collector enabled → BTCUSDT.binance_spot
[2026-08-04T15:14:51.312Z] [INFO] Enabling collector → BTCUSDT.binance_futures
[2026-08-04T15:14:51.336Z] [INFO] Connecting Futures WS → wss://fstream.binance.com/stream?streams=btcusdt@trade/btcusdt@aggTrade/btcusdt@depth/btcusdt@bookTicker/btcusdt@markPrice/btcusdt@funding/btcusdt@kline_1m/btcusdt@forceOrder
[2026-08-04T15:14:51.338Z] [SUCCESS] Collector started → BTCUSDT.binance_futures
[2026-08-04T15:14:51.339Z] [SUCCESS] Collector enabled → BTCUSDT.binance_futures
[2026-08-04T15:14:51.339Z] [INFO] Collector enabled → BTCUSDT.binance_futures
[2026-08-04T15:14:51.339Z] [INFO] Enabling collector → ETHUSDT.binance_spot
[2026-08-04T15:14:51.339Z] [INFO] Connecting WS → wss://stream.binance.com:9443/ws/ethusdt@trade
[2026-08-04T15:14:51.340Z] [SUCCESS] Collector started → ETHUSDT.binance_spot
[2026-08-04T15:14:51.341Z] [SUCCESS] Collector enabled → ETHUSDT.binance_spot
[2026-08-04T15:14:51.342Z] [INFO] Collector enabled → ETHUSDT.binance_spot
[2026-08-04T15:14:51.342Z] [INFO] Enabling collector → ETHUSDT.binance_futures
[2026-08-04T15:14:51.343Z] [INFO] Connecting Futures WS → wss://fstream.binance.com/stream?streams=ethusdt@trade/ethusdt@aggTrade/ethusdt@depth/ethusdt@bookTicker/ethusdt@markPrice/ethusdt@funding/ethusdt@kline_1m/ethusdt@forceOrder
[2026-08-04T15:14:51.344Z] [SUCCESS] Collector started → ETHUSDT.binance_futures
[2026-08-04T15:14:51.345Z] [SUCCESS] Collector enabled → ETHUSDT.binance_futures
[2026-08-04T15:14:51.345Z] [INFO] Collector enabled → ETHUSDT.binance_futures
[2026-08-04T15:14:51.346Z] [INFO] Enabling collector → BNBUSDT.binance_spot
[2026-08-04T15:14:51.346Z] [INFO] Connecting WS → wss://stream.binance.com:9443/ws/bnbusdt@trade
[2026-08-04T15:14:51.348Z] [SUCCESS] Collector started → BNBUSDT.binance_spot
[2026-08-04T15:14:51.348Z] [SUCCESS] Collector enabled → BNBUSDT.binance_spot
[2026-08-04T15:14:51.349Z] [INFO] Collector enabled → BNBUSDT.binance_spot
[2026-08-04T15:14:51.349Z] [INFO] Enabling collector → BNBUSDT.binance_futures
[2026-08-04T15:14:51.349Z] [INFO] Connecting Futures WS → wss://fstream.binance.com/stream?streams=bnbusdt@trade/bnbusdt@aggTrade/bnbusdt@depth/bnbusdt@bookTicker/bnbusdt@markPrice/bnbusdt@funding/bnbusdt@kline_1m/bnbusdt@forceOrder
[2026-08-04T15:14:51.350Z] [SUCCESS] Collector started → BNBUSDT.binance_futures
[2026-08-04T15:14:51.351Z] [SUCCESS] Collector enabled → BNBUSDT.binance_futures
[2026-08-04T15:14:51.352Z] [INFO] Collector enabled → BNBUSDT.binance_futures
[2026-08-04T15:14:52.050Z] [SUCCESS] WS Connected → Binance Futures (ETHUSDT)
[2026-08-04T15:14:52.051Z] [SUCCESS] WS Connected → Binance Futures (BTCUSDT)
[2026-08-04T15:14:52.052Z] [SUCCESS] WS Connected → Binance Spot (BTCUSDT)
[2026-08-04T15:14:52.054Z] [SUCCESS] WS Connected → Binance Futures (BNBUSDT)
[2026-08-04T15:14:52.059Z] [SUCCESS] WS Connected → Binance Spot (ETHUSDT)
[2026-08-04T15:14:52.071Z] [SUCCESS] WS Connected → Binance Spot (BNBUSDT)
[2026-08-04T15:16:47.240Z] [INFO] Orchestrator starting...
[2026-08-04T15:16:47.242Z] [INFO] SymbolEngine initialized.
[2026-08-04T15:16:47.242Z] [INFO] BackoffEngine initialized.
[2026-08-04T15:16:47.243Z] [INFO] KillSwitchEngine initialized.
[2026-08-04T15:16:47.243Z] [INFO] ModuleManager initialized.
[2026-08-04T15:16:47.243Z] [INFO] StateManager initialized.
[2026-08-04T15:16:47.244Z] [SUCCESS] Orchestrator fully initialized.
[2026-08-04T15:16:47.244Z] [INFO] Enabling collector → BTCUSDT.binance_spot
[2026-08-04T15:16:47.270Z] [INFO] Connecting WS → wss://stream.binance.com:9443/ws/btcusdt@trade
[2026-08-04T15:16:47.313Z] [SUCCESS] Collector started → BTCUSDT.binance_spot
[2026-08-04T15:16:47.313Z] [SUCCESS] Collector enabled → BTCUSDT.binance_spot
[2026-08-04T15:16:47.314Z] [INFO] Collector enabled → BTCUSDT.binance_spot
[2026-08-04T15:16:47.314Z] [INFO] Enabling collector → BTCUSDT.binance_futures
[2026-08-04T15:16:47.334Z] [INFO] Connecting Futures WS → wss://fstream.binance.com/stream?streams=btcusdt@trade/btcusdt@aggTrade/btcusdt@depth/btcusdt@bookTicker/btcusdt@markPrice/btcusdt@funding/btcusdt@kline_1m/btcusdt@forceOrder
[2026-08-04T15:16:47.336Z] [SUCCESS] Collector started → BTCUSDT.binance_futures
[2026-08-04T15:16:47.337Z] [SUCCESS] Collector enabled → BTCUSDT.binance_futures
[2026-08-04T15:16:47.337Z] [INFO] Collector enabled → BTCUSDT.binance_futures
[2026-08-04T15:16:47.337Z] [INFO] Enabling collector → ETHUSDT.binance_spot
[2026-08-04T15:16:47.337Z] [INFO] Connecting WS → wss://stream.binance.com:9443/ws/ethusdt@trade
[2026-08-04T15:16:47.339Z] [SUCCESS] Collector started → ETHUSDT.binance_spot
[2026-08-04T15:16:47.339Z] [SUCCESS] Collector enabled → ETHUSDT.binance_spot
[2026-08-04T15:16:47.339Z] [INFO] Collector enabled → ETHUSDT.binance_spot
[2026-08-04T15:16:47.340Z] [INFO] Enabling collector → ETHUSDT.binance_futures
[2026-08-04T15:16:47.340Z] [INFO] Connecting Futures WS → wss://fstream.binance.com/stream?streams=ethusdt@trade/ethusdt@aggTrade/ethusdt@depth/ethusdt@bookTicker/ethusdt@markPrice/ethusdt@funding/ethusdt@kline_1m/ethusdt@forceOrder
[2026-08-04T15:16:47.341Z] [SUCCESS] Collector started → ETHUSDT.binance_futures
[2026-08-04T15:16:47.341Z] [SUCCESS] Collector enabled → ETHUSDT.binance_futures
[2026-08-04T15:16:47.342Z] [INFO] Collector enabled → ETHUSDT.binance_futures
[2026-08-04T15:16:47.342Z] [INFO] Enabling collector → BNBUSDT.binance_spot
[2026-08-04T15:16:47.342Z] [INFO] Connecting WS → wss://stream.binance.com:9443/ws/bnbusdt@trade
[2026-08-04T15:16:47.343Z] [SUCCESS] Collector started → BNBUSDT.binance_spot
[2026-08-04T15:16:47.343Z] [SUCCESS] Collector enabled → BNBUSDT.binance_spot
[2026-08-04T15:16:47.343Z] [INFO] Collector enabled → BNBUSDT.binance_spot
[2026-08-04T15:16:47.344Z] [INFO] Enabling collector → BNBUSDT.binance_futures
[2026-08-04T15:16:47.344Z] [INFO] Connecting Futures WS → wss://fstream.binance.com/stream?streams=bnbusdt@trade/bnbusdt@aggTrade/bnbusdt@depth/bnbusdt@bookTicker/bnbusdt@markPrice/bnbusdt@funding/bnbusdt@kline_1m/bnbusdt@forceOrder
[2026-08-04T15:16:47.345Z] [SUCCESS] Collector started → BNBUSDT.binance_futures
[2026-08-04T15:16:47.345Z] [SUCCESS] Collector enabled → BNBUSDT.binance_futures
[2026-08-04T15:16:47.345Z] [INFO] Collector enabled → BNBUSDT.binance_futures
[2026-08-04T15:16:48.038Z] [SUCCESS] WS Connected → Binance Spot (BTCUSDT)
[2026-08-04T15:16:48.041Z] [SUCCESS] WS Connected → Binance Futures (BTCUSDT)
[2026-08-04T15:16:48.042Z] [SUCCESS] WS Connected → Binance Spot (BNBUSDT)
[2026-08-04T15:16:48.045Z] [SUCCESS] WS Connected → Binance Futures (ETHUSDT)
[2026-08-04T15:16:48.048Z] [SUCCESS] WS Connected → Binance Spot (ETHUSDT)
[2026-08-04T15:16:48.054Z] [SUCCESS] WS Connected → Binance Futures (BNBUSDT)
[2026-08-04T15:18:22.641Z] [INFO] Orchestrator starting...
[2026-08-04T15:18:22.648Z] [INFO] SymbolEngine initialized.
[2026-08-04T15:18:22.649Z] [INFO] BackoffEngine initialized.
[2026-08-04T15:18:22.649Z] [INFO] KillSwitchEngine initialized.
[2026-08-04T15:18:22.649Z] [INFO] ModuleManager initialized.
[2026-08-04T15:18:22.650Z] [INFO] StateManager initialized.
[2026-08-04T15:18:22.650Z] [SUCCESS] Orchestrator fully initialized.
[2026-08-04T15:18:22.651Z] [INFO] Enabling collector → BTCUSDT.binance_spot
[2026-08-04T15:18:22.682Z] [INFO] Connecting WS → wss://stream.binance.com:9443/ws/btcusdt@trade
[2026-08-04T15:18:22.729Z] [SUCCESS] Collector started → BTCUSDT.binance_spot
[2026-08-04T15:18:22.730Z] [SUCCESS] Collector enabled → BTCUSDT.binance_spot
[2026-08-04T15:18:22.730Z] [INFO] Collector enabled → BTCUSDT.binance_spot
[2026-08-04T15:18:22.730Z] [INFO] Enabling collector → BTCUSDT.binance_futures
[2026-08-04T15:18:22.752Z] [INFO] Connecting Futures WS → wss://fstream.binance.com/stream?streams=btcusdt@trade/btcusdt@aggTrade/btcusdt@depth/btcusdt@bookTicker/btcusdt@markPrice/btcusdt@funding/btcusdt@kline_1m/btcusdt@forceOrder
[2026-08-04T15:18:22.754Z] [SUCCESS] Collector started → BTCUSDT.binance_futures
[2026-08-04T15:18:22.754Z] [SUCCESS] Collector enabled → BTCUSDT.binance_futures
[2026-08-04T15:18:22.754Z] [INFO] Collector enabled → BTCUSDT.binance_futures
[2026-08-04T15:18:22.754Z] [INFO] Enabling collector → ETHUSDT.binance_spot
[2026-08-04T15:18:22.754Z] [INFO] Connecting WS → wss://stream.binance.com:9443/ws/ethusdt@trade
[2026-08-04T15:18:22.755Z] [SUCCESS] Collector started → ETHUSDT.binance_spot
[2026-08-04T15:18:22.756Z] [SUCCESS] Collector enabled → ETHUSDT.binance_spot
[2026-08-04T15:18:22.756Z] [INFO] Collector enabled → ETHUSDT.binance_spot
[2026-08-04T15:18:22.756Z] [INFO] Enabling collector → ETHUSDT.binance_futures
[2026-08-04T15:18:22.756Z] [INFO] Connecting Futures WS → wss://fstream.binance.com/stream?streams=ethusdt@trade/ethusdt@aggTrade/ethusdt@depth/ethusdt@bookTicker/ethusdt@markPrice/ethusdt@funding/ethusdt@kline_1m/ethusdt@forceOrder
[2026-08-04T15:18:22.757Z] [SUCCESS] Collector started → ETHUSDT.binance_futures
[2026-08-04T15:18:22.758Z] [SUCCESS] Collector enabled → ETHUSDT.binance_futures
[2026-08-04T15:18:22.758Z] [INFO] Collector enabled → ETHUSDT.binance_futures
[2026-08-04T15:18:22.758Z] [INFO] Enabling collector → BNBUSDT.binance_spot
[2026-08-04T15:18:22.758Z] [INFO] Connecting WS → wss://stream.binance.com:9443/ws/bnbusdt@trade
[2026-08-04T15:18:22.759Z] [SUCCESS] Collector started → BNBUSDT.binance_spot
[2026-08-04T15:18:22.760Z] [SUCCESS] Collector enabled → BNBUSDT.binance_spot
[2026-08-04T15:18:22.760Z] [INFO] Collector enabled → BNBUSDT.binance_spot
[2026-08-04T15:18:22.760Z] [INFO] Enabling collector → BNBUSDT.binance_futures
[2026-08-04T15:18:22.761Z] [INFO] Connecting Futures WS → wss://fstream.binance.com/stream?streams=bnbusdt@trade/bnbusdt@aggTrade/bnbusdt@depth/bnbusdt@bookTicker/bnbusdt@markPrice/bnbusdt@funding/bnbusdt@kline_1m/bnbusdt@forceOrder
[2026-08-04T15:18:22.761Z] [SUCCESS] Collector started → BNBUSDT.binance_futures
[2026-08-04T15:18:22.762Z] [SUCCESS] Collector enabled → BNBUSDT.binance_futures
[2026-08-04T15:18:22.763Z] [INFO] Collector enabled → BNBUSDT.binance_futures
[2026-08-04T15:18:23.458Z] [SUCCESS] WS Connected → Binance Spot (BTCUSDT)
[2026-08-04T15:18:23.460Z] [SUCCESS] WS Connected → Binance Futures (ETHUSDT)
[2026-08-04T15:18:23.463Z] [SUCCESS] WS Connected → Binance Futures (BNBUSDT)
[2026-08-04T15:18:23.475Z] [SUCCESS] WS Connected → Binance Spot (ETHUSDT)
[2026-08-04T15:18:23.478Z] [SUCCESS] WS Connected → Binance Spot (BNBUSDT)
[2026-08-04T15:18:23.481Z] [SUCCESS] WS Connected → Binance Futures (BTCUSDT)
[2026-08-04T15:18:45.475Z] [INFO] Orchestrator starting...
[2026-08-04T15:18:45.476Z] [INFO] SymbolEngine initialized.
[2026-08-04T15:18:45.477Z] [INFO] BackoffEngine initialized.
[2026-08-04T15:18:45.477Z] [INFO] KillSwitchEngine initialized.
[2026-08-04T15:18:45.477Z] [INFO] ModuleManager initialized.
[2026-08-04T15:18:45.478Z] [INFO] StateManager initialized.
[2026-08-04T15:18:45.478Z] [SUCCESS] Orchestrator fully initialized.
[2026-08-04T15:18:45.479Z] [INFO] Enabling collector → BTCUSDT.binance_spot
[2026-08-04T15:18:45.501Z] [INFO] Connecting WS → wss://stream.binance.com:9443/ws/btcusdt@trade
[2026-08-04T15:18:45.543Z] [SUCCESS] Collector started → BTCUSDT.binance_spot
[2026-08-04T15:18:45.544Z] [SUCCESS] Collector enabled → BTCUSDT.binance_spot
[2026-08-04T15:18:45.544Z] [INFO] Collector enabled → BTCUSDT.binance_spot
[2026-08-04T15:18:45.544Z] [INFO] Enabling collector → BTCUSDT.binance_futures
[2026-08-04T15:18:45.566Z] [INFO] Connecting Futures WS → wss://fstream.binance.com/stream?streams=btcusdt@trade/btcusdt@aggTrade/btcusdt@depth/btcusdt@bookTicker/btcusdt@markPrice/btcusdt@funding/btcusdt@kline_1m/btcusdt@forceOrder
[2026-08-04T15:18:45.568Z] [SUCCESS] Collector started → BTCUSDT.binance_futures
[2026-08-04T15:18:45.568Z] [SUCCESS] Collector enabled → BTCUSDT.binance_futures
[2026-08-04T15:18:45.569Z] [INFO] Collector enabled → BTCUSDT.binance_futures
[2026-08-04T15:18:45.569Z] [INFO] Enabling collector → ETHUSDT.binance_spot
[2026-08-04T15:18:45.569Z] [INFO] Connecting WS → wss://stream.binance.com:9443/ws/ethusdt@trade
[2026-08-04T15:18:45.570Z] [SUCCESS] Collector started → ETHUSDT.binance_spot
[2026-08-04T15:18:45.571Z] [SUCCESS] Collector enabled → ETHUSDT.binance_spot
[2026-08-04T15:18:45.571Z] [INFO] Collector enabled → ETHUSDT.binance_spot
[2026-08-04T15:18:45.572Z] [INFO] Enabling collector → ETHUSDT.binance_futures
[2026-08-04T15:18:45.572Z] [INFO] Connecting Futures WS → wss://fstream.binance.com/stream?streams=ethusdt@trade/ethusdt@aggTrade/ethusdt@depth/ethusdt@bookTicker/ethusdt@markPrice/ethusdt@funding/ethusdt@kline_1m/ethusdt@forceOrder
[2026-08-04T15:18:45.573Z] [SUCCESS] Collector started → ETHUSDT.binance_futures
[2026-08-04T15:18:45.574Z] [SUCCESS] Collector enabled → ETHUSDT.binance_futures
[2026-08-04T15:18:45.575Z] [INFO] Collector enabled → ETHUSDT.binance_futures
[2026-08-04T15:18:45.575Z] [INFO] Enabling collector → BNBUSDT.binance_spot
[2026-08-04T15:18:45.575Z] [INFO] Connecting WS → wss://stream.binance.com:9443/ws/bnbusdt@trade
[2026-08-04T15:18:45.576Z] [SUCCESS] Collector started → BNBUSDT.binance_spot
[2026-08-04T15:18:45.577Z] [SUCCESS] Collector enabled → BNBUSDT.binance_spot
[2026-08-04T15:18:45.577Z] [INFO] Collector enabled → BNBUSDT.binance_spot
[2026-08-04T15:18:45.577Z] [INFO] Enabling collector → BNBUSDT.binance_futures
[2026-08-04T15:18:45.577Z] [INFO] Connecting Futures WS → wss://fstream.binance.com/stream?streams=bnbusdt@trade/bnbusdt@aggTrade/bnbusdt@depth/bnbusdt@bookTicker/bnbusdt@markPrice/bnbusdt@funding/bnbusdt@kline_1m/bnbusdt@forceOrder
[2026-08-04T15:18:45.578Z] [SUCCESS] Collector started → BNBUSDT.binance_futures
[2026-08-04T15:18:45.579Z] [SUCCESS] Collector enabled → BNBUSDT.binance_futures
[2026-08-04T15:18:45.579Z] [INFO] Collector enabled → BNBUSDT.binance_futures
[2026-08-04T15:18:46.275Z] [SUCCESS] WS Connected → Binance Spot (BTCUSDT)
[2026-08-04T15:18:46.277Z] [SUCCESS] WS Connected → Binance Futures (BTCUSDT)
[2026-08-04T15:18:46.278Z] [SUCCESS] WS Connected → Binance Spot (BNBUSDT)
[2026-08-04T15:18:46.281Z] [SUCCESS] WS Connected → Binance Futures (BNBUSDT)
[2026-08-04T15:18:46.283Z] [SUCCESS] WS Connected → Binance Spot (ETHUSDT)
[2026-08-04T15:18:46.287Z] [SUCCESS] WS Connected → Binance Futures (ETHUSDT)
[2026-08-04T15:21:46.247Z] [INFO] Orchestrator starting...
[2026-08-04T15:21:46.249Z] [INFO] SymbolEngine initialized.
[2026-08-04T15:21:46.250Z] [INFO] BackoffEngine initialized.
[2026-08-04T15:21:46.250Z] [INFO] KillSwitchEngine initialized.
[2026-08-04T15:21:46.251Z] [INFO] ModuleManager initialized.
[2026-08-04T15:21:46.251Z] [INFO] StateManager initialized.
[2026-08-04T15:21:46.251Z] [SUCCESS] Orchestrator fully initialized.
[2026-08-04T15:21:46.252Z] [INFO] Enabling collector → BTCUSDT.binance_spot
[2026-08-04T15:21:46.275Z] [INFO] Connecting WS → wss://stream.binance.com:9443/ws/btcusdt@trade
[2026-08-04T15:21:46.312Z] [SUCCESS] Collector started → BTCUSDT.binance_spot
[2026-08-04T15:21:46.313Z] [SUCCESS] Collector enabled → BTCUSDT.binance_spot
[2026-08-04T15:21:46.313Z] [INFO] Collector enabled → BTCUSDT.binance_spot
[2026-08-04T15:21:46.313Z] [INFO] Enabling collector → BTCUSDT.binance_futures
[2026-08-04T15:21:46.334Z] [INFO] Connecting Futures WS → wss://fstream.binance.com/stream?streams=btcusdt@trade/btcusdt@aggTrade/btcusdt@depth/btcusdt@bookTicker/btcusdt@markPrice/btcusdt@funding/btcusdt@kline_1m/btcusdt@forceOrder
[2026-08-04T15:21:46.336Z] [SUCCESS] Collector started → BTCUSDT.binance_futures
[2026-08-04T15:21:46.336Z] [SUCCESS] Collector enabled → BTCUSDT.binance_futures
[2026-08-04T15:21:46.336Z] [INFO] Collector enabled → BTCUSDT.binance_futures
[2026-08-04T15:21:46.336Z] [INFO] Enabling collector → ETHUSDT.binance_spot
[2026-08-04T15:21:46.337Z] [INFO] Connecting WS → wss://stream.binance.com:9443/ws/ethusdt@trade
[2026-08-04T15:21:46.338Z] [SUCCESS] Collector started → ETHUSDT.binance_spot
[2026-08-04T15:21:46.338Z] [SUCCESS] Collector enabled → ETHUSDT.binance_spot
[2026-08-04T15:21:46.338Z] [INFO] Collector enabled → ETHUSDT.binance_spot
[2026-08-04T15:21:46.338Z] [INFO] Enabling collector → ETHUSDT.binance_futures
[2026-08-04T15:21:46.338Z] [INFO] Connecting Futures WS → wss://fstream.binance.com/stream?streams=ethusdt@trade/ethusdt@aggTrade/ethusdt@depth/ethusdt@bookTicker/ethusdt@markPrice/ethusdt@funding/ethusdt@kline_1m/ethusdt@forceOrder
[2026-08-04T15:21:46.340Z] [SUCCESS] Collector started → ETHUSDT.binance_futures
[2026-08-04T15:21:46.340Z] [SUCCESS] Collector enabled → ETHUSDT.binance_futures
[2026-08-04T15:21:46.340Z] [INFO] Collector enabled → ETHUSDT.binance_futures
[2026-08-04T15:21:46.341Z] [INFO] Enabling collector → BNBUSDT.binance_spot
[2026-08-04T15:21:46.341Z] [INFO] Connecting WS → wss://stream.binance.com:9443/ws/bnbusdt@trade
[2026-08-04T15:21:46.342Z] [SUCCESS] Collector started → BNBUSDT.binance_spot
[2026-08-04T15:21:46.343Z] [SUCCESS] Collector enabled → BNBUSDT.binance_spot
[2026-08-04T15:21:46.343Z] [INFO] Collector enabled → BNBUSDT.binance_spot
[2026-08-04T15:21:46.343Z] [INFO] Enabling collector → BNBUSDT.binance_futures
[2026-08-04T15:21:46.343Z] [INFO] Connecting Futures WS → wss://fstream.binance.com/stream?streams=bnbusdt@trade/bnbusdt@aggTrade/bnbusdt@depth/bnbusdt@bookTicker/bnbusdt@markPrice/bnbusdt@funding/bnbusdt@kline_1m/bnbusdt@forceOrder
[2026-08-04T15:21:46.345Z] [SUCCESS] Collector started → BNBUSDT.binance_futures
[2026-08-04T15:21:46.345Z] [SUCCESS] Collector enabled → BNBUSDT.binance_futures
[2026-08-04T15:21:46.346Z] [INFO] Collector enabled → BNBUSDT.binance_futures
[2026-08-04T15:21:47.041Z] [SUCCESS] WS Connected → Binance Futures (BTCUSDT)
[2026-08-04T15:21:47.043Z] [SUCCESS] WS Connected → Binance Futures (ETHUSDT)
[2026-08-04T15:21:47.044Z] [SUCCESS] WS Connected → Binance Spot (BNBUSDT)
[2026-08-04T15:21:47.045Z] [SUCCESS] WS Connected → Binance Spot (BTCUSDT)
[2026-08-04T15:21:47.047Z] [SUCCESS] WS Connected → Binance Futures (BNBUSDT)
[2026-08-04T15:21:47.050Z] [SUCCESS] WS Connected → Binance Spot (ETHUSDT)
[2026-08-04T15:34:35.366Z] [INFO] Orchestrator starting...
[2026-08-04T15:34:35.367Z] [INFO] SymbolEngine initialized.
[2026-08-04T15:34:35.368Z] [INFO] BackoffEngine initialized.
[2026-08-04T15:34:35.368Z] [INFO] KillSwitchEngine initialized.
[2026-08-04T15:34:35.368Z] [INFO] ModuleManager initialized.
[2026-08-04T15:34:35.368Z] [INFO] StateManager initialized.
[2026-08-04T15:34:35.369Z] [SUCCESS] Orchestrator fully initialized.
[2026-08-04T15:34:35.369Z] [INFO] Enabling collector → BTCUSDT.binance_spot
[2026-08-04T15:34:35.391Z] [INFO] Connecting WS → wss://stream.binance.com:9443/ws/btcusdt@trade
[2026-08-04T15:34:35.432Z] [SUCCESS] Collector started → BTCUSDT.binance_spot
[2026-08-04T15:34:35.433Z] [SUCCESS] Collector enabled → BTCUSDT.binance_spot
[2026-08-04T15:34:35.433Z] [INFO] Collector enabled → BTCUSDT.binance_spot
[2026-08-04T15:34:35.434Z] [INFO] Enabling collector → BTCUSDT.binance_futures
[2026-08-04T15:34:35.453Z] [INFO] Connecting Futures WS → wss://fstream.binance.com/stream?streams=btcusdt@trade/btcusdt@aggTrade/btcusdt@depth/btcusdt@bookTicker/btcusdt@markPrice/btcusdt@funding/btcusdt@kline_1m/btcusdt@forceOrder
[2026-08-04T15:34:35.455Z] [SUCCESS] Collector started → BTCUSDT.binance_futures
[2026-08-04T15:34:35.455Z] [SUCCESS] Collector enabled → BTCUSDT.binance_futures
[2026-08-04T15:34:35.456Z] [INFO] Collector enabled → BTCUSDT.binance_futures
[2026-08-04T15:34:35.456Z] [INFO] Enabling collector → ETHUSDT.binance_spot
[2026-08-04T15:34:35.456Z] [INFO] Connecting WS → wss://stream.binance.com:9443/ws/ethusdt@trade
[2026-08-04T15:34:35.457Z] [SUCCESS] Collector started → ETHUSDT.binance_spot
[2026-08-04T15:34:35.457Z] [SUCCESS] Collector enabled → ETHUSDT.binance_spot
[2026-08-04T15:34:35.457Z] [INFO] Collector enabled → ETHUSDT.binance_spot
[2026-08-04T15:34:35.457Z] [INFO] Enabling collector → ETHUSDT.binance_futures
[2026-08-04T15:34:35.458Z] [INFO] Connecting Futures WS → wss://fstream.binance.com/stream?streams=ethusdt@trade/ethusdt@aggTrade/ethusdt@depth/ethusdt@bookTicker/ethusdt@markPrice/ethusdt@funding/ethusdt@kline_1m/ethusdt@forceOrder
[2026-08-04T15:34:35.459Z] [SUCCESS] Collector started → ETHUSDT.binance_futures
[2026-08-04T15:34:35.459Z] [SUCCESS] Collector enabled → ETHUSDT.binance_futures
[2026-08-04T15:34:35.460Z] [INFO] Collector enabled → ETHUSDT.binance_futures
[2026-08-04T15:34:35.460Z] [INFO] Enabling collector → BNBUSDT.binance_spot
[2026-08-04T15:34:35.460Z] [INFO] Connecting WS → wss://stream.binance.com:9443/ws/bnbusdt@trade
[2026-08-04T15:34:35.461Z] [SUCCESS] Collector started → BNBUSDT.binance_spot
[2026-08-04T15:34:35.461Z] [SUCCESS] Collector enabled → BNBUSDT.binance_spot
[2026-08-04T15:34:35.461Z] [INFO] Collector enabled → BNBUSDT.binance_spot
[2026-08-04T15:34:35.461Z] [INFO] Enabling collector → BNBUSDT.binance_futures
[2026-08-04T15:34:35.461Z] [INFO] Connecting Futures WS → wss://fstream.binance.com/stream?streams=bnbusdt@trade/bnbusdt@aggTrade/bnbusdt@depth/bnbusdt@bookTicker/bnbusdt@markPrice/bnbusdt@funding/bnbusdt@kline_1m/bnbusdt@forceOrder
[2026-08-04T15:34:35.463Z] [SUCCESS] Collector started → BNBUSDT.binance_futures
[2026-08-04T15:34:35.463Z] [SUCCESS] Collector enabled → BNBUSDT.binance_futures
[2026-08-04T15:34:35.463Z] [INFO] Collector enabled → BNBUSDT.binance_futures
[2026-08-04T15:34:36.160Z] [SUCCESS] WS Connected → Binance Spot (BNBUSDT)
[2026-08-04T15:34:36.161Z] [SUCCESS] WS Connected → Binance Futures (BTCUSDT)
[2026-08-04T15:34:36.162Z] [SUCCESS] WS Connected → Binance Spot (BTCUSDT)
[2026-08-04T15:34:36.163Z] [SUCCESS] WS Connected → Binance Futures (BNBUSDT)
[2026-08-04T15:34:36.166Z] [SUCCESS] WS Connected → Binance Spot (ETHUSDT)
[2026-08-04T15:34:36.168Z] [SUCCESS] WS Connected → Binance Futures (ETHUSDT)
[2026-08-04T15:41:30.427Z] [INFO] Orchestrator starting...
[2026-08-04T15:41:30.433Z] [INFO] SymbolEngine initialized.
[2026-08-04T15:41:30.434Z] [INFO] BackoffEngine initialized.
[2026-08-04T15:41:30.434Z] [INFO] KillSwitchEngine initialized.
[2026-08-04T15:41:30.434Z] [INFO] ModuleManager initialized.
[2026-08-04T15:41:30.434Z] [INFO] StateManager initialized.
[2026-08-04T15:41:30.435Z] [SUCCESS] Orchestrator fully initialized.
[2026-08-04T15:41:30.436Z] [INFO] Enabling collector → BTCUSDT.binance_spot
[2026-08-04T15:41:30.457Z] [INFO] Connecting WS → wss://stream.binance.com:9443/ws/btcusdt@trade
[2026-08-04T15:41:30.495Z] [SUCCESS] Collector started → BTCUSDT.binance_spot
[2026-08-04T15:41:30.495Z] [SUCCESS] Collector enabled → BTCUSDT.binance_spot
[2026-08-04T15:41:30.495Z] [INFO] Collector enabled → BTCUSDT.binance_spot
[2026-08-04T15:41:30.495Z] [INFO] Enabling collector → BTCUSDT.binance_futures
[2026-08-04T15:41:30.516Z] [INFO] Connecting Futures WS → wss://fstream.binance.com/stream?streams=btcusdt@trade/btcusdt@aggTrade/btcusdt@depth/btcusdt@bookTicker/btcusdt@markPrice/btcusdt@funding/btcusdt@kline_1m/btcusdt@forceOrder
[2026-08-04T15:41:30.517Z] [SUCCESS] Collector started → BTCUSDT.binance_futures
[2026-08-04T15:41:30.517Z] [SUCCESS] Collector enabled → BTCUSDT.binance_futures
[2026-08-04T15:41:30.517Z] [INFO] Collector enabled → BTCUSDT.binance_futures
[2026-08-04T15:41:30.517Z] [INFO] Enabling collector → ETHUSDT.binance_spot
[2026-08-04T15:41:30.517Z] [INFO] Connecting WS → wss://stream.binance.com:9443/ws/ethusdt@trade
[2026-08-04T15:41:30.518Z] [SUCCESS] Collector started → ETHUSDT.binance_spot
[2026-08-04T15:41:30.518Z] [SUCCESS] Collector enabled → ETHUSDT.binance_spot
[2026-08-04T15:41:30.518Z] [INFO] Collector enabled → ETHUSDT.binance_spot
[2026-08-04T15:41:30.519Z] [INFO] Enabling collector → ETHUSDT.binance_futures
[2026-08-04T15:41:30.519Z] [INFO] Connecting Futures WS → wss://fstream.binance.com/stream?streams=ethusdt@trade/ethusdt@aggTrade/ethusdt@depth/ethusdt@bookTicker/ethusdt@markPrice/ethusdt@funding/ethusdt@kline_1m/ethusdt@forceOrder
[2026-08-04T15:41:30.519Z] [SUCCESS] Collector started → ETHUSDT.binance_futures
[2026-08-04T15:41:30.519Z] [SUCCESS] Collector enabled → ETHUSDT.binance_futures
[2026-08-04T15:41:30.520Z] [INFO] Collector enabled → ETHUSDT.binance_futures
[2026-08-04T15:41:30.520Z] [INFO] Enabling collector → BNBUSDT.binance_spot
[2026-08-04T15:41:30.520Z] [INFO] Connecting WS → wss://stream.binance.com:9443/ws/bnbusdt@trade
[2026-08-04T15:41:30.520Z] [SUCCESS] Collector started → BNBUSDT.binance_spot
[2026-08-04T15:41:30.520Z] [SUCCESS] Collector enabled → BNBUSDT.binance_spot
[2026-08-04T15:41:30.521Z] [INFO] Collector enabled → BNBUSDT.binance_spot
[2026-08-04T15:41:30.521Z] [INFO] Enabling collector → BNBUSDT.binance_futures
[2026-08-04T15:41:30.521Z] [INFO] Connecting Futures WS → wss://fstream.binance.com/stream?streams=bnbusdt@trade/bnbusdt@aggTrade/bnbusdt@depth/bnbusdt@bookTicker/bnbusdt@markPrice/bnbusdt@funding/bnbusdt@kline_1m/bnbusdt@forceOrder
[2026-08-04T15:41:30.521Z] [SUCCESS] Collector started → BNBUSDT.binance_futures
[2026-08-04T15:41:30.521Z] [SUCCESS] Collector enabled → BNBUSDT.binance_futures
[2026-08-04T15:41:30.522Z] [INFO] Collector enabled → BNBUSDT.binance_futures
[2026-08-04T15:41:31.216Z] [SUCCESS] WS Connected → Binance Spot (BTCUSDT)
[2026-08-04T15:41:31.218Z] [SUCCESS] WS Connected → Binance Spot (ETHUSDT)
[2026-08-04T15:41:31.219Z] [SUCCESS] WS Connected → Binance Futures (BTCUSDT)
[2026-08-04T15:41:31.221Z] [SUCCESS] WS Connected → Binance Futures (ETHUSDT)
[2026-08-04T15:41:31.222Z] [SUCCESS] WS Connected → Binance Futures (BNBUSDT)
[2026-08-04T15:41:31.224Z] [SUCCESS] WS Connected → Binance Spot (BNBUSDT)
[2026-08-04T15:42:55.130Z] [INFO] Orchestrator starting...
[2026-08-04T15:42:55.140Z] [INFO] SymbolEngine initialized.
[2026-08-04T15:42:55.141Z] [INFO] BackoffEngine initialized.
[2026-08-04T15:42:55.141Z] [INFO] KillSwitchEngine initialized.
[2026-08-04T15:42:55.141Z] [INFO] ModuleManager initialized.
[2026-08-04T15:42:55.142Z] [INFO] StateManager initialized.
[2026-08-04T15:42:55.142Z] [SUCCESS] Orchestrator fully initialized.
[2026-08-04T15:42:55.143Z] [INFO] Enabling collector → BTCUSDT.binance_spot
[2026-08-04T15:42:55.171Z] [INFO] Connecting WS → wss://stream.binance.com:9443/ws/btcusdt@trade
[2026-08-04T15:42:55.210Z] [SUCCESS] Collector started → BTCUSDT.binance_spot
[2026-08-04T15:42:55.211Z] [SUCCESS] Collector enabled → BTCUSDT.binance_spot
[2026-08-04T15:42:55.211Z] [INFO] Collector enabled → BTCUSDT.binance_spot
[2026-08-04T15:42:55.211Z] [INFO] Enabling collector → BTCUSDT.binance_futures
[2026-08-04T15:42:55.231Z] [INFO] Connecting Futures WS → wss://fstream.binance.com/stream?streams=btcusdt@trade/btcusdt@aggTrade/btcusdt@depth/btcusdt@bookTicker/btcusdt@markPrice/btcusdt@funding/btcusdt@kline_1m/btcusdt@forceOrder
[2026-08-04T15:42:55.232Z] [SUCCESS] Collector started → BTCUSDT.binance_futures
[2026-08-04T15:42:55.233Z] [SUCCESS] Collector enabled → BTCUSDT.binance_futures
[2026-08-04T15:42:55.233Z] [INFO] Collector enabled → BTCUSDT.binance_futures
[2026-08-04T15:42:55.233Z] [INFO] Enabling collector → ETHUSDT.binance_spot
[2026-08-04T15:42:55.233Z] [INFO] Connecting WS → wss://stream.binance.com:9443/ws/ethusdt@trade
[2026-08-04T15:42:55.234Z] [SUCCESS] Collector started → ETHUSDT.binance_spot
[2026-08-04T15:42:55.234Z] [SUCCESS] Collector enabled → ETHUSDT.binance_spot
[2026-08-04T15:42:55.235Z] [INFO] Collector enabled → ETHUSDT.binance_spot
[2026-08-04T15:42:55.235Z] [INFO] Enabling collector → ETHUSDT.binance_futures
[2026-08-04T15:42:55.235Z] [INFO] Connecting Futures WS → wss://fstream.binance.com/stream?streams=ethusdt@trade/ethusdt@aggTrade/ethusdt@depth/ethusdt@bookTicker/ethusdt@markPrice/ethusdt@funding/ethusdt@kline_1m/ethusdt@forceOrder
[2026-08-04T15:42:55.236Z] [SUCCESS] Collector started → ETHUSDT.binance_futures
[2026-08-04T15:42:55.236Z] [SUCCESS] Collector enabled → ETHUSDT.binance_futures
[2026-08-04T15:42:55.236Z] [INFO] Collector enabled → ETHUSDT.binance_futures
[2026-08-04T15:42:55.236Z] [INFO] Enabling collector → BNBUSDT.binance_spot
[2026-08-04T15:42:55.236Z] [INFO] Connecting WS → wss://stream.binance.com:9443/ws/bnbusdt@trade
[2026-08-04T15:42:55.237Z] [SUCCESS] Collector started → BNBUSDT.binance_spot
[2026-08-04T15:42:55.237Z] [SUCCESS] Collector enabled → BNBUSDT.binance_spot
[2026-08-04T15:42:55.238Z] [INFO] Collector enabled → BNBUSDT.binance_spot
[2026-08-04T15:42:55.238Z] [INFO] Enabling collector → BNBUSDT.binance_futures
[2026-08-04T15:42:55.238Z] [INFO] Connecting Futures WS → wss://fstream.binance.com/stream?streams=bnbusdt@trade/bnbusdt@aggTrade/bnbusdt@depth/bnbusdt@bookTicker/bnbusdt@markPrice/bnbusdt@funding/bnbusdt@kline_1m/bnbusdt@forceOrder
[2026-08-04T15:42:55.239Z] [SUCCESS] Collector started → BNBUSDT.binance_futures
[2026-08-04T15:42:55.239Z] [SUCCESS] Collector enabled → BNBUSDT.binance_futures
[2026-08-04T15:42:55.239Z] [INFO] Collector enabled → BNBUSDT.binance_futures
[2026-08-04T15:42:55.937Z] [SUCCESS] WS Connected → Binance Spot (BTCUSDT)
[2026-08-04T15:42:55.938Z] [SUCCESS] WS Connected → Binance Spot (ETHUSDT)
[2026-08-04T15:42:55.941Z] [SUCCESS] WS Connected → Binance Futures (ETHUSDT)
[2026-08-04T15:42:55.942Z] [SUCCESS] WS Connected → Binance Spot (BNBUSDT)
[2026-08-04T15:42:55.944Z] [SUCCESS] WS Connected → Binance Futures (BNBUSDT)
[2026-08-04T15:42:55.963Z] [SUCCESS] WS Connected → Binance Futures (BTCUSDT)
[2026-08-04T15:44:28.100Z] [INFO] Orchestrator starting...
[2026-08-04T15:44:28.112Z] [INFO] SymbolEngine initialized.
[2026-08-04T15:44:28.113Z] [INFO] BackoffEngine initialized.
[2026-08-04T15:44:28.114Z] [INFO] KillSwitchEngine initialized.
[2026-08-04T15:44:28.114Z] [INFO] ModuleManager initialized.
[2026-08-04T15:44:28.114Z] [INFO] StateManager initialized.
[2026-08-04T15:44:28.115Z] [SUCCESS] Orchestrator fully initialized.
[2026-08-04T15:44:28.116Z] [INFO] Enabling collector → BTCUSDT.binance_spot
[2026-08-04T15:44:28.148Z] [INFO] Connecting WS → wss://stream.binance.com:9443/ws/btcusdt@trade
[2026-08-04T15:44:28.185Z] [SUCCESS] Collector started → BTCUSDT.binance_spot
[2026-08-04T15:44:28.185Z] [SUCCESS] Collector enabled → BTCUSDT.binance_spot
[2026-08-04T15:44:28.185Z] [INFO] Collector enabled → BTCUSDT.binance_spot
[2026-08-04T15:44:28.186Z] [INFO] Enabling collector → BTCUSDT.binance_futures
[2026-08-04T15:44:28.204Z] [INFO] Connecting Futures WS → wss://fstream.binance.com/stream?streams=btcusdt@trade/btcusdt@aggTrade/btcusdt@depth/btcusdt@bookTicker/btcusdt@markPrice/btcusdt@funding/btcusdt@kline_1m/btcusdt@forceOrder
[2026-08-04T15:44:28.206Z] [SUCCESS] Collector started → BTCUSDT.binance_futures
[2026-08-04T15:44:28.206Z] [SUCCESS] Collector enabled → BTCUSDT.binance_futures
[2026-08-04T15:44:28.206Z] [INFO] Collector enabled → BTCUSDT.binance_futures
[2026-08-04T15:44:28.207Z] [INFO] Enabling collector → ETHUSDT.binance_spot
[2026-08-04T15:44:28.207Z] [INFO] Connecting WS → wss://stream.binance.com:9443/ws/ethusdt@trade
[2026-08-04T15:44:28.208Z] [SUCCESS] Collector started → ETHUSDT.binance_spot
[2026-08-04T15:44:28.208Z] [SUCCESS] Collector enabled → ETHUSDT.binance_spot
[2026-08-04T15:44:28.208Z] [INFO] Collector enabled → ETHUSDT.binance_spot
[2026-08-04T15:44:28.209Z] [INFO] Enabling collector → ETHUSDT.binance_futures
[2026-08-04T15:44:28.209Z] [INFO] Connecting Futures WS → wss://fstream.binance.com/stream?streams=ethusdt@trade/ethusdt@aggTrade/ethusdt@depth/ethusdt@bookTicker/ethusdt@markPrice/ethusdt@funding/ethusdt@kline_1m/ethusdt@forceOrder
[2026-08-04T15:44:28.210Z] [SUCCESS] Collector started → ETHUSDT.binance_futures
[2026-08-04T15:44:28.210Z] [SUCCESS] Collector enabled → ETHUSDT.binance_futures
[2026-08-04T15:44:28.211Z] [INFO] Collector enabled → ETHUSDT.binance_futures
[2026-08-04T15:44:28.211Z] [INFO] Enabling collector → BNBUSDT.binance_spot
[2026-08-04T15:44:28.211Z] [INFO] Connecting WS → wss://stream.binance.com:9443/ws/bnbusdt@trade
[2026-08-04T15:44:28.212Z] [SUCCESS] Collector started → BNBUSDT.binance_spot
[2026-08-04T15:44:28.212Z] [SUCCESS] Collector enabled → BNBUSDT.binance_spot
[2026-08-04T15:44:28.213Z] [INFO] Collector enabled → BNBUSDT.binance_spot
[2026-08-04T15:44:28.213Z] [INFO] Enabling collector → BNBUSDT.binance_futures
[2026-08-04T15:44:28.213Z] [INFO] Connecting Futures WS → wss://fstream.binance.com/stream?streams=bnbusdt@trade/bnbusdt@aggTrade/bnbusdt@depth/bnbusdt@bookTicker/bnbusdt@markPrice/bnbusdt@funding/bnbusdt@kline_1m/bnbusdt@forceOrder
[2026-08-04T15:44:28.215Z] [SUCCESS] Collector started → BNBUSDT.binance_futures
[2026-08-04T15:44:28.215Z] [SUCCESS] Collector enabled → BNBUSDT.binance_futures
[2026-08-04T15:44:28.215Z] [INFO] Collector enabled → BNBUSDT.binance_futures
[2026-08-04T15:44:28.918Z] [SUCCESS] WS Connected → Binance Spot (ETHUSDT)
[2026-08-04T15:44:28.919Z] [SUCCESS] WS Connected → Binance Futures (BNBUSDT)
[2026-08-04T15:44:28.919Z] [SUCCESS] WS Connected → Binance Spot (BTCUSDT)
[2026-08-04T15:44:28.920Z] [SUCCESS] WS Connected → Binance Futures (BTCUSDT)
[2026-08-04T15:44:29.172Z] [SUCCESS] WS Connected → Binance Spot (BNBUSDT)
[2026-08-04T15:44:29.215Z] [SUCCESS] WS Connected → Binance Futures (ETHUSDT)
[2026-08-04T15:55:57.402Z] [INFO] Orchestrator starting...
[2026-08-04T15:55:57.411Z] [INFO] SymbolEngine initialized.
[2026-08-04T15:55:57.412Z] [INFO] BackoffEngine initialized.
[2026-08-04T15:55:57.412Z] [INFO] KillSwitchEngine initialized.
[2026-08-04T15:55:57.412Z] [INFO] ModuleManager initialized.
[2026-08-04T15:55:57.412Z] [INFO] StateManager initialized.
[2026-08-04T15:55:57.412Z] [SUCCESS] Orchestrator fully initialized.
[2026-08-04T15:55:57.413Z] [INFO] Enabling collector → BTCUSDT.binance_spot
[2026-08-04T15:55:57.436Z] [INFO] Connecting WS → wss://stream.binance.com:9443/ws/btcusdt@trade
[2026-08-04T15:55:57.473Z] [SUCCESS] Collector started → BTCUSDT.binance_spot
[2026-08-04T15:55:57.473Z] [SUCCESS] Collector enabled → BTCUSDT.binance_spot
[2026-08-04T15:55:57.473Z] [INFO] Collector enabled → BTCUSDT.binance_spot
[2026-08-04T15:55:57.473Z] [INFO] Enabling collector → BTCUSDT.binance_futures
[2026-08-04T15:55:57.491Z] [INFO] Connecting Futures WS → wss://fstream.binance.com/stream?streams=btcusdt@trade/btcusdt@aggTrade/btcusdt@depth/btcusdt@bookTicker/btcusdt@markPrice/btcusdt@funding/btcusdt@kline_1m/btcusdt@forceOrder
[2026-08-04T15:55:57.494Z] [SUCCESS] Collector started → BTCUSDT.binance_futures
[2026-08-04T15:55:57.494Z] [SUCCESS] Collector enabled → BTCUSDT.binance_futures
[2026-08-04T15:55:57.494Z] [INFO] Collector enabled → BTCUSDT.binance_futures
[2026-08-04T15:55:57.494Z] [INFO] Enabling collector → ETHUSDT.binance_spot
[2026-08-04T15:55:57.494Z] [INFO] Connecting WS → wss://stream.binance.com:9443/ws/ethusdt@trade
[2026-08-04T15:55:57.495Z] [SUCCESS] Collector started → ETHUSDT.binance_spot
[2026-08-04T15:55:57.495Z] [SUCCESS] Collector enabled → ETHUSDT.binance_spot
[2026-08-04T15:55:57.495Z] [INFO] Collector enabled → ETHUSDT.binance_spot
[2026-08-04T15:55:57.495Z] [INFO] Enabling collector → ETHUSDT.binance_futures
[2026-08-04T15:55:57.495Z] [INFO] Connecting Futures WS → wss://fstream.binance.com/stream?streams=ethusdt@trade/ethusdt@aggTrade/ethusdt@depth/ethusdt@bookTicker/ethusdt@markPrice/ethusdt@funding/ethusdt@kline_1m/ethusdt@forceOrder
[2026-08-04T15:55:57.496Z] [SUCCESS] Collector started → ETHUSDT.binance_futures
[2026-08-04T15:55:57.496Z] [SUCCESS] Collector enabled → ETHUSDT.binance_futures
[2026-08-04T15:55:57.496Z] [INFO] Collector enabled → ETHUSDT.binance_futures
[2026-08-04T15:55:57.497Z] [INFO] Enabling collector → BNBUSDT.binance_spot
[2026-08-04T15:55:57.497Z] [INFO] Connecting WS → wss://stream.binance.com:9443/ws/bnbusdt@trade
[2026-08-04T15:55:57.497Z] [SUCCESS] Collector started → BNBUSDT.binance_spot
[2026-08-04T15:55:57.497Z] [SUCCESS] Collector enabled → BNBUSDT.binance_spot
[2026-08-04T15:55:57.498Z] [INFO] Collector enabled → BNBUSDT.binance_spot
[2026-08-04T15:55:57.498Z] [INFO] Enabling collector → BNBUSDT.binance_futures
[2026-08-04T15:55:57.498Z] [INFO] Connecting Futures WS → wss://fstream.binance.com/stream?streams=bnbusdt@trade/bnbusdt@aggTrade/bnbusdt@depth/bnbusdt@bookTicker/bnbusdt@markPrice/bnbusdt@funding/bnbusdt@kline_1m/bnbusdt@forceOrder
[2026-08-04T15:55:57.499Z] [SUCCESS] Collector started → BNBUSDT.binance_futures
[2026-08-04T15:55:57.499Z] [SUCCESS] Collector enabled → BNBUSDT.binance_futures
[2026-08-04T15:55:57.499Z] [INFO] Collector enabled → BNBUSDT.binance_futures
[2026-08-04T15:55:58.197Z] [SUCCESS] WS Connected → Binance Spot (ETHUSDT)
[2026-08-04T15:55:58.199Z] [SUCCESS] WS Connected → Binance Spot (BNBUSDT)
[2026-08-04T15:55:58.201Z] [SUCCESS] WS Connected → Binance Futures (ETHUSDT)
[2026-08-04T15:55:58.201Z] [SUCCESS] WS Connected → Binance Futures (BTCUSDT)
[2026-08-04T15:55:58.202Z] [SUCCESS] WS Connected → Binance Spot (BTCUSDT)
[2026-08-04T15:55:58.206Z] [SUCCESS] WS Connected → Binance Futures (BNBUSDT)
[2026-08-04T15:59:49.792Z] [INFO] Orchestrator starting...
[2026-08-04T15:59:49.802Z] [INFO] SymbolEngine initialized.
[2026-08-04T15:59:49.803Z] [INFO] BackoffEngine initialized.
[2026-08-04T15:59:49.803Z] [INFO] KillSwitchEngine initialized.
[2026-08-04T15:59:49.803Z] [INFO] ModuleManager initialized.
[2026-08-04T15:59:49.803Z] [INFO] StateManager initialized.
[2026-08-04T15:59:49.804Z] [SUCCESS] Orchestrator fully initialized.
[2026-08-04T15:59:49.805Z] [INFO] Enabling collector → BTCUSDT.binance_spot
[2026-08-04T15:59:49.839Z] [INFO] Connecting WS → wss://stream.binance.com:9443/ws/btcusdt@trade
[2026-08-04T15:59:49.890Z] [SUCCESS] Collector started → BTCUSDT.binance_spot
[2026-08-04T15:59:49.891Z] [SUCCESS] Collector enabled → BTCUSDT.binance_spot
[2026-08-04T15:59:49.891Z] [INFO] Collector enabled → BTCUSDT.binance_spot
[2026-08-04T15:59:49.891Z] [INFO] Enabling collector → BTCUSDT.binance_futures
[2026-08-04T15:59:49.915Z] [INFO] Connecting Futures WS → wss://fstream.binance.com/stream?streams=btcusdt@trade/btcusdt@aggTrade/btcusdt@depth/btcusdt@bookTicker/btcusdt@markPrice/btcusdt@funding/btcusdt@kline_1m/btcusdt@forceOrder
[2026-08-04T15:59:49.917Z] [SUCCESS] Collector started → BTCUSDT.binance_futures
[2026-08-04T15:59:49.917Z] [SUCCESS] Collector enabled → BTCUSDT.binance_futures
[2026-08-04T15:59:49.917Z] [INFO] Collector enabled → BTCUSDT.binance_futures
[2026-08-04T15:59:49.918Z] [INFO] Enabling collector → ETHUSDT.binance_spot
[2026-08-04T15:59:49.918Z] [INFO] Connecting WS → wss://stream.binance.com:9443/ws/ethusdt@trade
[2026-08-04T15:59:49.919Z] [SUCCESS] Collector started → ETHUSDT.binance_spot
[2026-08-04T15:59:49.919Z] [SUCCESS] Collector enabled → ETHUSDT.binance_spot
[2026-08-04T15:59:49.920Z] [INFO] Collector enabled → ETHUSDT.binance_spot
[2026-08-04T15:59:49.920Z] [INFO] Enabling collector → ETHUSDT.binance_futures
[2026-08-04T15:59:49.920Z] [INFO] Connecting Futures WS → wss://fstream.binance.com/stream?streams=ethusdt@trade/ethusdt@aggTrade/ethusdt@depth/ethusdt@bookTicker/ethusdt@markPrice/ethusdt@funding/ethusdt@kline_1m/ethusdt@forceOrder
[2026-08-04T15:59:49.921Z] [SUCCESS] Collector started → ETHUSDT.binance_futures
[2026-08-04T15:59:49.921Z] [SUCCESS] Collector enabled → ETHUSDT.binance_futures
[2026-08-04T15:59:49.921Z] [INFO] Collector enabled → ETHUSDT.binance_futures
[2026-08-04T15:59:49.922Z] [INFO] Enabling collector → BNBUSDT.binance_spot
[2026-08-04T15:59:49.922Z] [INFO] Connecting WS → wss://stream.binance.com:9443/ws/bnbusdt@trade
[2026-08-04T15:59:49.923Z] [SUCCESS] Collector started → BNBUSDT.binance_spot
[2026-08-04T15:59:49.923Z] [SUCCESS] Collector enabled → BNBUSDT.binance_spot
[2026-08-04T15:59:49.923Z] [INFO] Collector enabled → BNBUSDT.binance_spot
[2026-08-04T15:59:49.923Z] [INFO] Enabling collector → BNBUSDT.binance_futures
[2026-08-04T15:59:49.923Z] [INFO] Connecting Futures WS → wss://fstream.binance.com/stream?streams=bnbusdt@trade/bnbusdt@aggTrade/bnbusdt@depth/bnbusdt@bookTicker/bnbusdt@markPrice/bnbusdt@funding/bnbusdt@kline_1m/bnbusdt@forceOrder
[2026-08-04T15:59:49.925Z] [SUCCESS] Collector started → BNBUSDT.binance_futures
[2026-08-04T15:59:49.925Z] [SUCCESS] Collector enabled → BNBUSDT.binance_futures
[2026-08-04T15:59:49.925Z] [INFO] Collector enabled → BNBUSDT.binance_futures
[2026-08-04T15:59:50.625Z] [SUCCESS] WS Connected → Binance Spot (ETHUSDT)
[2026-08-04T15:59:50.627Z] [SUCCESS] WS Connected → Binance Futures (BTCUSDT)
[2026-08-04T15:59:50.627Z] [SUCCESS] WS Connected → Binance Futures (BNBUSDT)
[2026-08-04T15:59:50.629Z] [SUCCESS] WS Connected → Binance Spot (BNBUSDT)
[2026-08-04T15:59:50.632Z] [SUCCESS] WS Connected → Binance Spot (BTCUSDT)
[2026-08-04T15:59:50.632Z] [SUCCESS] WS Connected → Binance Futures (ETHUSDT)
[2026-08-04T17:18:16.672Z] [INFO] Orchestrator starting...
[2026-08-04T17:18:16.680Z] [INFO] SymbolEngine initialized.
[2026-08-04T17:18:16.681Z] [INFO] BackoffEngine initialized.
[2026-08-04T17:18:16.682Z] [INFO] KillSwitchEngine initialized.
[2026-08-04T17:18:16.682Z] [INFO] ModuleManager initialized.
[2026-08-04T17:18:16.683Z] [INFO] StateManager initialized.
[2026-08-04T17:18:16.683Z] [SUCCESS] Orchestrator fully initialized.
[2026-08-04T17:18:16.684Z] [INFO] Enabling collector → BTCUSDT.binance_spot
[2026-08-04T17:18:16.715Z] [ERROR] CollectorLoader error → BTCUSDT.binance_spot: Cannot find module '../../../orchestrator/cluster/worker-context.cjs'
Require stack:
- /root/TraderBOT/collector/realtime/spot/orderbook/depth_normalizer.cjs
- /root/TraderBOT/collector/realtime/spot/exchanges/binance_spot.cjs
- /root/TraderBOT/orchestrator/utils/collector-loader.cjs
- /root/TraderBOT/orchestrator/utils/module-manager.cjs
- /root/TraderBOT/orchestrator/core/orchestrator.cjs
- /root/TraderBOT/run.cjs
[2026-08-04T17:18:16.716Z] [SUCCESS] Collector enabled → BTCUSDT.binance_spot
[2026-08-04T17:18:16.716Z] [INFO] Collector enabled → BTCUSDT.binance_spot
[2026-08-04T17:18:16.716Z] [INFO] Enabling collector → BTCUSDT.binance_futures
[2026-08-04T17:18:16.743Z] [INFO] Connecting Binance Futures WS → wss://fstream.binance.com/stream?streams=btcusdt@trade/btcusdt@aggTrade/btcusdt@depth/btcusdt@bookTicker/btcusdt@markPrice/btcusdt@funding/btcusdt@kline_1m/btcusdt@forceOrder
[2026-08-04T17:18:16.785Z] [SUCCESS] Collector started → BTCUSDT.binance_futures
[2026-08-04T17:18:16.786Z] [SUCCESS] Collector enabled → BTCUSDT.binance_futures
[2026-08-04T17:18:16.786Z] [INFO] Collector enabled → BTCUSDT.binance_futures
[2026-08-04T17:18:16.787Z] [INFO] Enabling collector → BTCUSDT.bybit_spot
[2026-08-04T17:18:16.787Z] [ERROR] CollectorLoader error → BTCUSDT.bybit_spot: Unknown collectorName: bybit_spot
[2026-08-04T17:18:16.787Z] [SUCCESS] Collector enabled → BTCUSDT.bybit_spot
[2026-08-04T17:18:16.787Z] [INFO] Collector enabled → BTCUSDT.bybit_spot
[2026-08-04T17:18:16.788Z] [INFO] Enabling collector → BTCUSDT.bybit_futures
[2026-08-04T17:18:16.788Z] [ERROR] CollectorLoader error → BTCUSDT.bybit_futures: Unknown collectorName: bybit_futures
[2026-08-04T17:18:16.788Z] [SUCCESS] Collector enabled → BTCUSDT.bybit_futures
[2026-08-04T17:18:16.788Z] [INFO] Collector enabled → BTCUSDT.bybit_futures
[2026-08-04T17:18:16.788Z] [INFO] Enabling collector → BTCUSDT.okx_spot
[2026-08-04T17:18:16.789Z] [ERROR] CollectorLoader error → BTCUSDT.okx_spot: Unknown collectorName: okx_spot
[2026-08-04T17:18:16.789Z] [SUCCESS] Collector enabled → BTCUSDT.okx_spot
[2026-08-04T17:18:16.789Z] [INFO] Collector enabled → BTCUSDT.okx_spot
[2026-08-04T17:18:16.789Z] [INFO] Enabling collector → BTCUSDT.okx_futures
[2026-08-04T17:18:16.790Z] [ERROR] CollectorLoader error → BTCUSDT.okx_futures: Unknown collectorName: okx_futures
[2026-08-04T17:18:16.790Z] [SUCCESS] Collector enabled → BTCUSDT.okx_futures
[2026-08-04T17:18:16.790Z] [INFO] Collector enabled → BTCUSDT.okx_futures
[2026-08-04T17:18:16.790Z] [INFO] Enabling collector → BTCUSDT.kucoin_spot
[2026-08-04T17:18:16.790Z] [ERROR] CollectorLoader error → BTCUSDT.kucoin_spot: Unknown collectorName: kucoin_spot
[2026-08-04T17:18:16.790Z] [SUCCESS] Collector enabled → BTCUSDT.kucoin_spot
[2026-08-04T17:18:16.790Z] [INFO] Collector enabled → BTCUSDT.kucoin_spot
[2026-08-04T17:18:16.790Z] [INFO] Enabling collector → BTCUSDT.kucoin_futures
[2026-08-04T17:18:16.791Z] [ERROR] CollectorLoader error → BTCUSDT.kucoin_futures: Unknown collectorName: kucoin_futures
[2026-08-04T17:18:16.791Z] [SUCCESS] Collector enabled → BTCUSDT.kucoin_futures
[2026-08-04T17:18:16.791Z] [INFO] Collector enabled → BTCUSDT.kucoin_futures
[2026-08-04T17:18:16.791Z] [INFO] Enabling collector → BTCUSDT.bitget_spot
[2026-08-04T17:18:16.791Z] [ERROR] CollectorLoader error → BTCUSDT.bitget_spot: Unknown collectorName: bitget_spot
[2026-08-04T17:18:16.791Z] [SUCCESS] Collector enabled → BTCUSDT.bitget_spot
[2026-08-04T17:18:16.791Z] [INFO] Collector enabled → BTCUSDT.bitget_spot
[2026-08-04T17:18:16.791Z] [INFO] Enabling collector → BTCUSDT.bitget_futures
[2026-08-04T17:18:16.792Z] [ERROR] CollectorLoader error → BTCUSDT.bitget_futures: Unknown collectorName: bitget_futures
[2026-08-04T17:18:16.792Z] [SUCCESS] Collector enabled → BTCUSDT.bitget_futures
[2026-08-04T17:18:16.792Z] [INFO] Collector enabled → BTCUSDT.bitget_futures
[2026-08-04T17:18:16.792Z] [INFO] Enabling collector → ETHUSDT.binance_spot
[2026-08-04T17:18:16.792Z] [ERROR] CollectorLoader error → ETHUSDT.binance_spot: Cannot find module '../../../orchestrator/cluster/worker-context.cjs'
Require stack:
- /root/TraderBOT/collector/realtime/spot/orderbook/depth_normalizer.cjs
- /root/TraderBOT/collector/realtime/spot/exchanges/binance_spot.cjs
- /root/TraderBOT/orchestrator/utils/collector-loader.cjs
- /root/TraderBOT/orchestrator/utils/module-manager.cjs
- /root/TraderBOT/orchestrator/core/orchestrator.cjs
- /root/TraderBOT/run.cjs
[2026-08-04T17:18:16.793Z] [SUCCESS] Collector enabled → ETHUSDT.binance_spot
[2026-08-04T17:18:16.793Z] [INFO] Collector enabled → ETHUSDT.binance_spot
[2026-08-04T17:18:16.793Z] [INFO] Enabling collector → ETHUSDT.binance_futures
[2026-08-04T17:18:16.793Z] [INFO] Connecting Binance Futures WS → wss://fstream.binance.com/stream?streams=ethusdt@trade/ethusdt@aggTrade/ethusdt@depth/ethusdt@bookTicker/ethusdt@markPrice/ethusdt@funding/ethusdt@kline_1m/ethusdt@forceOrder
[2026-08-04T17:18:16.795Z] [SUCCESS] Collector started → ETHUSDT.binance_futures
[2026-08-04T17:18:16.795Z] [SUCCESS] Collector enabled → ETHUSDT.binance_futures
[2026-08-04T17:18:16.795Z] [INFO] Collector enabled → ETHUSDT.binance_futures
[2026-08-04T17:18:16.795Z] [INFO] Enabling collector → ETHUSDT.bybit_spot
[2026-08-04T17:18:16.795Z] [ERROR] CollectorLoader error → ETHUSDT.bybit_spot: Unknown collectorName: bybit_spot
[2026-08-04T17:18:16.795Z] [SUCCESS] Collector enabled → ETHUSDT.bybit_spot
[2026-08-04T17:18:16.795Z] [INFO] Collector enabled → ETHUSDT.bybit_spot
[2026-08-04T17:18:16.795Z] [INFO] Enabling collector → ETHUSDT.bybit_futures
[2026-08-04T17:18:16.795Z] [ERROR] CollectorLoader error → ETHUSDT.bybit_futures: Unknown collectorName: bybit_futures
[2026-08-04T17:18:16.796Z] [SUCCESS] Collector enabled → ETHUSDT.bybit_futures
[2026-08-04T17:18:16.796Z] [INFO] Collector enabled → ETHUSDT.bybit_futures
[2026-08-04T17:18:16.796Z] [INFO] Enabling collector → ETHUSDT.okx_spot
[2026-08-04T17:18:16.796Z] [ERROR] CollectorLoader error → ETHUSDT.okx_spot: Unknown collectorName: okx_spot
[2026-08-04T17:18:16.796Z] [SUCCESS] Collector enabled → ETHUSDT.okx_spot
[2026-08-04T17:18:16.796Z] [INFO] Collector enabled → ETHUSDT.okx_spot
[2026-08-04T17:18:16.796Z] [INFO] Enabling collector → ETHUSDT.okx_futures
[2026-08-04T17:18:16.796Z] [ERROR] CollectorLoader error → ETHUSDT.okx_futures: Unknown collectorName: okx_futures
[2026-08-04T17:18:16.796Z] [SUCCESS] Collector enabled → ETHUSDT.okx_futures
[2026-08-04T17:18:16.796Z] [INFO] Collector enabled → ETHUSDT.okx_futures
[2026-08-04T17:18:16.796Z] [INFO] Enabling collector → ETHUSDT.kucoin_spot
[2026-08-04T17:18:16.796Z] [ERROR] CollectorLoader error → ETHUSDT.kucoin_spot: Unknown collectorName: kucoin_spot
[2026-08-04T17:18:16.797Z] [SUCCESS] Collector enabled → ETHUSDT.kucoin_spot
[2026-08-04T17:18:16.797Z] [INFO] Collector enabled → ETHUSDT.kucoin_spot
[2026-08-04T17:18:16.797Z] [INFO] Enabling collector → ETHUSDT.kucoin_futures
[2026-08-04T17:18:16.797Z] [ERROR] CollectorLoader error → ETHUSDT.kucoin_futures: Unknown collectorName: kucoin_futures
[2026-08-04T17:18:16.797Z] [SUCCESS] Collector enabled → ETHUSDT.kucoin_futures
[2026-08-04T17:18:16.797Z] [INFO] Collector enabled → ETHUSDT.kucoin_futures
[2026-08-04T17:18:16.797Z] [INFO] Enabling collector → ETHUSDT.bitget_spot
[2026-08-04T17:18:16.797Z] [ERROR] CollectorLoader error → ETHUSDT.bitget_spot: Unknown collectorName: bitget_spot
[2026-08-04T17:18:16.797Z] [SUCCESS] Collector enabled → ETHUSDT.bitget_spot
[2026-08-04T17:18:16.797Z] [INFO] Collector enabled → ETHUSDT.bitget_spot
[2026-08-04T17:18:16.797Z] [INFO] Enabling collector → ETHUSDT.bitget_futures
[2026-08-04T17:18:16.797Z] [ERROR] CollectorLoader error → ETHUSDT.bitget_futures: Unknown collectorName: bitget_futures
[2026-08-04T17:18:16.797Z] [SUCCESS] Collector enabled → ETHUSDT.bitget_futures
[2026-08-04T17:18:16.798Z] [INFO] Collector enabled → ETHUSDT.bitget_futures
[2026-08-04T17:18:17.508Z] [SUCCESS] WS Connected → Binance Futures (ETHUSDT)
[2026-08-04T17:18:17.525Z] [SUCCESS] WS Connected → Binance Futures (BTCUSDT)
[2026-08-04T17:24:16.942Z] [INFO] Orchestrator starting...
[2026-08-04T17:24:16.952Z] [INFO] SymbolEngine initialized.
[2026-08-04T17:24:16.952Z] [INFO] BackoffEngine initialized.
[2026-08-04T17:24:16.953Z] [INFO] KillSwitchEngine initialized.
[2026-08-04T17:24:16.953Z] [INFO] ModuleManager initialized.
[2026-08-04T17:24:16.953Z] [INFO] StateManager initialized.
[2026-08-04T17:24:16.954Z] [SUCCESS] Orchestrator fully initialized.
[2026-08-04T17:24:16.954Z] [INFO] Enabling collector → BTCUSDT.binance_spot
[2026-08-04T17:24:16.982Z] [ERROR] CollectorLoader error → BTCUSDT.binance_spot: Cannot find module '../market/price_delta.cjs'
Require stack:
- /root/TraderBOT/collector/realtime/spot/exchanges/binance_spot-realtime.cjs
- /root/TraderBOT/orchestrator/utils/collector-loader.cjs
- /root/TraderBOT/orchestrator/utils/module-manager.cjs
- /root/TraderBOT/orchestrator/core/orchestrator.cjs
- /root/TraderBOT/run.cjs
[2026-08-04T17:24:16.983Z] [SUCCESS] Collector enabled → BTCUSDT.binance_spot
[2026-08-04T17:24:16.983Z] [INFO] Collector enabled → BTCUSDT.binance_spot
[2026-08-04T17:24:16.985Z] [INFO] Enabling collector → BTCUSDT.binance_futures
[2026-08-04T17:24:17.003Z] [INFO] Connecting Binance Futures WS → wss://fstream.binance.com/stream?streams=btcusdt@trade/btcusdt@aggTrade/btcusdt@depth/btcusdt@bookTicker/btcusdt@markPrice/btcusdt@funding/btcusdt@kline_1m/btcusdt@forceOrder
[2026-08-04T17:24:17.044Z] [SUCCESS] Binance Futures Enterprise Collector Started → BTCUSDT
[2026-08-04T17:24:17.045Z] [SUCCESS] Collector started → BTCUSDT.binance_futures
[2026-08-04T17:24:17.045Z] [SUCCESS] Collector enabled → BTCUSDT.binance_futures
[2026-08-04T17:24:17.045Z] [INFO] Collector enabled → BTCUSDT.binance_futures
[2026-08-04T17:24:17.045Z] [INFO] Enabling collector → BTCUSDT.bybit_spot
[2026-08-04T17:24:17.046Z] [ERROR] CollectorLoader error → BTCUSDT.bybit_spot: Cannot find module '../market/price_delta.cjs'
Require stack:
- /root/TraderBOT/collector/realtime/spot/exchanges/bybit_spot-realtime.cjs
- /root/TraderBOT/orchestrator/utils/collector-loader.cjs
- /root/TraderBOT/orchestrator/utils/module-manager.cjs
- /root/TraderBOT/orchestrator/core/orchestrator.cjs
- /root/TraderBOT/run.cjs
[2026-08-04T17:24:17.046Z] [SUCCESS] Collector enabled → BTCUSDT.bybit_spot
[2026-08-04T17:24:17.047Z] [INFO] Collector enabled → BTCUSDT.bybit_spot
[2026-08-04T17:24:17.047Z] [INFO] Enabling collector → BTCUSDT.bybit_futures
[2026-08-04T17:24:17.048Z] [INFO] Connecting Bybit Futures WS → wss://stream.bybit.com/v5/public/linear
[2026-08-04T17:24:17.049Z] [SUCCESS] Bybit Futures Enterprise Collector Started → BTCUSDT
[2026-08-04T17:24:17.050Z] [SUCCESS] Collector started → BTCUSDT.bybit_futures
[2026-08-04T17:24:17.050Z] [SUCCESS] Collector enabled → BTCUSDT.bybit_futures
[2026-08-04T17:24:17.050Z] [INFO] Collector enabled → BTCUSDT.bybit_futures
[2026-08-04T17:24:17.050Z] [INFO] Enabling collector → BTCUSDT.okx_spot
[2026-08-04T17:24:17.052Z] [ERROR] CollectorLoader error → BTCUSDT.okx_spot: Cannot find module '../market/price_delta.cjs'
Require stack:
- /root/TraderBOT/collector/realtime/spot/exchanges/okx_spot-realtime.cjs
- /root/TraderBOT/orchestrator/utils/collector-loader.cjs
- /root/TraderBOT/orchestrator/utils/module-manager.cjs
- /root/TraderBOT/orchestrator/core/orchestrator.cjs
- /root/TraderBOT/run.cjs
[2026-08-04T17:24:17.052Z] [SUCCESS] Collector enabled → BTCUSDT.okx_spot
[2026-08-04T17:24:17.052Z] [INFO] Collector enabled → BTCUSDT.okx_spot
[2026-08-04T17:24:17.052Z] [INFO] Enabling collector → BTCUSDT.okx_futures
[2026-08-04T17:24:17.054Z] [INFO] Connecting OKX Futures WS → wss://ws.okx.com:8443/ws/v5/public
[2026-08-04T17:24:17.055Z] [SUCCESS] OKX Futures Enterprise Collector Started → BTCUSDT
[2026-08-04T17:24:17.056Z] [SUCCESS] Collector started → BTCUSDT.okx_futures
[2026-08-04T17:24:17.056Z] [SUCCESS] Collector enabled → BTCUSDT.okx_futures
[2026-08-04T17:24:17.056Z] [INFO] Collector enabled → BTCUSDT.okx_futures
[2026-08-04T17:24:17.056Z] [INFO] Enabling collector → BTCUSDT.kucoin_spot
[2026-08-04T17:24:17.057Z] [ERROR] CollectorLoader error → BTCUSDT.kucoin_spot: Cannot find module '../market/price_delta.cjs'
Require stack:
- /root/TraderBOT/collector/realtime/spot/exchanges/kucoin_spot-realtime.cjs
- /root/TraderBOT/orchestrator/utils/collector-loader.cjs
- /root/TraderBOT/orchestrator/utils/module-manager.cjs
- /root/TraderBOT/orchestrator/core/orchestrator.cjs
- /root/TraderBOT/run.cjs
[2026-08-04T17:24:17.057Z] [SUCCESS] Collector enabled → BTCUSDT.kucoin_spot
[2026-08-04T17:24:17.057Z] [INFO] Collector enabled → BTCUSDT.kucoin_spot
[2026-08-04T17:24:17.058Z] [INFO] Enabling collector → BTCUSDT.kucoin_futures
[2026-08-04T17:24:17.058Z] [ERROR] CollectorLoader error → BTCUSDT.kucoin_futures: Cannot find module '../orderbook/depth_5.cjs'
Require stack:
- /root/TraderBOT/collector/realtime/futures/exchanges/kucoin_futures-realtime.cjs
- /root/TraderBOT/orchestrator/utils/collector-loader.cjs
- /root/TraderBOT/orchestrator/utils/module-manager.cjs
- /root/TraderBOT/orchestrator/core/orchestrator.cjs
- /root/TraderBOT/run.cjs
[2026-08-04T17:24:17.059Z] [SUCCESS] Collector enabled → BTCUSDT.kucoin_futures
[2026-08-04T17:24:17.059Z] [INFO] Collector enabled → BTCUSDT.kucoin_futures
[2026-08-04T17:24:17.059Z] [INFO] Enabling collector → BTCUSDT.bitget_spot
[2026-08-04T17:24:17.060Z] [ERROR] CollectorLoader error → BTCUSDT.bitget_spot: Cannot find module '../market/price_delta.cjs'
Require stack:
- /root/TraderBOT/collector/realtime/spot/exchanges/bitget_spot-realtime.cjs
- /root/TraderBOT/orchestrator/utils/collector-loader.cjs
- /root/TraderBOT/orchestrator/utils/module-manager.cjs
- /root/TraderBOT/orchestrator/core/orchestrator.cjs
- /root/TraderBOT/run.cjs
[2026-08-04T17:24:17.060Z] [SUCCESS] Collector enabled → BTCUSDT.bitget_spot
[2026-08-04T17:24:17.060Z] [INFO] Collector enabled → BTCUSDT.bitget_spot
[2026-08-04T17:24:17.060Z] [INFO] Enabling collector → BTCUSDT.bitget_futures
[2026-08-04T17:24:17.061Z] [INFO] Connecting Bitget Futures WS → wss://ws.bitget.com/v2/ws/public
[2026-08-04T17:24:17.063Z] [SUCCESS] Bitget Futures Enterprise Collector Started → BTCUSDT
[2026-08-04T17:24:17.063Z] [SUCCESS] Collector started → BTCUSDT.bitget_futures
[2026-08-04T17:24:17.063Z] [SUCCESS] Collector enabled → BTCUSDT.bitget_futures
[2026-08-04T17:24:17.063Z] [INFO] Collector enabled → BTCUSDT.bitget_futures
[2026-08-04T17:24:17.063Z] [INFO] Enabling collector → ETHUSDT.binance_spot
[2026-08-04T17:24:17.064Z] [ERROR] CollectorLoader error → ETHUSDT.binance_spot: Cannot find module '../market/price_delta.cjs'
Require stack:
- /root/TraderBOT/collector/realtime/spot/exchanges/binance_spot-realtime.cjs
- /root/TraderBOT/orchestrator/utils/collector-loader.cjs
- /root/TraderBOT/orchestrator/utils/module-manager.cjs
- /root/TraderBOT/orchestrator/core/orchestrator.cjs
- /root/TraderBOT/run.cjs
[2026-08-04T17:24:17.064Z] [SUCCESS] Collector enabled → ETHUSDT.binance_spot
[2026-08-04T17:24:17.064Z] [INFO] Collector enabled → ETHUSDT.binance_spot
[2026-08-04T17:24:17.064Z] [INFO] Enabling collector → ETHUSDT.binance_futures
[2026-08-04T17:24:17.064Z] [INFO] Connecting Binance Futures WS → wss://fstream.binance.com/stream?streams=ethusdt@trade/ethusdt@aggTrade/ethusdt@depth/ethusdt@bookTicker/ethusdt@markPrice/ethusdt@funding/ethusdt@kline_1m/ethusdt@forceOrder
[2026-08-04T17:24:17.065Z] [SUCCESS] Binance Futures Enterprise Collector Started → ETHUSDT
[2026-08-04T17:24:17.066Z] [SUCCESS] Collector started → ETHUSDT.binance_futures
[2026-08-04T17:24:17.066Z] [SUCCESS] Collector enabled → ETHUSDT.binance_futures
[2026-08-04T17:24:17.066Z] [INFO] Collector enabled → ETHUSDT.binance_futures
[2026-08-04T17:24:17.066Z] [INFO] Enabling collector → ETHUSDT.bybit_spot
[2026-08-04T17:24:17.066Z] [ERROR] CollectorLoader error → ETHUSDT.bybit_spot: Cannot find module '../market/price_delta.cjs'
Require stack:
- /root/TraderBOT/collector/realtime/spot/exchanges/bybit_spot-realtime.cjs
- /root/TraderBOT/orchestrator/utils/collector-loader.cjs
- /root/TraderBOT/orchestrator/utils/module-manager.cjs
- /root/TraderBOT/orchestrator/core/orchestrator.cjs
- /root/TraderBOT/run.cjs
[2026-08-04T17:24:17.067Z] [SUCCESS] Collector enabled → ETHUSDT.bybit_spot
[2026-08-04T17:24:17.067Z] [INFO] Collector enabled → ETHUSDT.bybit_spot
[2026-08-04T17:24:17.067Z] [INFO] Enabling collector → ETHUSDT.bybit_futures
[2026-08-04T17:24:17.067Z] [INFO] Connecting Bybit Futures WS → wss://stream.bybit.com/v5/public/linear
[2026-08-04T17:24:17.068Z] [SUCCESS] Bybit Futures Enterprise Collector Started → ETHUSDT
[2026-08-04T17:24:17.068Z] [SUCCESS] Collector started → ETHUSDT.bybit_futures
[2026-08-04T17:24:17.068Z] [SUCCESS] Collector enabled → ETHUSDT.bybit_futures
[2026-08-04T17:24:17.068Z] [INFO] Collector enabled → ETHUSDT.bybit_futures
[2026-08-04T17:24:17.068Z] [INFO] Enabling collector → ETHUSDT.okx_spot
[2026-08-04T17:24:17.069Z] [ERROR] CollectorLoader error → ETHUSDT.okx_spot: Cannot find module '../market/price_delta.cjs'
Require stack:
- /root/TraderBOT/collector/realtime/spot/exchanges/okx_spot-realtime.cjs
- /root/TraderBOT/orchestrator/utils/collector-loader.cjs
- /root/TraderBOT/orchestrator/utils/module-manager.cjs
- /root/TraderBOT/orchestrator/core/orchestrator.cjs
- /root/TraderBOT/run.cjs
[2026-08-04T17:24:17.069Z] [SUCCESS] Collector enabled → ETHUSDT.okx_spot
[2026-08-04T17:24:17.069Z] [INFO] Collector enabled → ETHUSDT.okx_spot
[2026-08-04T17:24:17.069Z] [INFO] Enabling collector → ETHUSDT.okx_futures
[2026-08-04T17:24:17.069Z] [INFO] Connecting OKX Futures WS → wss://ws.okx.com:8443/ws/v5/public
[2026-08-04T17:24:17.070Z] [SUCCESS] OKX Futures Enterprise Collector Started → ETHUSDT
[2026-08-04T17:24:17.071Z] [SUCCESS] Collector started → ETHUSDT.okx_futures
[2026-08-04T17:24:17.071Z] [SUCCESS] Collector enabled → ETHUSDT.okx_futures
[2026-08-04T17:24:17.071Z] [INFO] Collector enabled → ETHUSDT.okx_futures
[2026-08-04T17:24:17.071Z] [INFO] Enabling collector → ETHUSDT.kucoin_spot
[2026-08-04T17:24:17.072Z] [ERROR] CollectorLoader error → ETHUSDT.kucoin_spot: Cannot find module '../market/price_delta.cjs'
Require stack:
- /root/TraderBOT/collector/realtime/spot/exchanges/kucoin_spot-realtime.cjs
- /root/TraderBOT/orchestrator/utils/collector-loader.cjs
- /root/TraderBOT/orchestrator/utils/module-manager.cjs
- /root/TraderBOT/orchestrator/core/orchestrator.cjs
- /root/TraderBOT/run.cjs
[2026-08-04T17:24:17.073Z] [SUCCESS] Collector enabled → ETHUSDT.kucoin_spot
[2026-08-04T17:24:17.073Z] [INFO] Collector enabled → ETHUSDT.kucoin_spot
[2026-08-04T17:24:17.073Z] [INFO] Enabling collector → ETHUSDT.kucoin_futures
[2026-08-04T17:24:17.073Z] [ERROR] CollectorLoader error → ETHUSDT.kucoin_futures: Cannot find module '../orderbook/depth_5.cjs'
Require stack:
- /root/TraderBOT/collector/realtime/futures/exchanges/kucoin_futures-realtime.cjs
- /root/TraderBOT/orchestrator/utils/collector-loader.cjs
- /root/TraderBOT/orchestrator/utils/module-manager.cjs
- /root/TraderBOT/orchestrator/core/orchestrator.cjs
- /root/TraderBOT/run.cjs
[2026-08-04T17:24:17.074Z] [SUCCESS] Collector enabled → ETHUSDT.kucoin_futures
[2026-08-04T17:24:17.074Z] [INFO] Collector enabled → ETHUSDT.kucoin_futures
[2026-08-04T17:24:17.074Z] [INFO] Enabling collector → ETHUSDT.bitget_spot
[2026-08-04T17:24:17.074Z] [ERROR] CollectorLoader error → ETHUSDT.bitget_spot: Cannot find module '../market/price_delta.cjs'
Require stack:
- /root/TraderBOT/collector/realtime/spot/exchanges/bitget_spot-realtime.cjs
- /root/TraderBOT/orchestrator/utils/collector-loader.cjs
- /root/TraderBOT/orchestrator/utils/module-manager.cjs
- /root/TraderBOT/orchestrator/core/orchestrator.cjs
- /root/TraderBOT/run.cjs
[2026-08-04T17:24:17.075Z] [SUCCESS] Collector enabled → ETHUSDT.bitget_spot
[2026-08-04T17:24:17.075Z] [INFO] Collector enabled → ETHUSDT.bitget_spot
[2026-08-04T17:24:17.075Z] [INFO] Enabling collector → ETHUSDT.bitget_futures
[2026-08-04T17:24:17.075Z] [INFO] Connecting Bitget Futures WS → wss://ws.bitget.com/v2/ws/public
[2026-08-04T17:24:17.077Z] [SUCCESS] Bitget Futures Enterprise Collector Started → ETHUSDT
[2026-08-04T17:24:17.077Z] [SUCCESS] Collector started → ETHUSDT.bitget_futures
[2026-08-04T17:24:17.077Z] [SUCCESS] Collector enabled → ETHUSDT.bitget_futures
[2026-08-04T17:24:17.077Z] [INFO] Collector enabled → ETHUSDT.bitget_futures
[2026-08-04T17:24:17.606Z] [SUCCESS] WS Connected → Bybit Futures (BTCUSDT)
[2026-08-04T17:24:17.611Z] [SUCCESS] WS Connected → Bybit Futures (ETHUSDT)
[2026-08-04T17:24:17.778Z] [SUCCESS] WS Connected → Binance Futures (BTCUSDT)
[2026-08-04T17:24:17.800Z] [SUCCESS] WS Connected → Bitget Futures (BTCUSDT)
[2026-08-04T17:24:17.801Z] [SUCCESS] WS Connected → Binance Futures (ETHUSDT)
[2026-08-04T17:24:17.802Z] [SUCCESS] WS Connected → Bitget Futures (ETHUSDT)
[2026-08-04T17:24:17.824Z] [SUCCESS] WS Connected → OKX Futures (ETH-USDT-SWAP)
[2026-08-04T17:24:18.017Z] [SUCCESS] WS Connected → OKX Futures (BTC-USDT-SWAP)
[2026-08-04T17:31:07.601Z] [INFO] Orchestrator starting...
[2026-08-04T17:31:07.610Z] [INFO] SymbolEngine initialized.
[2026-08-04T17:31:07.611Z] [INFO] BackoffEngine initialized.
[2026-08-04T17:31:07.611Z] [INFO] KillSwitchEngine initialized.
[2026-08-04T17:31:07.612Z] [INFO] ModuleManager initialized.
[2026-08-04T17:31:07.612Z] [INFO] StateManager initialized.
[2026-08-04T17:31:07.612Z] [SUCCESS] Orchestrator fully initialized.
[2026-08-04T17:31:07.613Z] [INFO] Enabling collector → BTCUSDT.binance_spot
[2026-08-04T17:31:07.641Z] [ERROR] CollectorLoader error → BTCUSDT.binance_spot: Cannot find module '../market/price_delta.cjs'
Require stack:
- /root/TraderBOT/collector/realtime/spot/exchanges/binance_spot-realtime.cjs
- /root/TraderBOT/orchestrator/utils/collector-loader.cjs
- /root/TraderBOT/orchestrator/utils/module-manager.cjs
- /root/TraderBOT/orchestrator/core/orchestrator.cjs
- /root/TraderBOT/run.cjs
[2026-08-04T17:31:07.641Z] [SUCCESS] Collector enabled → BTCUSDT.binance_spot
[2026-08-04T17:31:07.641Z] [INFO] Collector enabled → BTCUSDT.binance_spot
[2026-08-04T17:31:07.641Z] [INFO] Enabling collector → BTCUSDT.binance_futures
[2026-08-04T17:31:07.661Z] [INFO] Connecting Binance Futures WS → wss://fstream.binance.com/stream?streams=btcusdt@trade/btcusdt@aggTrade/btcusdt@depth/btcusdt@bookTicker/btcusdt@markPrice/btcusdt@funding/btcusdt@kline_1m/btcusdt@forceOrder
[2026-08-04T17:31:07.706Z] [SUCCESS] Binance Futures Enterprise Collector Started → BTCUSDT
[2026-08-04T17:31:07.706Z] [SUCCESS] Collector started → BTCUSDT.binance_futures
[2026-08-04T17:31:07.707Z] [SUCCESS] Collector enabled → BTCUSDT.binance_futures
[2026-08-04T17:31:07.707Z] [INFO] Collector enabled → BTCUSDT.binance_futures
[2026-08-04T17:31:07.707Z] [INFO] Enabling collector → BTCUSDT.bybit_spot
[2026-08-04T17:31:07.708Z] [ERROR] CollectorLoader error → BTCUSDT.bybit_spot: Cannot find module '../market/price_delta.cjs'
Require stack:
- /root/TraderBOT/collector/realtime/spot/exchanges/bybit_spot-realtime.cjs
- /root/TraderBOT/orchestrator/utils/collector-loader.cjs
- /root/TraderBOT/orchestrator/utils/module-manager.cjs
- /root/TraderBOT/orchestrator/core/orchestrator.cjs
- /root/TraderBOT/run.cjs
[2026-08-04T17:31:07.709Z] [SUCCESS] Collector enabled → BTCUSDT.bybit_spot
[2026-08-04T17:31:07.709Z] [INFO] Collector enabled → BTCUSDT.bybit_spot
[2026-08-04T17:31:07.709Z] [INFO] Enabling collector → BTCUSDT.bybit_futures
[2026-08-04T17:31:07.710Z] [INFO] Connecting Bybit Futures WS → wss://stream.bybit.com/v5/public/linear
[2026-08-04T17:31:07.712Z] [SUCCESS] Bybit Futures Enterprise Collector Started → BTCUSDT
[2026-08-04T17:31:07.712Z] [SUCCESS] Collector started → BTCUSDT.bybit_futures
[2026-08-04T17:31:07.712Z] [SUCCESS] Collector enabled → BTCUSDT.bybit_futures
[2026-08-04T17:31:07.713Z] [INFO] Collector enabled → BTCUSDT.bybit_futures
[2026-08-04T17:31:07.713Z] [INFO] Enabling collector → BTCUSDT.okx_spot
[2026-08-04T17:31:07.714Z] [ERROR] CollectorLoader error → BTCUSDT.okx_spot: Cannot find module '../market/price_delta.cjs'
Require stack:
- /root/TraderBOT/collector/realtime/spot/exchanges/okx_spot-realtime.cjs
- /root/TraderBOT/orchestrator/utils/collector-loader.cjs
- /root/TraderBOT/orchestrator/utils/module-manager.cjs
- /root/TraderBOT/orchestrator/core/orchestrator.cjs
- /root/TraderBOT/run.cjs
[2026-08-04T17:31:07.714Z] [SUCCESS] Collector enabled → BTCUSDT.okx_spot
[2026-08-04T17:31:07.715Z] [INFO] Collector enabled → BTCUSDT.okx_spot
[2026-08-04T17:31:07.715Z] [INFO] Enabling collector → BTCUSDT.okx_futures
[2026-08-04T17:31:07.717Z] [INFO] Connecting OKX Futures WS → wss://ws.okx.com:8443/ws/v5/public
[2026-08-04T17:31:07.718Z] [SUCCESS] OKX Futures Enterprise Collector Started → BTCUSDT
[2026-08-04T17:31:07.718Z] [SUCCESS] Collector started → BTCUSDT.okx_futures
[2026-08-04T17:31:07.719Z] [SUCCESS] Collector enabled → BTCUSDT.okx_futures
[2026-08-04T17:31:07.719Z] [INFO] Collector enabled → BTCUSDT.okx_futures
[2026-08-04T17:31:07.719Z] [INFO] Enabling collector → BTCUSDT.kucoin_spot
[2026-08-04T17:31:07.720Z] [ERROR] CollectorLoader error → BTCUSDT.kucoin_spot: Cannot find module '../market/price_delta.cjs'
Require stack:
- /root/TraderBOT/collector/realtime/spot/exchanges/kucoin_spot-realtime.cjs
- /root/TraderBOT/orchestrator/utils/collector-loader.cjs
- /root/TraderBOT/orchestrator/utils/module-manager.cjs
- /root/TraderBOT/orchestrator/core/orchestrator.cjs
- /root/TraderBOT/run.cjs
[2026-08-04T17:31:07.720Z] [SUCCESS] Collector enabled → BTCUSDT.kucoin_spot
[2026-08-04T17:31:07.721Z] [INFO] Collector enabled → BTCUSDT.kucoin_spot
[2026-08-04T17:31:07.721Z] [INFO] Enabling collector → BTCUSDT.kucoin_futures
[2026-08-04T17:31:07.722Z] [ERROR] CollectorLoader error → BTCUSDT.kucoin_futures: Cannot find module '../orderbook/depth_5.cjs'
Require stack:
- /root/TraderBOT/collector/realtime/futures/exchanges/kucoin_futures-realtime.cjs
- /root/TraderBOT/orchestrator/utils/collector-loader.cjs
- /root/TraderBOT/orchestrator/utils/module-manager.cjs
- /root/TraderBOT/orchestrator/core/orchestrator.cjs
- /root/TraderBOT/run.cjs
[2026-08-04T17:31:07.722Z] [SUCCESS] Collector enabled → BTCUSDT.kucoin_futures
[2026-08-04T17:31:07.722Z] [INFO] Collector enabled → BTCUSDT.kucoin_futures
[2026-08-04T17:31:07.722Z] [INFO] Enabling collector → BTCUSDT.bitget_spot
[2026-08-04T17:31:07.723Z] [ERROR] CollectorLoader error → BTCUSDT.bitget_spot: Cannot find module '../market/price_delta.cjs'
Require stack:
- /root/TraderBOT/collector/realtime/spot/exchanges/bitget_spot-realtime.cjs
- /root/TraderBOT/orchestrator/utils/collector-loader.cjs
- /root/TraderBOT/orchestrator/utils/module-manager.cjs
- /root/TraderBOT/orchestrator/core/orchestrator.cjs
- /root/TraderBOT/run.cjs
[2026-08-04T17:31:07.723Z] [SUCCESS] Collector enabled → BTCUSDT.bitget_spot
[2026-08-04T17:31:07.724Z] [INFO] Collector enabled → BTCUSDT.bitget_spot
[2026-08-04T17:31:07.724Z] [INFO] Enabling collector → BTCUSDT.bitget_futures
[2026-08-04T17:31:07.726Z] [INFO] Connecting Bitget Futures WS → wss://ws.bitget.com/v2/ws/public
[2026-08-04T17:31:07.727Z] [SUCCESS] Bitget Futures Enterprise Collector Started → BTCUSDT
[2026-08-04T17:31:07.727Z] [SUCCESS] Collector started → BTCUSDT.bitget_futures
[2026-08-04T17:31:07.728Z] [SUCCESS] Collector enabled → BTCUSDT.bitget_futures
[2026-08-04T17:31:07.728Z] [INFO] Collector enabled → BTCUSDT.bitget_futures
[2026-08-04T17:31:07.728Z] [INFO] Enabling collector → ETHUSDT.binance_spot
[2026-08-04T17:31:07.729Z] [ERROR] CollectorLoader error → ETHUSDT.binance_spot: Cannot find module '../market/price_delta.cjs'
Require stack:
- /root/TraderBOT/collector/realtime/spot/exchanges/binance_spot-realtime.cjs
- /root/TraderBOT/orchestrator/utils/collector-loader.cjs
- /root/TraderBOT/orchestrator/utils/module-manager.cjs
- /root/TraderBOT/orchestrator/core/orchestrator.cjs
- /root/TraderBOT/run.cjs
[2026-08-04T17:31:07.729Z] [SUCCESS] Collector enabled → ETHUSDT.binance_spot
[2026-08-04T17:31:07.729Z] [INFO] Collector enabled → ETHUSDT.binance_spot
[2026-08-04T17:31:07.729Z] [INFO] Enabling collector → ETHUSDT.binance_futures
[2026-08-04T17:31:07.729Z] [INFO] Connecting Binance Futures WS → wss://fstream.binance.com/stream?streams=ethusdt@trade/ethusdt@aggTrade/ethusdt@depth/ethusdt@bookTicker/ethusdt@markPrice/ethusdt@funding/ethusdt@kline_1m/ethusdt@forceOrder
[2026-08-04T17:31:07.731Z] [SUCCESS] Binance Futures Enterprise Collector Started → ETHUSDT
[2026-08-04T17:31:07.732Z] [SUCCESS] Collector started → ETHUSDT.binance_futures
[2026-08-04T17:31:07.732Z] [SUCCESS] Collector enabled → ETHUSDT.binance_futures
[2026-08-04T17:31:07.732Z] [INFO] Collector enabled → ETHUSDT.binance_futures
[2026-08-04T17:31:07.732Z] [INFO] Enabling collector → ETHUSDT.bybit_spot
[2026-08-04T17:31:07.733Z] [ERROR] CollectorLoader error → ETHUSDT.bybit_spot: Cannot find module '../market/price_delta.cjs'
Require stack:
- /root/TraderBOT/collector/realtime/spot/exchanges/bybit_spot-realtime.cjs
- /root/TraderBOT/orchestrator/utils/collector-loader.cjs
- /root/TraderBOT/orchestrator/utils/module-manager.cjs
- /root/TraderBOT/orchestrator/core/orchestrator.cjs
- /root/TraderBOT/run.cjs
[2026-08-04T17:31:07.733Z] [SUCCESS] Collector enabled → ETHUSDT.bybit_spot
[2026-08-04T17:31:07.733Z] [INFO] Collector enabled → ETHUSDT.bybit_spot
[2026-08-04T17:31:07.734Z] [INFO] Enabling collector → ETHUSDT.bybit_futures
[2026-08-04T17:31:07.734Z] [INFO] Connecting Bybit Futures WS → wss://stream.bybit.com/v5/public/linear
[2026-08-04T17:31:07.735Z] [SUCCESS] Bybit Futures Enterprise Collector Started → ETHUSDT
[2026-08-04T17:31:07.735Z] [SUCCESS] Collector started → ETHUSDT.bybit_futures
[2026-08-04T17:31:07.735Z] [SUCCESS] Collector enabled → ETHUSDT.bybit_futures
[2026-08-04T17:31:07.735Z] [INFO] Collector enabled → ETHUSDT.bybit_futures
[2026-08-04T17:31:07.735Z] [INFO] Enabling collector → ETHUSDT.okx_spot
[2026-08-04T17:31:07.736Z] [ERROR] CollectorLoader error → ETHUSDT.okx_spot: Cannot find module '../market/price_delta.cjs'
Require stack:
- /root/TraderBOT/collector/realtime/spot/exchanges/okx_spot-realtime.cjs
- /root/TraderBOT/orchestrator/utils/collector-loader.cjs
- /root/TraderBOT/orchestrator/utils/module-manager.cjs
- /root/TraderBOT/orchestrator/core/orchestrator.cjs
- /root/TraderBOT/run.cjs
[2026-08-04T17:31:07.736Z] [SUCCESS] Collector enabled → ETHUSDT.okx_spot
[2026-08-04T17:31:07.736Z] [INFO] Collector enabled → ETHUSDT.okx_spot
[2026-08-04T17:31:07.737Z] [INFO] Enabling collector → ETHUSDT.okx_futures
[2026-08-04T17:31:07.737Z] [INFO] Connecting OKX Futures WS → wss://ws.okx.com:8443/ws/v5/public
[2026-08-04T17:31:07.738Z] [SUCCESS] OKX Futures Enterprise Collector Started → ETHUSDT
[2026-08-04T17:31:07.738Z] [SUCCESS] Collector started → ETHUSDT.okx_futures
[2026-08-04T17:31:07.738Z] [SUCCESS] Collector enabled → ETHUSDT.okx_futures
[2026-08-04T17:31:07.739Z] [INFO] Collector enabled → ETHUSDT.okx_futures
[2026-08-04T17:31:07.739Z] [INFO] Enabling collector → ETHUSDT.kucoin_spot
[2026-08-04T17:31:07.739Z] [ERROR] CollectorLoader error → ETHUSDT.kucoin_spot: Cannot find module '../market/price_delta.cjs'
Require stack:
- /root/TraderBOT/collector/realtime/spot/exchanges/kucoin_spot-realtime.cjs
- /root/TraderBOT/orchestrator/utils/collector-loader.cjs
- /root/TraderBOT/orchestrator/utils/module-manager.cjs
- /root/TraderBOT/orchestrator/core/orchestrator.cjs
- /root/TraderBOT/run.cjs
[2026-08-04T17:31:07.740Z] [SUCCESS] Collector enabled → ETHUSDT.kucoin_spot
[2026-08-04T17:31:07.740Z] [INFO] Collector enabled → ETHUSDT.kucoin_spot
[2026-08-04T17:31:07.740Z] [INFO] Enabling collector → ETHUSDT.kucoin_futures
[2026-08-04T17:31:07.740Z] [ERROR] CollectorLoader error → ETHUSDT.kucoin_futures: Cannot find module '../orderbook/depth_5.cjs'
Require stack:
- /root/TraderBOT/collector/realtime/futures/exchanges/kucoin_futures-realtime.cjs
- /root/TraderBOT/orchestrator/utils/collector-loader.cjs
- /root/TraderBOT/orchestrator/utils/module-manager.cjs
- /root/TraderBOT/orchestrator/core/orchestrator.cjs
- /root/TraderBOT/run.cjs
[2026-08-04T17:31:07.741Z] [SUCCESS] Collector enabled → ETHUSDT.kucoin_futures
[2026-08-04T17:31:07.741Z] [INFO] Collector enabled → ETHUSDT.kucoin_futures
[2026-08-04T17:31:07.741Z] [INFO] Enabling collector → ETHUSDT.bitget_spot
[2026-08-04T17:31:07.741Z] [ERROR] CollectorLoader error → ETHUSDT.bitget_spot: Cannot find module '../market/price_delta.cjs'
Require stack:
- /root/TraderBOT/collector/realtime/spot/exchanges/bitget_spot-realtime.cjs
- /root/TraderBOT/orchestrator/utils/collector-loader.cjs
- /root/TraderBOT/orchestrator/utils/module-manager.cjs
- /root/TraderBOT/orchestrator/core/orchestrator.cjs
- /root/TraderBOT/run.cjs
[2026-08-04T17:31:07.741Z] [SUCCESS] Collector enabled → ETHUSDT.bitget_spot
[2026-08-04T17:31:07.742Z] [INFO] Collector enabled → ETHUSDT.bitget_spot
[2026-08-04T17:31:07.742Z] [INFO] Enabling collector → ETHUSDT.bitget_futures
[2026-08-04T17:31:07.742Z] [INFO] Connecting Bitget Futures WS → wss://ws.bitget.com/v2/ws/public
[2026-08-04T17:31:07.743Z] [SUCCESS] Bitget Futures Enterprise Collector Started → ETHUSDT
[2026-08-04T17:31:07.743Z] [SUCCESS] Collector started → ETHUSDT.bitget_futures
[2026-08-04T17:31:07.743Z] [SUCCESS] Collector enabled → ETHUSDT.bitget_futures
[2026-08-04T17:31:07.743Z] [INFO] Collector enabled → ETHUSDT.bitget_futures
[2026-08-04T17:31:08.264Z] [SUCCESS] WS Connected → Bybit Futures (BTCUSDT)
[2026-08-04T17:31:08.266Z] [SUCCESS] WS Connected → Bybit Futures (ETHUSDT)
[2026-08-04T17:31:08.443Z] [SUCCESS] WS Connected → Binance Futures (BTCUSDT)
[2026-08-04T17:31:08.457Z] [SUCCESS] WS Connected → Binance Futures (ETHUSDT)
[2026-08-04T17:31:08.467Z] [SUCCESS] WS Connected → Bitget Futures (ETHUSDT)
[2026-08-04T17:31:08.487Z] [SUCCESS] WS Connected → Bitget Futures (BTCUSDT)
[2026-08-04T17:31:08.513Z] [SUCCESS] WS Connected → OKX Futures (ETH-USDT-SWAP)
[2026-08-04T17:31:08.522Z] [SUCCESS] WS Connected → OKX Futures (BTC-USDT-SWAP)
[2026-08-04T17:33:39.883Z] [INFO] Orchestrator starting...
[2026-08-04T17:33:39.884Z] [INFO] SymbolEngine initialized.
[2026-08-04T17:33:39.885Z] [INFO] BackoffEngine initialized.
[2026-08-04T17:33:39.885Z] [INFO] KillSwitchEngine initialized.
[2026-08-04T17:33:39.885Z] [INFO] ModuleManager initialized.
[2026-08-04T17:33:39.886Z] [INFO] StateManager initialized.
[2026-08-04T17:33:39.886Z] [SUCCESS] Orchestrator fully initialized.
[2026-08-04T17:33:39.886Z] [INFO] Enabling collector → BTCUSDT.binance_spot
[2026-08-04T17:33:39.907Z] [ERROR] CollectorLoader error → BTCUSDT.binance_spot: Cannot find module '../market/price_delta.cjs'
Require stack:
- /root/TraderBOT/collector/realtime/spot/exchanges/binance_spot-realtime.cjs
- /root/TraderBOT/orchestrator/utils/collector-loader.cjs
- /root/TraderBOT/orchestrator/utils/module-manager.cjs
- /root/TraderBOT/orchestrator/core/orchestrator.cjs
- /root/TraderBOT/run.cjs
[2026-08-04T17:33:39.907Z] [SUCCESS] Collector enabled → BTCUSDT.binance_spot
[2026-08-04T17:33:39.908Z] [INFO] Collector enabled → BTCUSDT.binance_spot
[2026-08-04T17:33:39.908Z] [INFO] Enabling collector → BTCUSDT.binance_futures
[2026-08-04T17:33:39.929Z] [INFO] Connecting Binance Futures WS → wss://fstream.binance.com/stream?streams=btcusdt@trade/btcusdt@aggTrade/btcusdt@depth/btcusdt@bookTicker/btcusdt@markPrice/btcusdt@funding/btcusdt@kline_1m/btcusdt@forceOrder
[2026-08-04T17:33:39.968Z] [SUCCESS] Binance Futures Enterprise Collector Started → BTCUSDT
[2026-08-04T17:33:39.968Z] [SUCCESS] Collector started → BTCUSDT.binance_futures
[2026-08-04T17:33:39.969Z] [SUCCESS] Collector enabled → BTCUSDT.binance_futures
[2026-08-04T17:33:39.969Z] [INFO] Collector enabled → BTCUSDT.binance_futures
[2026-08-04T17:33:39.969Z] [INFO] Enabling collector → BTCUSDT.bybit_spot
[2026-08-04T17:33:39.970Z] [ERROR] CollectorLoader error → BTCUSDT.bybit_spot: Cannot find module '../market/price_delta.cjs'
Require stack:
- /root/TraderBOT/collector/realtime/spot/exchanges/bybit_spot-realtime.cjs
- /root/TraderBOT/orchestrator/utils/collector-loader.cjs
- /root/TraderBOT/orchestrator/utils/module-manager.cjs
- /root/TraderBOT/orchestrator/core/orchestrator.cjs
- /root/TraderBOT/run.cjs
[2026-08-04T17:33:39.970Z] [SUCCESS] Collector enabled → BTCUSDT.bybit_spot
[2026-08-04T17:33:39.970Z] [INFO] Collector enabled → BTCUSDT.bybit_spot
[2026-08-04T17:33:39.970Z] [INFO] Enabling collector → BTCUSDT.bybit_futures
[2026-08-04T17:33:39.972Z] [INFO] Connecting Bybit Futures WS → wss://stream.bybit.com/v5/public/linear
[2026-08-04T17:33:39.973Z] [SUCCESS] Bybit Futures Enterprise Collector Started → BTCUSDT
[2026-08-04T17:33:39.973Z] [SUCCESS] Collector started → BTCUSDT.bybit_futures
[2026-08-04T17:33:39.973Z] [SUCCESS] Collector enabled → BTCUSDT.bybit_futures
[2026-08-04T17:33:39.973Z] [INFO] Collector enabled → BTCUSDT.bybit_futures
[2026-08-04T17:33:39.974Z] [INFO] Enabling collector → BTCUSDT.okx_spot
[2026-08-04T17:33:39.975Z] [ERROR] CollectorLoader error → BTCUSDT.okx_spot: Cannot find module '../market/price_delta.cjs'
Require stack:
- /root/TraderBOT/collector/realtime/spot/exchanges/okx_spot-realtime.cjs
- /root/TraderBOT/orchestrator/utils/collector-loader.cjs
- /root/TraderBOT/orchestrator/utils/module-manager.cjs
- /root/TraderBOT/orchestrator/core/orchestrator.cjs
- /root/TraderBOT/run.cjs
[2026-08-04T17:33:39.975Z] [SUCCESS] Collector enabled → BTCUSDT.okx_spot
[2026-08-04T17:33:39.976Z] [INFO] Collector enabled → BTCUSDT.okx_spot
[2026-08-04T17:33:39.976Z] [INFO] Enabling collector → BTCUSDT.okx_futures
[2026-08-04T17:33:39.977Z] [INFO] Connecting OKX Futures WS → wss://ws.okx.com:8443/ws/v5/public
[2026-08-04T17:33:39.978Z] [SUCCESS] OKX Futures Enterprise Collector Started → BTCUSDT
[2026-08-04T17:33:39.979Z] [SUCCESS] Collector started → BTCUSDT.okx_futures
[2026-08-04T17:33:39.979Z] [SUCCESS] Collector enabled → BTCUSDT.okx_futures
[2026-08-04T17:33:39.979Z] [INFO] Collector enabled → BTCUSDT.okx_futures
[2026-08-04T17:33:39.979Z] [INFO] Enabling collector → BTCUSDT.kucoin_spot
[2026-08-04T17:33:39.980Z] [ERROR] CollectorLoader error → BTCUSDT.kucoin_spot: Cannot find module '../market/price_delta.cjs'
Require stack:
- /root/TraderBOT/collector/realtime/spot/exchanges/kucoin_spot-realtime.cjs
- /root/TraderBOT/orchestrator/utils/collector-loader.cjs
- /root/TraderBOT/orchestrator/utils/module-manager.cjs
- /root/TraderBOT/orchestrator/core/orchestrator.cjs
- /root/TraderBOT/run.cjs
[2026-08-04T17:33:39.980Z] [SUCCESS] Collector enabled → BTCUSDT.kucoin_spot
[2026-08-04T17:33:39.980Z] [INFO] Collector enabled → BTCUSDT.kucoin_spot
[2026-08-04T17:33:39.980Z] [INFO] Enabling collector → BTCUSDT.kucoin_futures
[2026-08-04T17:33:39.981Z] [ERROR] CollectorLoader error → BTCUSDT.kucoin_futures: Cannot find module '../orderbook/depth_5.cjs'
Require stack:
- /root/TraderBOT/collector/realtime/futures/exchanges/kucoin_futures-realtime.cjs
- /root/TraderBOT/orchestrator/utils/collector-loader.cjs
- /root/TraderBOT/orchestrator/utils/module-manager.cjs
- /root/TraderBOT/orchestrator/core/orchestrator.cjs
- /root/TraderBOT/run.cjs
[2026-08-04T17:33:39.981Z] [SUCCESS] Collector enabled → BTCUSDT.kucoin_futures
[2026-08-04T17:33:39.981Z] [INFO] Collector enabled → BTCUSDT.kucoin_futures
[2026-08-04T17:33:39.981Z] [INFO] Enabling collector → BTCUSDT.bitget_spot
[2026-08-04T17:33:39.982Z] [ERROR] CollectorLoader error → BTCUSDT.bitget_spot: Cannot find module '../market/price_delta.cjs'
Require stack:
- /root/TraderBOT/collector/realtime/spot/exchanges/bitget_spot-realtime.cjs
- /root/TraderBOT/orchestrator/utils/collector-loader.cjs
- /root/TraderBOT/orchestrator/utils/module-manager.cjs
- /root/TraderBOT/orchestrator/core/orchestrator.cjs
- /root/TraderBOT/run.cjs
[2026-08-04T17:33:39.982Z] [SUCCESS] Collector enabled → BTCUSDT.bitget_spot
[2026-08-04T17:33:39.983Z] [INFO] Collector enabled → BTCUSDT.bitget_spot
[2026-08-04T17:33:39.983Z] [INFO] Enabling collector → BTCUSDT.bitget_futures
[2026-08-04T17:33:39.984Z] [INFO] Connecting Bitget Futures WS → wss://ws.bitget.com/v2/ws/public
[2026-08-04T17:33:39.985Z] [SUCCESS] Bitget Futures Enterprise Collector Started → BTCUSDT
[2026-08-04T17:33:39.985Z] [SUCCESS] Collector started → BTCUSDT.bitget_futures
[2026-08-04T17:33:39.985Z] [SUCCESS] Collector enabled → BTCUSDT.bitget_futures
[2026-08-04T17:33:39.985Z] [INFO] Collector enabled → BTCUSDT.bitget_futures
[2026-08-04T17:33:39.985Z] [INFO] Enabling collector → ETHUSDT.binance_spot
[2026-08-04T17:33:39.986Z] [ERROR] CollectorLoader error → ETHUSDT.binance_spot: Cannot find module '../market/price_delta.cjs'
Require stack:
- /root/TraderBOT/collector/realtime/spot/exchanges/binance_spot-realtime.cjs
- /root/TraderBOT/orchestrator/utils/collector-loader.cjs
- /root/TraderBOT/orchestrator/utils/module-manager.cjs
- /root/TraderBOT/orchestrator/core/orchestrator.cjs
- /root/TraderBOT/run.cjs
[2026-08-04T17:33:39.986Z] [SUCCESS] Collector enabled → ETHUSDT.binance_spot
[2026-08-04T17:33:39.986Z] [INFO] Collector enabled → ETHUSDT.binance_spot
[2026-08-04T17:33:39.986Z] [INFO] Enabling collector → ETHUSDT.binance_futures
[2026-08-04T17:33:39.986Z] [INFO] Connecting Binance Futures WS → wss://fstream.binance.com/stream?streams=ethusdt@trade/ethusdt@aggTrade/ethusdt@depth/ethusdt@bookTicker/ethusdt@markPrice/ethusdt@funding/ethusdt@kline_1m/ethusdt@forceOrder
[2026-08-04T17:33:39.987Z] [SUCCESS] Binance Futures Enterprise Collector Started → ETHUSDT
[2026-08-04T17:33:39.988Z] [SUCCESS] Collector started → ETHUSDT.binance_futures
[2026-08-04T17:33:39.988Z] [SUCCESS] Collector enabled → ETHUSDT.binance_futures
[2026-08-04T17:33:39.988Z] [INFO] Collector enabled → ETHUSDT.binance_futures
[2026-08-04T17:33:39.988Z] [INFO] Enabling collector → ETHUSDT.bybit_spot
[2026-08-04T17:33:39.988Z] [ERROR] CollectorLoader error → ETHUSDT.bybit_spot: Cannot find module '../market/price_delta.cjs'
Require stack:
- /root/TraderBOT/collector/realtime/spot/exchanges/bybit_spot-realtime.cjs
- /root/TraderBOT/orchestrator/utils/collector-loader.cjs
- /root/TraderBOT/orchestrator/utils/module-manager.cjs
- /root/TraderBOT/orchestrator/core/orchestrator.cjs
- /root/TraderBOT/run.cjs
[2026-08-04T17:33:39.988Z] [SUCCESS] Collector enabled → ETHUSDT.bybit_spot
[2026-08-04T17:33:39.989Z] [INFO] Collector enabled → ETHUSDT.bybit_spot
[2026-08-04T17:33:39.989Z] [INFO] Enabling collector → ETHUSDT.bybit_futures
[2026-08-04T17:33:39.989Z] [INFO] Connecting Bybit Futures WS → wss://stream.bybit.com/v5/public/linear
[2026-08-04T17:33:39.990Z] [SUCCESS] Bybit Futures Enterprise Collector Started → ETHUSDT
[2026-08-04T17:33:39.990Z] [SUCCESS] Collector started → ETHUSDT.bybit_futures
[2026-08-04T17:33:39.990Z] [SUCCESS] Collector enabled → ETHUSDT.bybit_futures
[2026-08-04T17:33:39.990Z] [INFO] Collector enabled → ETHUSDT.bybit_futures
[2026-08-04T17:33:39.990Z] [INFO] Enabling collector → ETHUSDT.okx_spot
[2026-08-04T17:33:39.991Z] [ERROR] CollectorLoader error → ETHUSDT.okx_spot: Cannot find module '../market/price_delta.cjs'
Require stack:
- /root/TraderBOT/collector/realtime/spot/exchanges/okx_spot-realtime.cjs
- /root/TraderBOT/orchestrator/utils/collector-loader.cjs
- /root/TraderBOT/orchestrator/utils/module-manager.cjs
- /root/TraderBOT/orchestrator/core/orchestrator.cjs
- /root/TraderBOT/run.cjs
[2026-08-04T17:33:39.991Z] [SUCCESS] Collector enabled → ETHUSDT.okx_spot
[2026-08-04T17:33:39.991Z] [INFO] Collector enabled → ETHUSDT.okx_spot
[2026-08-04T17:33:39.991Z] [INFO] Enabling collector → ETHUSDT.okx_futures
[2026-08-04T17:33:39.991Z] [INFO] Connecting OKX Futures WS → wss://ws.okx.com:8443/ws/v5/public
[2026-08-04T17:33:39.992Z] [SUCCESS] OKX Futures Enterprise Collector Started → ETHUSDT
[2026-08-04T17:33:39.992Z] [SUCCESS] Collector started → ETHUSDT.okx_futures
[2026-08-04T17:33:39.992Z] [SUCCESS] Collector enabled → ETHUSDT.okx_futures
[2026-08-04T17:33:39.992Z] [INFO] Collector enabled → ETHUSDT.okx_futures
[2026-08-04T17:33:39.992Z] [INFO] Enabling collector → ETHUSDT.kucoin_spot
[2026-08-04T17:33:39.993Z] [ERROR] CollectorLoader error → ETHUSDT.kucoin_spot: Cannot find module '../market/price_delta.cjs'
Require stack:
- /root/TraderBOT/collector/realtime/spot/exchanges/kucoin_spot-realtime.cjs
- /root/TraderBOT/orchestrator/utils/collector-loader.cjs
- /root/TraderBOT/orchestrator/utils/module-manager.cjs
- /root/TraderBOT/orchestrator/core/orchestrator.cjs
- /root/TraderBOT/run.cjs
[2026-08-04T17:33:39.993Z] [SUCCESS] Collector enabled → ETHUSDT.kucoin_spot
[2026-08-04T17:33:39.993Z] [INFO] Collector enabled → ETHUSDT.kucoin_spot
[2026-08-04T17:33:39.993Z] [INFO] Enabling collector → ETHUSDT.kucoin_futures
[2026-08-04T17:33:39.994Z] [ERROR] CollectorLoader error → ETHUSDT.kucoin_futures: Cannot find module '../orderbook/depth_5.cjs'
Require stack:
- /root/TraderBOT/collector/realtime/futures/exchanges/kucoin_futures-realtime.cjs
- /root/TraderBOT/orchestrator/utils/collector-loader.cjs
- /root/TraderBOT/orchestrator/utils/module-manager.cjs
- /root/TraderBOT/orchestrator/core/orchestrator.cjs
- /root/TraderBOT/run.cjs
[2026-08-04T17:33:39.994Z] [SUCCESS] Collector enabled → ETHUSDT.kucoin_futures
[2026-08-04T17:33:39.994Z] [INFO] Collector enabled → ETHUSDT.kucoin_futures
[2026-08-04T17:33:39.994Z] [INFO] Enabling collector → ETHUSDT.bitget_spot
[2026-08-04T17:33:39.995Z] [ERROR] CollectorLoader error → ETHUSDT.bitget_spot: Cannot find module '../market/price_delta.cjs'
Require stack:
- /root/TraderBOT/collector/realtime/spot/exchanges/bitget_spot-realtime.cjs
- /root/TraderBOT/orchestrator/utils/collector-loader.cjs
- /root/TraderBOT/orchestrator/utils/module-manager.cjs
- /root/TraderBOT/orchestrator/core/orchestrator.cjs
- /root/TraderBOT/run.cjs
[2026-08-04T17:33:39.995Z] [SUCCESS] Collector enabled → ETHUSDT.bitget_spot
[2026-08-04T17:33:39.995Z] [INFO] Collector enabled → ETHUSDT.bitget_spot
[2026-08-04T17:33:39.995Z] [INFO] Enabling collector → ETHUSDT.bitget_futures
[2026-08-04T17:33:39.995Z] [INFO] Connecting Bitget Futures WS → wss://ws.bitget.com/v2/ws/public
[2026-08-04T17:33:39.996Z] [SUCCESS] Bitget Futures Enterprise Collector Started → ETHUSDT
[2026-08-04T17:33:39.996Z] [SUCCESS] Collector started → ETHUSDT.bitget_futures
[2026-08-04T17:33:39.996Z] [SUCCESS] Collector enabled → ETHUSDT.bitget_futures
[2026-08-04T17:33:39.996Z] [INFO] Collector enabled → ETHUSDT.bitget_futures
[2026-08-04T17:33:40.517Z] [SUCCESS] WS Connected → Bybit Futures (BTCUSDT)
[2026-08-04T17:33:40.524Z] [SUCCESS] WS Connected → Bybit Futures (ETHUSDT)
[2026-08-04T17:33:40.692Z] [SUCCESS] WS Connected → Bitget Futures (ETHUSDT)
[2026-08-04T17:33:40.693Z] [SUCCESS] WS Connected → Bitget Futures (BTCUSDT)
[2026-08-04T17:33:40.701Z] [SUCCESS] WS Connected → Binance Futures (BTCUSDT)
[2026-08-04T17:33:40.702Z] [SUCCESS] WS Connected → Binance Futures (ETHUSDT)
[2026-08-04T17:33:40.748Z] [SUCCESS] WS Connected → OKX Futures (ETH-USDT-SWAP)
[2026-08-04T17:33:40.763Z] [SUCCESS] WS Connected → OKX Futures (BTC-USDT-SWAP)
[2026-08-04T17:45:56.846Z] [INFO] Orchestrator starting...
[2026-08-04T17:45:56.856Z] [INFO] SymbolEngine initialized.
[2026-08-04T17:45:56.856Z] [INFO] BackoffEngine initialized.
[2026-08-04T17:45:56.857Z] [INFO] KillSwitchEngine initialized.
[2026-08-04T17:45:56.857Z] [INFO] ModuleManager initialized.
[2026-08-04T17:45:56.857Z] [INFO] StateManager initialized.
[2026-08-04T17:45:56.857Z] [SUCCESS] Orchestrator fully initialized.
[2026-08-04T17:45:56.858Z] [INFO] Enabling collector → BTCUSDT.binance_spot
[2026-08-04T17:45:56.885Z] [ERROR] CollectorLoader error → BTCUSDT.binance_spot: Cannot find module '../../market/price.cjs'
Require stack:
- /root/TraderBOT/collector/realtime/spot/exchanges/binance_spot-realtime.cjs
- /root/TraderBOT/orchestrator/utils/collector-loader.cjs
- /root/TraderBOT/orchestrator/utils/module-manager.cjs
- /root/TraderBOT/orchestrator/core/orchestrator.cjs
- /root/TraderBOT/run.cjs
[2026-08-04T17:45:56.886Z] [SUCCESS] Collector enabled → BTCUSDT.binance_spot
[2026-08-04T17:45:56.886Z] [INFO] Collector enabled → BTCUSDT.binance_spot
[2026-08-04T17:45:56.886Z] [INFO] Enabling collector → BTCUSDT.binance_futures
[2026-08-04T17:45:56.905Z] [INFO] Connecting Binance Futures WS → wss://fstream.binance.com/stream?streams=btcusdt@trade/btcusdt@aggTrade/btcusdt@depth/btcusdt@bookTicker/btcusdt@markPrice/btcusdt@funding/btcusdt@kline_1m/btcusdt@forceOrder
[2026-08-04T17:45:56.941Z] [SUCCESS] Binance Futures Enterprise Collector Started → BTCUSDT
[2026-08-04T17:45:56.941Z] [SUCCESS] Collector started → BTCUSDT.binance_futures
[2026-08-04T17:45:56.942Z] [SUCCESS] Collector enabled → BTCUSDT.binance_futures
[2026-08-04T17:45:56.942Z] [INFO] Collector enabled → BTCUSDT.binance_futures
[2026-08-04T17:45:56.942Z] [INFO] Enabling collector → BTCUSDT.bybit_spot
[2026-08-04T17:45:56.943Z] [ERROR] CollectorLoader error → BTCUSDT.bybit_spot: Cannot find module '../../market/price.cjs'
Require stack:
- /root/TraderBOT/collector/realtime/spot/exchanges/bybit_spot-realtime.cjs
- /root/TraderBOT/orchestrator/utils/collector-loader.cjs
- /root/TraderBOT/orchestrator/utils/module-manager.cjs
- /root/TraderBOT/orchestrator/core/orchestrator.cjs
- /root/TraderBOT/run.cjs
[2026-08-04T17:45:56.944Z] [SUCCESS] Collector enabled → BTCUSDT.bybit_spot
[2026-08-04T17:45:56.944Z] [INFO] Collector enabled → BTCUSDT.bybit_spot
[2026-08-04T17:45:56.944Z] [INFO] Enabling collector → BTCUSDT.bybit_futures
[2026-08-04T17:45:56.946Z] [INFO] Connecting Bybit Futures WS → wss://stream.bybit.com/v5/public/linear
[2026-08-04T17:45:56.947Z] [SUCCESS] Bybit Futures Enterprise Collector Started → BTCUSDT
[2026-08-04T17:45:56.947Z] [SUCCESS] Collector started → BTCUSDT.bybit_futures
[2026-08-04T17:45:56.947Z] [SUCCESS] Collector enabled → BTCUSDT.bybit_futures
[2026-08-04T17:45:56.947Z] [INFO] Collector enabled → BTCUSDT.bybit_futures
[2026-08-04T17:45:56.948Z] [INFO] Enabling collector → BTCUSDT.okx_spot
[2026-08-04T17:45:56.949Z] [ERROR] CollectorLoader error → BTCUSDT.okx_spot: Cannot find module '../../market/price.cjs'
Require stack:
- /root/TraderBOT/collector/realtime/spot/exchanges/okx_spot-realtime.cjs
- /root/TraderBOT/orchestrator/utils/collector-loader.cjs
- /root/TraderBOT/orchestrator/utils/module-manager.cjs
- /root/TraderBOT/orchestrator/core/orchestrator.cjs
- /root/TraderBOT/run.cjs
[2026-08-04T17:45:56.949Z] [SUCCESS] Collector enabled → BTCUSDT.okx_spot
[2026-08-04T17:45:56.950Z] [INFO] Collector enabled → BTCUSDT.okx_spot
[2026-08-04T17:45:56.950Z] [INFO] Enabling collector → BTCUSDT.okx_futures
[2026-08-04T17:45:56.951Z] [INFO] Connecting OKX Futures WS → wss://ws.okx.com:8443/ws/v5/public
[2026-08-04T17:45:56.954Z] [SUCCESS] OKX Futures Enterprise Collector Started → BTCUSDT
[2026-08-04T17:45:56.954Z] [SUCCESS] Collector started → BTCUSDT.okx_futures
[2026-08-04T17:45:56.954Z] [SUCCESS] Collector enabled → BTCUSDT.okx_futures
[2026-08-04T17:45:56.954Z] [INFO] Collector enabled → BTCUSDT.okx_futures
[2026-08-04T17:45:56.955Z] [INFO] Enabling collector → BTCUSDT.kucoin_spot
[2026-08-04T17:45:56.956Z] [ERROR] CollectorLoader error → BTCUSDT.kucoin_spot: Cannot find module '../../market/price.cjs'
Require stack:
- /root/TraderBOT/collector/realtime/spot/exchanges/kucoin_spot-realtime.cjs
- /root/TraderBOT/orchestrator/utils/collector-loader.cjs
- /root/TraderBOT/orchestrator/utils/module-manager.cjs
- /root/TraderBOT/orchestrator/core/orchestrator.cjs
- /root/TraderBOT/run.cjs
[2026-08-04T17:45:56.956Z] [SUCCESS] Collector enabled → BTCUSDT.kucoin_spot
[2026-08-04T17:45:56.956Z] [INFO] Collector enabled → BTCUSDT.kucoin_spot
[2026-08-04T17:45:56.956Z] [INFO] Enabling collector → BTCUSDT.kucoin_futures
[2026-08-04T17:45:56.957Z] [ERROR] CollectorLoader error → BTCUSDT.kucoin_futures: Cannot find module '../orderbook/depth_5.cjs'
Require stack:
- /root/TraderBOT/collector/realtime/futures/exchanges/kucoin_futures-realtime.cjs
- /root/TraderBOT/orchestrator/utils/collector-loader.cjs
- /root/TraderBOT/orchestrator/utils/module-manager.cjs
- /root/TraderBOT/orchestrator/core/orchestrator.cjs
- /root/TraderBOT/run.cjs
[2026-08-04T17:45:56.957Z] [SUCCESS] Collector enabled → BTCUSDT.kucoin_futures
[2026-08-04T17:45:56.957Z] [INFO] Collector enabled → BTCUSDT.kucoin_futures
[2026-08-04T17:45:56.958Z] [INFO] Enabling collector → BTCUSDT.bitget_spot
[2026-08-04T17:45:56.959Z] [ERROR] CollectorLoader error → BTCUSDT.bitget_spot: Cannot find module '../../market/price.cjs'
Require stack:
- /root/TraderBOT/collector/realtime/spot/exchanges/bitget_spot-realtime.cjs
- /root/TraderBOT/orchestrator/utils/collector-loader.cjs
- /root/TraderBOT/orchestrator/utils/module-manager.cjs
- /root/TraderBOT/orchestrator/core/orchestrator.cjs
- /root/TraderBOT/run.cjs
[2026-08-04T17:45:56.959Z] [SUCCESS] Collector enabled → BTCUSDT.bitget_spot
[2026-08-04T17:45:56.959Z] [INFO] Collector enabled → BTCUSDT.bitget_spot
[2026-08-04T17:45:56.959Z] [INFO] Enabling collector → BTCUSDT.bitget_futures
[2026-08-04T17:45:56.961Z] [INFO] Connecting Bitget Futures WS → wss://ws.bitget.com/v2/ws/public
[2026-08-04T17:45:56.962Z] [SUCCESS] Bitget Futures Enterprise Collector Started → BTCUSDT
[2026-08-04T17:45:56.963Z] [SUCCESS] Collector started → BTCUSDT.bitget_futures
[2026-08-04T17:45:56.963Z] [SUCCESS] Collector enabled → BTCUSDT.bitget_futures
[2026-08-04T17:45:56.963Z] [INFO] Collector enabled → BTCUSDT.bitget_futures
[2026-08-04T17:45:56.963Z] [INFO] Enabling collector → ETHUSDT.binance_spot
[2026-08-04T17:45:56.964Z] [ERROR] CollectorLoader error → ETHUSDT.binance_spot: Cannot find module '../../market/price.cjs'
Require stack:
- /root/TraderBOT/collector/realtime/spot/exchanges/binance_spot-realtime.cjs
- /root/TraderBOT/orchestrator/utils/collector-loader.cjs
- /root/TraderBOT/orchestrator/utils/module-manager.cjs
- /root/TraderBOT/orchestrator/core/orchestrator.cjs
- /root/TraderBOT/run.cjs
[2026-08-04T17:45:56.964Z] [SUCCESS] Collector enabled → ETHUSDT.binance_spot
[2026-08-04T17:45:56.965Z] [INFO] Collector enabled → ETHUSDT.binance_spot
[2026-08-04T17:45:56.965Z] [INFO] Enabling collector → ETHUSDT.binance_futures
[2026-08-04T17:45:56.965Z] [INFO] Connecting Binance Futures WS → wss://fstream.binance.com/stream?streams=ethusdt@trade/ethusdt@aggTrade/ethusdt@depth/ethusdt@bookTicker/ethusdt@markPrice/ethusdt@funding/ethusdt@kline_1m/ethusdt@forceOrder
[2026-08-04T17:45:56.966Z] [SUCCESS] Binance Futures Enterprise Collector Started → ETHUSDT
[2026-08-04T17:45:56.966Z] [SUCCESS] Collector started → ETHUSDT.binance_futures
[2026-08-04T17:45:56.966Z] [SUCCESS] Collector enabled → ETHUSDT.binance_futures
[2026-08-04T17:45:56.967Z] [INFO] Collector enabled → ETHUSDT.binance_futures
[2026-08-04T17:45:56.967Z] [INFO] Enabling collector → ETHUSDT.bybit_spot
[2026-08-04T17:45:56.968Z] [ERROR] CollectorLoader error → ETHUSDT.bybit_spot: Cannot find module '../../market/price.cjs'
Require stack:
- /root/TraderBOT/collector/realtime/spot/exchanges/bybit_spot-realtime.cjs
- /root/TraderBOT/orchestrator/utils/collector-loader.cjs
- /root/TraderBOT/orchestrator/utils/module-manager.cjs
- /root/TraderBOT/orchestrator/core/orchestrator.cjs
- /root/TraderBOT/run.cjs
[2026-08-04T17:45:56.968Z] [SUCCESS] Collector enabled → ETHUSDT.bybit_spot
[2026-08-04T17:45:56.968Z] [INFO] Collector enabled → ETHUSDT.bybit_spot
[2026-08-04T17:45:56.968Z] [INFO] Enabling collector → ETHUSDT.bybit_futures
[2026-08-04T17:45:56.969Z] [INFO] Connecting Bybit Futures WS → wss://stream.bybit.com/v5/public/linear
[2026-08-04T17:45:56.970Z] [SUCCESS] Bybit Futures Enterprise Collector Started → ETHUSDT
[2026-08-04T17:45:56.970Z] [SUCCESS] Collector started → ETHUSDT.bybit_futures
[2026-08-04T17:45:56.970Z] [SUCCESS] Collector enabled → ETHUSDT.bybit_futures
[2026-08-04T17:45:56.970Z] [INFO] Collector enabled → ETHUSDT.bybit_futures
[2026-08-04T17:45:56.970Z] [INFO] Enabling collector → ETHUSDT.okx_spot
[2026-08-04T17:45:56.971Z] [ERROR] CollectorLoader error → ETHUSDT.okx_spot: Cannot find module '../../market/price.cjs'
Require stack:
- /root/TraderBOT/collector/realtime/spot/exchanges/okx_spot-realtime.cjs
- /root/TraderBOT/orchestrator/utils/collector-loader.cjs
- /root/TraderBOT/orchestrator/utils/module-manager.cjs
- /root/TraderBOT/orchestrator/core/orchestrator.cjs
- /root/TraderBOT/run.cjs
[2026-08-04T17:45:56.971Z] [SUCCESS] Collector enabled → ETHUSDT.okx_spot
[2026-08-04T17:45:56.971Z] [INFO] Collector enabled → ETHUSDT.okx_spot
[2026-08-04T17:45:56.971Z] [INFO] Enabling collector → ETHUSDT.okx_futures
[2026-08-04T17:45:56.971Z] [INFO] Connecting OKX Futures WS → wss://ws.okx.com:8443/ws/v5/public
[2026-08-04T17:45:56.973Z] [SUCCESS] OKX Futures Enterprise Collector Started → ETHUSDT
[2026-08-04T17:45:56.973Z] [SUCCESS] Collector started → ETHUSDT.okx_futures
[2026-08-04T17:45:56.973Z] [SUCCESS] Collector enabled → ETHUSDT.okx_futures
[2026-08-04T17:45:56.973Z] [INFO] Collector enabled → ETHUSDT.okx_futures
[2026-08-04T17:45:56.973Z] [INFO] Enabling collector → ETHUSDT.kucoin_spot
[2026-08-04T17:45:56.974Z] [ERROR] CollectorLoader error → ETHUSDT.kucoin_spot: Cannot find module '../../market/price.cjs'
Require stack:
- /root/TraderBOT/collector/realtime/spot/exchanges/kucoin_spot-realtime.cjs
- /root/TraderBOT/orchestrator/utils/collector-loader.cjs
- /root/TraderBOT/orchestrator/utils/module-manager.cjs
- /root/TraderBOT/orchestrator/core/orchestrator.cjs
- /root/TraderBOT/run.cjs
[2026-08-04T17:45:56.974Z] [SUCCESS] Collector enabled → ETHUSDT.kucoin_spot
[2026-08-04T17:45:56.974Z] [INFO] Collector enabled → ETHUSDT.kucoin_spot
[2026-08-04T17:45:56.974Z] [INFO] Enabling collector → ETHUSDT.kucoin_futures
[2026-08-04T17:45:56.975Z] [ERROR] CollectorLoader error → ETHUSDT.kucoin_futures: Cannot find module '../orderbook/depth_5.cjs'
Require stack:
- /root/TraderBOT/collector/realtime/futures/exchanges/kucoin_futures-realtime.cjs
- /root/TraderBOT/orchestrator/utils/collector-loader.cjs
- /root/TraderBOT/orchestrator/utils/module-manager.cjs
- /root/TraderBOT/orchestrator/core/orchestrator.cjs
- /root/TraderBOT/run.cjs
[2026-08-04T17:45:56.975Z] [SUCCESS] Collector enabled → ETHUSDT.kucoin_futures
[2026-08-04T17:45:56.975Z] [INFO] Collector enabled → ETHUSDT.kucoin_futures
[2026-08-04T17:45:56.975Z] [INFO] Enabling collector → ETHUSDT.bitget_spot
[2026-08-04T17:45:56.976Z] [ERROR] CollectorLoader error → ETHUSDT.bitget_spot: Cannot find module '../../market/price.cjs'
Require stack:
- /root/TraderBOT/collector/realtime/spot/exchanges/bitget_spot-realtime.cjs
- /root/TraderBOT/orchestrator/utils/collector-loader.cjs
- /root/TraderBOT/orchestrator/utils/module-manager.cjs
- /root/TraderBOT/orchestrator/core/orchestrator.cjs
- /root/TraderBOT/run.cjs
[2026-08-04T17:45:56.976Z] [SUCCESS] Collector enabled → ETHUSDT.bitget_spot
[2026-08-04T17:45:56.976Z] [INFO] Collector enabled → ETHUSDT.bitget_spot
[2026-08-04T17:45:56.976Z] [INFO] Enabling collector → ETHUSDT.bitget_futures
[2026-08-04T17:45:56.976Z] [INFO] Connecting Bitget Futures WS → wss://ws.bitget.com/v2/ws/public
[2026-08-04T17:45:56.977Z] [SUCCESS] Bitget Futures Enterprise Collector Started → ETHUSDT
[2026-08-04T17:45:56.977Z] [SUCCESS] Collector started → ETHUSDT.bitget_futures
[2026-08-04T17:45:56.977Z] [SUCCESS] Collector enabled → ETHUSDT.bitget_futures
[2026-08-04T17:45:56.978Z] [INFO] Collector enabled → ETHUSDT.bitget_futures
[2026-08-04T17:45:57.499Z] [SUCCESS] WS Connected → Bybit Futures (ETHUSDT)
[2026-08-04T17:45:57.501Z] [SUCCESS] WS Connected → Bybit Futures (BTCUSDT)
[2026-08-04T17:45:57.677Z] [SUCCESS] WS Connected → Binance Futures (BTCUSDT)
[2026-08-04T17:45:57.684Z] [SUCCESS] WS Connected → Bitget Futures (ETHUSDT)
[2026-08-04T17:45:57.691Z] [SUCCESS] WS Connected → Bitget Futures (BTCUSDT)
[2026-08-04T17:45:57.692Z] [SUCCESS] WS Connected → Binance Futures (ETHUSDT)
[2026-08-04T17:45:57.707Z] [SUCCESS] WS Connected → OKX Futures (BTC-USDT-SWAP)
[2026-08-04T17:45:57.904Z] [SUCCESS] WS Connected → OKX Futures (ETH-USDT-SWAP)
[2026-08-04T17:48:19.337Z] [INFO] Orchestrator starting...
[2026-08-04T17:48:19.347Z] [INFO] SymbolEngine initialized.
[2026-08-04T17:48:19.347Z] [INFO] BackoffEngine initialized.
[2026-08-04T17:48:19.348Z] [INFO] KillSwitchEngine initialized.
[2026-08-04T17:48:19.348Z] [INFO] ModuleManager initialized.
[2026-08-04T17:48:19.348Z] [INFO] StateManager initialized.
[2026-08-04T17:48:19.349Z] [SUCCESS] Orchestrator fully initialized.
[2026-08-04T17:48:19.350Z] [INFO] Enabling collector → BTCUSDT.binance_spot
[2026-08-04T17:48:19.371Z] [ERROR] CollectorLoader error → BTCUSDT.binance_spot: Cannot find module '../../market/price_delta.cjs'
Require stack:
- /root/TraderBOT/collector/realtime/spot/exchanges/binance_spot-realtime.cjs
- /root/TraderBOT/orchestrator/utils/collector-loader.cjs
- /root/TraderBOT/orchestrator/utils/module-manager.cjs
- /root/TraderBOT/orchestrator/core/orchestrator.cjs
- /root/TraderBOT/run.cjs
[2026-08-04T17:48:19.371Z] [SUCCESS] Collector enabled → BTCUSDT.binance_spot
[2026-08-04T17:48:19.371Z] [INFO] Collector enabled → BTCUSDT.binance_spot
[2026-08-04T17:48:19.372Z] [INFO] Enabling collector → BTCUSDT.binance_futures
[2026-08-04T17:48:19.388Z] [INFO] Connecting Binance Futures WS → wss://fstream.binance.com/stream?streams=btcusdt@trade/btcusdt@aggTrade/btcusdt@depth/btcusdt@bookTicker/btcusdt@markPrice/btcusdt@funding/btcusdt@kline_1m/btcusdt@forceOrder
[2026-08-04T17:48:19.425Z] [SUCCESS] Binance Futures Enterprise Collector Started → BTCUSDT
[2026-08-04T17:48:19.426Z] [SUCCESS] Collector started → BTCUSDT.binance_futures
[2026-08-04T17:48:19.426Z] [SUCCESS] Collector enabled → BTCUSDT.binance_futures
[2026-08-04T17:48:19.426Z] [INFO] Collector enabled → BTCUSDT.binance_futures
[2026-08-04T17:48:19.426Z] [INFO] Enabling collector → BTCUSDT.bybit_spot
[2026-08-04T17:48:19.427Z] [ERROR] CollectorLoader error → BTCUSDT.bybit_spot: Cannot find module '../../market/price_delta.cjs'
Require stack:
- /root/TraderBOT/collector/realtime/spot/exchanges/bybit_spot-realtime.cjs
- /root/TraderBOT/orchestrator/utils/collector-loader.cjs
- /root/TraderBOT/orchestrator/utils/module-manager.cjs
- /root/TraderBOT/orchestrator/core/orchestrator.cjs
- /root/TraderBOT/run.cjs
[2026-08-04T17:48:19.427Z] [SUCCESS] Collector enabled → BTCUSDT.bybit_spot
[2026-08-04T17:48:19.428Z] [INFO] Collector enabled → BTCUSDT.bybit_spot
[2026-08-04T17:48:19.428Z] [INFO] Enabling collector → BTCUSDT.bybit_futures
[2026-08-04T17:48:19.429Z] [INFO] Connecting Bybit Futures WS → wss://stream.bybit.com/v5/public/linear
[2026-08-04T17:48:19.430Z] [SUCCESS] Bybit Futures Enterprise Collector Started → BTCUSDT
[2026-08-04T17:48:19.430Z] [SUCCESS] Collector started → BTCUSDT.bybit_futures
[2026-08-04T17:48:19.430Z] [SUCCESS] Collector enabled → BTCUSDT.bybit_futures
[2026-08-04T17:48:19.430Z] [INFO] Collector enabled → BTCUSDT.bybit_futures
[2026-08-04T17:48:19.430Z] [INFO] Enabling collector → BTCUSDT.okx_spot
[2026-08-04T17:48:19.432Z] [ERROR] CollectorLoader error → BTCUSDT.okx_spot: Cannot find module '../../market/price_delta.cjs'
Require stack:
- /root/TraderBOT/collector/realtime/spot/exchanges/okx_spot-realtime.cjs
- /root/TraderBOT/orchestrator/utils/collector-loader.cjs
- /root/TraderBOT/orchestrator/utils/module-manager.cjs
- /root/TraderBOT/orchestrator/core/orchestrator.cjs
- /root/TraderBOT/run.cjs
[2026-08-04T17:48:19.432Z] [SUCCESS] Collector enabled → BTCUSDT.okx_spot
[2026-08-04T17:48:19.432Z] [INFO] Collector enabled → BTCUSDT.okx_spot
[2026-08-04T17:48:19.432Z] [INFO] Enabling collector → BTCUSDT.okx_futures
[2026-08-04T17:48:19.434Z] [INFO] Connecting OKX Futures WS → wss://ws.okx.com:8443/ws/v5/public
[2026-08-04T17:48:19.435Z] [SUCCESS] OKX Futures Enterprise Collector Started → BTCUSDT
[2026-08-04T17:48:19.435Z] [SUCCESS] Collector started → BTCUSDT.okx_futures
[2026-08-04T17:48:19.436Z] [SUCCESS] Collector enabled → BTCUSDT.okx_futures
[2026-08-04T17:48:19.436Z] [INFO] Collector enabled → BTCUSDT.okx_futures
[2026-08-04T17:48:19.436Z] [INFO] Enabling collector → BTCUSDT.kucoin_spot
[2026-08-04T17:48:19.437Z] [ERROR] CollectorLoader error → BTCUSDT.kucoin_spot: Cannot find module '../../market/price_delta.cjs'
Require stack:
- /root/TraderBOT/collector/realtime/spot/exchanges/kucoin_spot-realtime.cjs
- /root/TraderBOT/orchestrator/utils/collector-loader.cjs
- /root/TraderBOT/orchestrator/utils/module-manager.cjs
- /root/TraderBOT/orchestrator/core/orchestrator.cjs
- /root/TraderBOT/run.cjs
[2026-08-04T17:48:19.437Z] [SUCCESS] Collector enabled → BTCUSDT.kucoin_spot
[2026-08-04T17:48:19.437Z] [INFO] Collector enabled → BTCUSDT.kucoin_spot
[2026-08-04T17:48:19.437Z] [INFO] Enabling collector → BTCUSDT.kucoin_futures
[2026-08-04T17:48:19.438Z] [ERROR] CollectorLoader error → BTCUSDT.kucoin_futures: Cannot find module '../orderbook/depth_5.cjs'
Require stack:
- /root/TraderBOT/collector/realtime/futures/exchanges/kucoin_futures-realtime.cjs
- /root/TraderBOT/orchestrator/utils/collector-loader.cjs
- /root/TraderBOT/orchestrator/utils/module-manager.cjs
- /root/TraderBOT/orchestrator/core/orchestrator.cjs
- /root/TraderBOT/run.cjs
[2026-08-04T17:48:19.438Z] [SUCCESS] Collector enabled → BTCUSDT.kucoin_futures
[2026-08-04T17:48:19.438Z] [INFO] Collector enabled → BTCUSDT.kucoin_futures
[2026-08-04T17:48:19.438Z] [INFO] Enabling collector → BTCUSDT.bitget_spot
[2026-08-04T17:48:19.439Z] [ERROR] CollectorLoader error → BTCUSDT.bitget_spot: Cannot find module '../../market/price_delta.cjs'
Require stack:
- /root/TraderBOT/collector/realtime/spot/exchanges/bitget_spot-realtime.cjs
- /root/TraderBOT/orchestrator/utils/collector-loader.cjs
- /root/TraderBOT/orchestrator/utils/module-manager.cjs
- /root/TraderBOT/orchestrator/core/orchestrator.cjs
- /root/TraderBOT/run.cjs
[2026-08-04T17:48:19.439Z] [SUCCESS] Collector enabled → BTCUSDT.bitget_spot
[2026-08-04T17:48:19.440Z] [INFO] Collector enabled → BTCUSDT.bitget_spot
[2026-08-04T17:48:19.440Z] [INFO] Enabling collector → BTCUSDT.bitget_futures
[2026-08-04T17:48:19.441Z] [INFO] Connecting Bitget Futures WS → wss://ws.bitget.com/v2/ws/public
[2026-08-04T17:48:19.443Z] [SUCCESS] Bitget Futures Enterprise Collector Started → BTCUSDT
[2026-08-04T17:48:19.443Z] [SUCCESS] Collector started → BTCUSDT.bitget_futures
[2026-08-04T17:48:19.443Z] [SUCCESS] Collector enabled → BTCUSDT.bitget_futures
[2026-08-04T17:48:19.443Z] [INFO] Collector enabled → BTCUSDT.bitget_futures
[2026-08-04T17:48:19.443Z] [INFO] Enabling collector → ETHUSDT.binance_spot
[2026-08-04T17:48:19.444Z] [ERROR] CollectorLoader error → ETHUSDT.binance_spot: Cannot find module '../../market/price_delta.cjs'
Require stack:
- /root/TraderBOT/collector/realtime/spot/exchanges/binance_spot-realtime.cjs
- /root/TraderBOT/orchestrator/utils/collector-loader.cjs
- /root/TraderBOT/orchestrator/utils/module-manager.cjs
- /root/TraderBOT/orchestrator/core/orchestrator.cjs
- /root/TraderBOT/run.cjs
[2026-08-04T17:48:19.444Z] [SUCCESS] Collector enabled → ETHUSDT.binance_spot
[2026-08-04T17:48:19.444Z] [INFO] Collector enabled → ETHUSDT.binance_spot
[2026-08-04T17:48:19.444Z] [INFO] Enabling collector → ETHUSDT.binance_futures
[2026-08-04T17:48:19.444Z] [INFO] Connecting Binance Futures WS → wss://fstream.binance.com/stream?streams=ethusdt@trade/ethusdt@aggTrade/ethusdt@depth/ethusdt@bookTicker/ethusdt@markPrice/ethusdt@funding/ethusdt@kline_1m/ethusdt@forceOrder
[2026-08-04T17:48:19.445Z] [SUCCESS] Binance Futures Enterprise Collector Started → ETHUSDT
[2026-08-04T17:48:19.445Z] [SUCCESS] Collector started → ETHUSDT.binance_futures
[2026-08-04T17:48:19.446Z] [SUCCESS] Collector enabled → ETHUSDT.binance_futures
[2026-08-04T17:48:19.446Z] [INFO] Collector enabled → ETHUSDT.binance_futures
[2026-08-04T17:48:19.446Z] [INFO] Enabling collector → ETHUSDT.bybit_spot
[2026-08-04T17:48:19.446Z] [ERROR] CollectorLoader error → ETHUSDT.bybit_spot: Cannot find module '../../market/price_delta.cjs'
Require stack:
- /root/TraderBOT/collector/realtime/spot/exchanges/bybit_spot-realtime.cjs
- /root/TraderBOT/orchestrator/utils/collector-loader.cjs
- /root/TraderBOT/orchestrator/utils/module-manager.cjs
- /root/TraderBOT/orchestrator/core/orchestrator.cjs
- /root/TraderBOT/run.cjs
[2026-08-04T17:48:19.447Z] [SUCCESS] Collector enabled → ETHUSDT.bybit_spot
[2026-08-04T17:48:19.447Z] [INFO] Collector enabled → ETHUSDT.bybit_spot
[2026-08-04T17:48:19.447Z] [INFO] Enabling collector → ETHUSDT.bybit_futures
[2026-08-04T17:48:19.447Z] [INFO] Connecting Bybit Futures WS → wss://stream.bybit.com/v5/public/linear
[2026-08-04T17:48:19.448Z] [SUCCESS] Bybit Futures Enterprise Collector Started → ETHUSDT
[2026-08-04T17:48:19.448Z] [SUCCESS] Collector started → ETHUSDT.bybit_futures
[2026-08-04T17:48:19.448Z] [SUCCESS] Collector enabled → ETHUSDT.bybit_futures
[2026-08-04T17:48:19.449Z] [INFO] Collector enabled → ETHUSDT.bybit_futures
[2026-08-04T17:48:19.449Z] [INFO] Enabling collector → ETHUSDT.okx_spot
[2026-08-04T17:48:19.449Z] [ERROR] CollectorLoader error → ETHUSDT.okx_spot: Cannot find module '../../market/price_delta.cjs'
Require stack:
- /root/TraderBOT/collector/realtime/spot/exchanges/okx_spot-realtime.cjs
- /root/TraderBOT/orchestrator/utils/collector-loader.cjs
- /root/TraderBOT/orchestrator/utils/module-manager.cjs
- /root/TraderBOT/orchestrator/core/orchestrator.cjs
- /root/TraderBOT/run.cjs
[2026-08-04T17:48:19.449Z] [SUCCESS] Collector enabled → ETHUSDT.okx_spot
[2026-08-04T17:48:19.449Z] [INFO] Collector enabled → ETHUSDT.okx_spot
[2026-08-04T17:48:19.449Z] [INFO] Enabling collector → ETHUSDT.okx_futures
[2026-08-04T17:48:19.450Z] [INFO] Connecting OKX Futures WS → wss://ws.okx.com:8443/ws/v5/public
[2026-08-04T17:48:19.450Z] [SUCCESS] OKX Futures Enterprise Collector Started → ETHUSDT
[2026-08-04T17:48:19.451Z] [SUCCESS] Collector started → ETHUSDT.okx_futures
[2026-08-04T17:48:19.451Z] [SUCCESS] Collector enabled → ETHUSDT.okx_futures
[2026-08-04T17:48:19.451Z] [INFO] Collector enabled → ETHUSDT.okx_futures
[2026-08-04T17:48:19.451Z] [INFO] Enabling collector → ETHUSDT.kucoin_spot
[2026-08-04T17:48:19.451Z] [ERROR] CollectorLoader error → ETHUSDT.kucoin_spot: Cannot find module '../../market/price_delta.cjs'
Require stack:
- /root/TraderBOT/collector/realtime/spot/exchanges/kucoin_spot-realtime.cjs
- /root/TraderBOT/orchestrator/utils/collector-loader.cjs
- /root/TraderBOT/orchestrator/utils/module-manager.cjs
- /root/TraderBOT/orchestrator/core/orchestrator.cjs
- /root/TraderBOT/run.cjs
[2026-08-04T17:48:19.451Z] [SUCCESS] Collector enabled → ETHUSDT.kucoin_spot
[2026-08-04T17:48:19.451Z] [INFO] Collector enabled → ETHUSDT.kucoin_spot
[2026-08-04T17:48:19.451Z] [INFO] Enabling collector → ETHUSDT.kucoin_futures
[2026-08-04T17:48:19.452Z] [ERROR] CollectorLoader error → ETHUSDT.kucoin_futures: Cannot find module '../orderbook/depth_5.cjs'
Require stack:
- /root/TraderBOT/collector/realtime/futures/exchanges/kucoin_futures-realtime.cjs
- /root/TraderBOT/orchestrator/utils/collector-loader.cjs
- /root/TraderBOT/orchestrator/utils/module-manager.cjs
- /root/TraderBOT/orchestrator/core/orchestrator.cjs
- /root/TraderBOT/run.cjs
[2026-08-04T17:48:19.452Z] [SUCCESS] Collector enabled → ETHUSDT.kucoin_futures
[2026-08-04T17:48:19.452Z] [INFO] Collector enabled → ETHUSDT.kucoin_futures
[2026-08-04T17:48:19.452Z] [INFO] Enabling collector → ETHUSDT.bitget_spot
[2026-08-04T17:48:19.453Z] [ERROR] CollectorLoader error → ETHUSDT.bitget_spot: Cannot find module '../../market/price_delta.cjs'
Require stack:
- /root/TraderBOT/collector/realtime/spot/exchanges/bitget_spot-realtime.cjs
- /root/TraderBOT/orchestrator/utils/collector-loader.cjs
- /root/TraderBOT/orchestrator/utils/module-manager.cjs
- /root/TraderBOT/orchestrator/core/orchestrator.cjs
- /root/TraderBOT/run.cjs
[2026-08-04T17:48:19.453Z] [SUCCESS] Collector enabled → ETHUSDT.bitget_spot
[2026-08-04T17:48:19.453Z] [INFO] Collector enabled → ETHUSDT.bitget_spot
[2026-08-04T17:48:19.453Z] [INFO] Enabling collector → ETHUSDT.bitget_futures
[2026-08-04T17:48:19.453Z] [INFO] Connecting Bitget Futures WS → wss://ws.bitget.com/v2/ws/public
[2026-08-04T17:48:19.454Z] [SUCCESS] Bitget Futures Enterprise Collector Started → ETHUSDT
[2026-08-04T17:48:19.454Z] [SUCCESS] Collector started → ETHUSDT.bitget_futures
[2026-08-04T17:48:19.454Z] [SUCCESS] Collector enabled → ETHUSDT.bitget_futures
[2026-08-04T17:48:19.454Z] [INFO] Collector enabled → ETHUSDT.bitget_futures
[2026-08-04T17:48:19.978Z] [SUCCESS] WS Connected → Bybit Futures (BTCUSDT)
[2026-08-04T17:48:19.981Z] [SUCCESS] WS Connected → Bybit Futures (ETHUSDT)
[2026-08-04T17:48:20.158Z] [SUCCESS] WS Connected → Binance Futures (BTCUSDT)
[2026-08-04T17:48:20.162Z] [SUCCESS] WS Connected → Binance Futures (ETHUSDT)
[2026-08-04T17:48:20.214Z] [SUCCESS] WS Connected → OKX Futures (ETH-USDT-SWAP)
[2026-08-04T17:48:20.223Z] [SUCCESS] WS Connected → Bitget Futures (BTCUSDT)
[2026-08-04T17:48:20.224Z] [SUCCESS] WS Connected → OKX Futures (BTC-USDT-SWAP)
[2026-08-04T17:48:20.227Z] [SUCCESS] WS Connected → Bitget Futures (ETHUSDT)
[2026-08-04T17:50:58.567Z] [INFO] Orchestrator starting...
[2026-08-04T17:50:58.578Z] [INFO] SymbolEngine initialized.
[2026-08-04T17:50:58.579Z] [INFO] BackoffEngine initialized.
[2026-08-04T17:50:58.579Z] [INFO] KillSwitchEngine initialized.
[2026-08-04T17:50:58.579Z] [INFO] ModuleManager initialized.
[2026-08-04T17:50:58.580Z] [INFO] StateManager initialized.
[2026-08-04T17:50:58.580Z] [SUCCESS] Orchestrator fully initialized.
[2026-08-04T17:50:58.581Z] [INFO] Enabling collector → BTCUSDT.binance_spot
[2026-08-04T17:50:58.612Z] [ERROR] CollectorLoader error → BTCUSDT.binance_spot: Cannot find module '../market/price_delta.cjs'
Require stack:
- /root/TraderBOT/collector/realtime/spot/exchanges/binance_spot-realtime.cjs
- /root/TraderBOT/orchestrator/utils/collector-loader.cjs
- /root/TraderBOT/orchestrator/utils/module-manager.cjs
- /root/TraderBOT/orchestrator/core/orchestrator.cjs
- /root/TraderBOT/run.cjs
[2026-08-04T17:50:58.612Z] [SUCCESS] Collector enabled → BTCUSDT.binance_spot
[2026-08-04T17:50:58.613Z] [INFO] Collector enabled → BTCUSDT.binance_spot
[2026-08-04T17:50:58.613Z] [INFO] Enabling collector → BTCUSDT.binance_futures
[2026-08-04T17:50:58.631Z] [INFO] Connecting Binance Futures WS → wss://fstream.binance.com/stream?streams=btcusdt@trade/btcusdt@aggTrade/btcusdt@depth/btcusdt@bookTicker/btcusdt@markPrice/btcusdt@funding/btcusdt@kline_1m/btcusdt@forceOrder
[2026-08-04T17:50:58.674Z] [SUCCESS] Binance Futures Enterprise Collector Started → BTCUSDT
[2026-08-04T17:50:58.674Z] [SUCCESS] Collector started → BTCUSDT.binance_futures
[2026-08-04T17:50:58.674Z] [SUCCESS] Collector enabled → BTCUSDT.binance_futures
[2026-08-04T17:50:58.675Z] [INFO] Collector enabled → BTCUSDT.binance_futures
[2026-08-04T17:50:58.675Z] [INFO] Enabling collector → BTCUSDT.bybit_spot
[2026-08-04T17:50:58.676Z] [ERROR] CollectorLoader error → BTCUSDT.bybit_spot: Cannot find module '../market/price_delta.cjs'
Require stack:
- /root/TraderBOT/collector/realtime/spot/exchanges/bybit_spot-realtime.cjs
- /root/TraderBOT/orchestrator/utils/collector-loader.cjs
- /root/TraderBOT/orchestrator/utils/module-manager.cjs
- /root/TraderBOT/orchestrator/core/orchestrator.cjs
- /root/TraderBOT/run.cjs
[2026-08-04T17:50:58.676Z] [SUCCESS] Collector enabled → BTCUSDT.bybit_spot
[2026-08-04T17:50:58.677Z] [INFO] Collector enabled → BTCUSDT.bybit_spot
[2026-08-04T17:50:58.677Z] [INFO] Enabling collector → BTCUSDT.bybit_futures
[2026-08-04T17:50:58.678Z] [INFO] Connecting Bybit Futures WS → wss://stream.bybit.com/v5/public/linear
[2026-08-04T17:50:58.679Z] [SUCCESS] Bybit Futures Enterprise Collector Started → BTCUSDT
[2026-08-04T17:50:58.680Z] [SUCCESS] Collector started → BTCUSDT.bybit_futures
[2026-08-04T17:50:58.680Z] [SUCCESS] Collector enabled → BTCUSDT.bybit_futures
[2026-08-04T17:50:58.680Z] [INFO] Collector enabled → BTCUSDT.bybit_futures
[2026-08-04T17:50:58.680Z] [INFO] Enabling collector → BTCUSDT.okx_spot
[2026-08-04T17:50:58.681Z] [ERROR] CollectorLoader error → BTCUSDT.okx_spot: Cannot find module '../market/price_delta.cjs'
Require stack:
- /root/TraderBOT/collector/realtime/spot/exchanges/okx_spot-realtime.cjs
- /root/TraderBOT/orchestrator/utils/collector-loader.cjs
- /root/TraderBOT/orchestrator/utils/module-manager.cjs
- /root/TraderBOT/orchestrator/core/orchestrator.cjs
- /root/TraderBOT/run.cjs
[2026-08-04T17:50:58.681Z] [SUCCESS] Collector enabled → BTCUSDT.okx_spot
[2026-08-04T17:50:58.681Z] [INFO] Collector enabled → BTCUSDT.okx_spot
[2026-08-04T17:50:58.682Z] [INFO] Enabling collector → BTCUSDT.okx_futures
[2026-08-04T17:50:58.683Z] [INFO] Connecting OKX Futures WS → wss://ws.okx.com:8443/ws/v5/public
[2026-08-04T17:50:58.684Z] [SUCCESS] OKX Futures Enterprise Collector Started → BTCUSDT
[2026-08-04T17:50:58.684Z] [SUCCESS] Collector started → BTCUSDT.okx_futures
[2026-08-04T17:50:58.685Z] [SUCCESS] Collector enabled → BTCUSDT.okx_futures
[2026-08-04T17:50:58.685Z] [INFO] Collector enabled → BTCUSDT.okx_futures
[2026-08-04T17:50:58.685Z] [INFO] Enabling collector → BTCUSDT.kucoin_spot
[2026-08-04T17:50:58.686Z] [ERROR] CollectorLoader error → BTCUSDT.kucoin_spot: Cannot find module '../market/price_delta.cjs'
Require stack:
- /root/TraderBOT/collector/realtime/spot/exchanges/kucoin_spot-realtime.cjs
- /root/TraderBOT/orchestrator/utils/collector-loader.cjs
- /root/TraderBOT/orchestrator/utils/module-manager.cjs
- /root/TraderBOT/orchestrator/core/orchestrator.cjs
- /root/TraderBOT/run.cjs
[2026-08-04T17:50:58.686Z] [SUCCESS] Collector enabled → BTCUSDT.kucoin_spot
[2026-08-04T17:50:58.686Z] [INFO] Collector enabled → BTCUSDT.kucoin_spot
[2026-08-04T17:50:58.686Z] [INFO] Enabling collector → BTCUSDT.kucoin_futures
[2026-08-04T17:50:58.687Z] [ERROR] CollectorLoader error → BTCUSDT.kucoin_futures: Cannot find module '../orderbook/depth_5.cjs'
Require stack:
- /root/TraderBOT/collector/realtime/futures/exchanges/kucoin_futures-realtime.cjs
- /root/TraderBOT/orchestrator/utils/collector-loader.cjs
- /root/TraderBOT/orchestrator/utils/module-manager.cjs
- /root/TraderBOT/orchestrator/core/orchestrator.cjs
- /root/TraderBOT/run.cjs
[2026-08-04T17:50:58.687Z] [SUCCESS] Collector enabled → BTCUSDT.kucoin_futures
[2026-08-04T17:50:58.688Z] [INFO] Collector enabled → BTCUSDT.kucoin_futures
[2026-08-04T17:50:58.688Z] [INFO] Enabling collector → BTCUSDT.bitget_spot
[2026-08-04T17:50:58.689Z] [ERROR] CollectorLoader error → BTCUSDT.bitget_spot: Cannot find module '../market/price_delta.cjs'
Require stack:
- /root/TraderBOT/collector/realtime/spot/exchanges/bitget_spot-realtime.cjs
- /root/TraderBOT/orchestrator/utils/collector-loader.cjs
- /root/TraderBOT/orchestrator/utils/module-manager.cjs
- /root/TraderBOT/orchestrator/core/orchestrator.cjs
- /root/TraderBOT/run.cjs
[2026-08-04T17:50:58.689Z] [SUCCESS] Collector enabled → BTCUSDT.bitget_spot
[2026-08-04T17:50:58.689Z] [INFO] Collector enabled → BTCUSDT.bitget_spot
[2026-08-04T17:50:58.689Z] [INFO] Enabling collector → BTCUSDT.bitget_futures
[2026-08-04T17:50:58.691Z] [INFO] Connecting Bitget Futures WS → wss://ws.bitget.com/v2/ws/public
[2026-08-04T17:50:58.692Z] [SUCCESS] Bitget Futures Enterprise Collector Started → BTCUSDT
[2026-08-04T17:50:58.693Z] [SUCCESS] Collector started → BTCUSDT.bitget_futures
[2026-08-04T17:50:58.693Z] [SUCCESS] Collector enabled → BTCUSDT.bitget_futures
[2026-08-04T17:50:58.693Z] [INFO] Collector enabled → BTCUSDT.bitget_futures
[2026-08-04T17:50:58.694Z] [INFO] Enabling collector → ETHUSDT.binance_spot
[2026-08-04T17:50:58.694Z] [ERROR] CollectorLoader error → ETHUSDT.binance_spot: Cannot find module '../market/price_delta.cjs'
Require stack:
- /root/TraderBOT/collector/realtime/spot/exchanges/binance_spot-realtime.cjs
- /root/TraderBOT/orchestrator/utils/collector-loader.cjs
- /root/TraderBOT/orchestrator/utils/module-manager.cjs
- /root/TraderBOT/orchestrator/core/orchestrator.cjs
- /root/TraderBOT/run.cjs
[2026-08-04T17:50:58.695Z] [SUCCESS] Collector enabled → ETHUSDT.binance_spot
[2026-08-04T17:50:58.695Z] [INFO] Collector enabled → ETHUSDT.binance_spot
[2026-08-04T17:50:58.695Z] [INFO] Enabling collector → ETHUSDT.binance_futures
[2026-08-04T17:50:58.695Z] [INFO] Connecting Binance Futures WS → wss://fstream.binance.com/stream?streams=ethusdt@trade/ethusdt@aggTrade/ethusdt@depth/ethusdt@bookTicker/ethusdt@markPrice/ethusdt@funding/ethusdt@kline_1m/ethusdt@forceOrder
[2026-08-04T17:50:58.697Z] [SUCCESS] Binance Futures Enterprise Collector Started → ETHUSDT
[2026-08-04T17:50:58.697Z] [SUCCESS] Collector started → ETHUSDT.binance_futures
[2026-08-04T17:50:58.697Z] [SUCCESS] Collector enabled → ETHUSDT.binance_futures
[2026-08-04T17:50:58.697Z] [INFO] Collector enabled → ETHUSDT.binance_futures
[2026-08-04T17:50:58.698Z] [INFO] Enabling collector → ETHUSDT.bybit_spot
[2026-08-04T17:50:58.698Z] [ERROR] CollectorLoader error → ETHUSDT.bybit_spot: Cannot find module '../market/price_delta.cjs'
Require stack:
- /root/TraderBOT/collector/realtime/spot/exchanges/bybit_spot-realtime.cjs
- /root/TraderBOT/orchestrator/utils/collector-loader.cjs
- /root/TraderBOT/orchestrator/utils/module-manager.cjs
- /root/TraderBOT/orchestrator/core/orchestrator.cjs
- /root/TraderBOT/run.cjs
[2026-08-04T17:50:58.698Z] [SUCCESS] Collector enabled → ETHUSDT.bybit_spot
[2026-08-04T17:50:58.698Z] [INFO] Collector enabled → ETHUSDT.bybit_spot
[2026-08-04T17:50:58.699Z] [INFO] Enabling collector → ETHUSDT.bybit_futures
[2026-08-04T17:50:58.699Z] [INFO] Connecting Bybit Futures WS → wss://stream.bybit.com/v5/public/linear
[2026-08-04T17:50:58.700Z] [SUCCESS] Bybit Futures Enterprise Collector Started → ETHUSDT
[2026-08-04T17:50:58.700Z] [SUCCESS] Collector started → ETHUSDT.bybit_futures
[2026-08-04T17:50:58.700Z] [SUCCESS] Collector enabled → ETHUSDT.bybit_futures
[2026-08-04T17:50:58.700Z] [INFO] Collector enabled → ETHUSDT.bybit_futures
[2026-08-04T17:50:58.700Z] [INFO] Enabling collector → ETHUSDT.okx_spot
[2026-08-04T17:50:58.701Z] [ERROR] CollectorLoader error → ETHUSDT.okx_spot: Cannot find module '../market/price_delta.cjs'
Require stack:
- /root/TraderBOT/collector/realtime/spot/exchanges/okx_spot-realtime.cjs
- /root/TraderBOT/orchestrator/utils/collector-loader.cjs
- /root/TraderBOT/orchestrator/utils/module-manager.cjs
- /root/TraderBOT/orchestrator/core/orchestrator.cjs
- /root/TraderBOT/run.cjs
[2026-08-04T17:50:58.701Z] [SUCCESS] Collector enabled → ETHUSDT.okx_spot
[2026-08-04T17:50:58.701Z] [INFO] Collector enabled → ETHUSDT.okx_spot
[2026-08-04T17:50:58.701Z] [INFO] Enabling collector → ETHUSDT.okx_futures
[2026-08-04T17:50:58.701Z] [INFO] Connecting OKX Futures WS → wss://ws.okx.com:8443/ws/v5/public
[2026-08-04T17:50:58.702Z] [SUCCESS] OKX Futures Enterprise Collector Started → ETHUSDT
[2026-08-04T17:50:58.703Z] [SUCCESS] Collector started → ETHUSDT.okx_futures
[2026-08-04T17:50:58.703Z] [SUCCESS] Collector enabled → ETHUSDT.okx_futures
[2026-08-04T17:50:58.703Z] [INFO] Collector enabled → ETHUSDT.okx_futures
[2026-08-04T17:50:58.703Z] [INFO] Enabling collector → ETHUSDT.kucoin_spot
[2026-08-04T17:50:58.703Z] [ERROR] CollectorLoader error → ETHUSDT.kucoin_spot: Cannot find module '../market/price_delta.cjs'
Require stack:
- /root/TraderBOT/collector/realtime/spot/exchanges/kucoin_spot-realtime.cjs
- /root/TraderBOT/orchestrator/utils/collector-loader.cjs
- /root/TraderBOT/orchestrator/utils/module-manager.cjs
- /root/TraderBOT/orchestrator/core/orchestrator.cjs
- /root/TraderBOT/run.cjs
[2026-08-04T17:50:58.704Z] [SUCCESS] Collector enabled → ETHUSDT.kucoin_spot
[2026-08-04T17:50:58.704Z] [INFO] Collector enabled → ETHUSDT.kucoin_spot
[2026-08-04T17:50:58.704Z] [INFO] Enabling collector → ETHUSDT.kucoin_futures
[2026-08-04T17:50:58.704Z] [ERROR] CollectorLoader error → ETHUSDT.kucoin_futures: Cannot find module '../orderbook/depth_5.cjs'
Require stack:
- /root/TraderBOT/collector/realtime/futures/exchanges/kucoin_futures-realtime.cjs
- /root/TraderBOT/orchestrator/utils/collector-loader.cjs
- /root/TraderBOT/orchestrator/utils/module-manager.cjs
- /root/TraderBOT/orchestrator/core/orchestrator.cjs
- /root/TraderBOT/run.cjs
[2026-08-04T17:50:58.705Z] [SUCCESS] Collector enabled → ETHUSDT.kucoin_futures
[2026-08-04T17:50:58.705Z] [INFO] Collector enabled → ETHUSDT.kucoin_futures
[2026-08-04T17:50:58.705Z] [INFO] Enabling collector → ETHUSDT.bitget_spot
[2026-08-04T17:50:58.705Z] [ERROR] CollectorLoader error → ETHUSDT.bitget_spot: Cannot find module '../market/price_delta.cjs'
Require stack:
- /root/TraderBOT/collector/realtime/spot/exchanges/bitget_spot-realtime.cjs
- /root/TraderBOT/orchestrator/utils/collector-loader.cjs
- /root/TraderBOT/orchestrator/utils/module-manager.cjs
- /root/TraderBOT/orchestrator/core/orchestrator.cjs
- /root/TraderBOT/run.cjs
[2026-08-04T17:50:58.705Z] [SUCCESS] Collector enabled → ETHUSDT.bitget_spot
[2026-08-04T17:50:58.706Z] [INFO] Collector enabled → ETHUSDT.bitget_spot
[2026-08-04T17:50:58.706Z] [INFO] Enabling collector → ETHUSDT.bitget_futures
[2026-08-04T17:50:58.706Z] [INFO] Connecting Bitget Futures WS → wss://ws.bitget.com/v2/ws/public
[2026-08-04T17:50:58.707Z] [SUCCESS] Bitget Futures Enterprise Collector Started → ETHUSDT
[2026-08-04T17:50:58.707Z] [SUCCESS] Collector started → ETHUSDT.bitget_futures
[2026-08-04T17:50:58.707Z] [SUCCESS] Collector enabled → ETHUSDT.bitget_futures
[2026-08-04T17:50:58.707Z] [INFO] Collector enabled → ETHUSDT.bitget_futures
[2026-08-04T17:50:59.228Z] [SUCCESS] WS Connected → Bybit Futures (BTCUSDT)
[2026-08-04T17:50:59.234Z] [SUCCESS] WS Connected → Bybit Futures (ETHUSDT)
[2026-08-04T17:50:59.409Z] [SUCCESS] WS Connected → Binance Futures (BTCUSDT)
[2026-08-04T17:50:59.420Z] [SUCCESS] WS Connected → Binance Futures (ETHUSDT)
[2026-08-04T17:50:59.427Z] [SUCCESS] WS Connected → Bitget Futures (BTCUSDT)
[2026-08-04T17:50:59.434Z] [SUCCESS] WS Connected → Bitget Futures (ETHUSDT)
[2026-08-04T17:50:59.452Z] [SUCCESS] WS Connected → OKX Futures (ETH-USDT-SWAP)
[2026-08-04T17:50:59.496Z] [SUCCESS] WS Connected → OKX Futures (BTC-USDT-SWAP)
[2026-08-04T17:55:04.686Z] [INFO] Orchestrator starting...
[2026-08-04T17:55:04.700Z] [INFO] SymbolEngine initialized.
[2026-08-04T17:55:04.702Z] [INFO] BackoffEngine initialized.
[2026-08-04T17:55:04.702Z] [INFO] KillSwitchEngine initialized.
[2026-08-04T17:55:04.703Z] [INFO] ModuleManager initialized.
[2026-08-04T17:55:04.704Z] [INFO] StateManager initialized.
[2026-08-04T17:55:04.705Z] [SUCCESS] Orchestrator fully initialized.
[2026-08-04T17:55:04.706Z] [INFO] Enabling collector → BTCUSDT.binance_spot
[2026-08-04T17:55:04.742Z] [ERROR] CollectorLoader error → BTCUSDT.binance_spot: Cannot find module '../market/price_delta.cjs'
Require stack:
- /root/TraderBOT/collector/realtime/spot/exchanges/binance_spot-realtime.cjs
- /root/TraderBOT/orchestrator/utils/collector-loader.cjs
- /root/TraderBOT/orchestrator/utils/module-manager.cjs
- /root/TraderBOT/orchestrator/core/orchestrator.cjs
- /root/TraderBOT/run.cjs
[2026-08-04T17:55:04.744Z] [SUCCESS] Collector enabled → BTCUSDT.binance_spot
[2026-08-04T17:55:04.746Z] [INFO] Collector enabled → BTCUSDT.binance_spot
[2026-08-04T17:55:04.746Z] [INFO] Enabling collector → BTCUSDT.binance_futures
[2026-08-04T17:55:04.778Z] [INFO] Connecting Binance Futures WS → wss://fstream.binance.com/stream?streams=btcusdt@trade/btcusdt@aggTrade/btcusdt@depth/btcusdt@bookTicker/btcusdt@markPrice/btcusdt@funding/btcusdt@kline_1m/btcusdt@forceOrder
[2026-08-04T17:55:04.826Z] [SUCCESS] Binance Futures Enterprise Collector Started → BTCUSDT
[2026-08-04T17:55:04.826Z] [SUCCESS] Collector started → BTCUSDT.binance_futures
[2026-08-04T17:55:04.827Z] [SUCCESS] Collector enabled → BTCUSDT.binance_futures
[2026-08-04T17:55:04.827Z] [INFO] Collector enabled → BTCUSDT.binance_futures
[2026-08-04T17:55:04.827Z] [INFO] Enabling collector → BTCUSDT.bybit_spot
[2026-08-04T17:55:04.828Z] [ERROR] CollectorLoader error → BTCUSDT.bybit_spot: Cannot find module '../market/price_delta.cjs'
Require stack:
- /root/TraderBOT/collector/realtime/spot/exchanges/bybit_spot-realtime.cjs
- /root/TraderBOT/orchestrator/utils/collector-loader.cjs
- /root/TraderBOT/orchestrator/utils/module-manager.cjs
- /root/TraderBOT/orchestrator/core/orchestrator.cjs
- /root/TraderBOT/run.cjs
[2026-08-04T17:55:04.828Z] [SUCCESS] Collector enabled → BTCUSDT.bybit_spot
[2026-08-04T17:55:04.829Z] [INFO] Collector enabled → BTCUSDT.bybit_spot
[2026-08-04T17:55:04.829Z] [INFO] Enabling collector → BTCUSDT.bybit_futures
[2026-08-04T17:55:04.830Z] [INFO] Connecting Bybit Futures WS → wss://stream.bybit.com/v5/public/linear
[2026-08-04T17:55:04.833Z] [SUCCESS] Bybit Futures Enterprise Collector Started → BTCUSDT
[2026-08-04T17:55:04.833Z] [SUCCESS] Collector started → BTCUSDT.bybit_futures
[2026-08-04T17:55:04.834Z] [SUCCESS] Collector enabled → BTCUSDT.bybit_futures
[2026-08-04T17:55:04.834Z] [INFO] Collector enabled → BTCUSDT.bybit_futures
[2026-08-04T17:55:04.834Z] [INFO] Enabling collector → BTCUSDT.okx_spot
[2026-08-04T17:55:04.835Z] [ERROR] CollectorLoader error → BTCUSDT.okx_spot: Cannot find module '../market/price_delta.cjs'
Require stack:
- /root/TraderBOT/collector/realtime/spot/exchanges/okx_spot-realtime.cjs
- /root/TraderBOT/orchestrator/utils/collector-loader.cjs
- /root/TraderBOT/orchestrator/utils/module-manager.cjs
- /root/TraderBOT/orchestrator/core/orchestrator.cjs
- /root/TraderBOT/run.cjs
[2026-08-04T17:55:04.836Z] [SUCCESS] Collector enabled → BTCUSDT.okx_spot
[2026-08-04T17:55:04.836Z] [INFO] Collector enabled → BTCUSDT.okx_spot
[2026-08-04T17:55:04.836Z] [INFO] Enabling collector → BTCUSDT.okx_futures
[2026-08-04T17:55:04.838Z] [INFO] Connecting OKX Futures WS → wss://ws.okx.com:8443/ws/v5/public
[2026-08-04T17:55:04.839Z] [SUCCESS] OKX Futures Enterprise Collector Started → BTCUSDT
[2026-08-04T17:55:04.839Z] [SUCCESS] Collector started → BTCUSDT.okx_futures
[2026-08-04T17:55:04.840Z] [SUCCESS] Collector enabled → BTCUSDT.okx_futures
[2026-08-04T17:55:04.840Z] [INFO] Collector enabled → BTCUSDT.okx_futures
[2026-08-04T17:55:04.840Z] [INFO] Enabling collector → BTCUSDT.kucoin_spot
[2026-08-04T17:55:04.842Z] [ERROR] CollectorLoader error → BTCUSDT.kucoin_spot: Cannot find module '../market/price_delta.cjs'
Require stack:
- /root/TraderBOT/collector/realtime/spot/exchanges/kucoin_spot-realtime.cjs
- /root/TraderBOT/orchestrator/utils/collector-loader.cjs
- /root/TraderBOT/orchestrator/utils/module-manager.cjs
- /root/TraderBOT/orchestrator/core/orchestrator.cjs
- /root/TraderBOT/run.cjs
[2026-08-04T17:55:04.842Z] [SUCCESS] Collector enabled → BTCUSDT.kucoin_spot
[2026-08-04T17:55:04.842Z] [INFO] Collector enabled → BTCUSDT.kucoin_spot
[2026-08-04T17:55:04.842Z] [INFO] Enabling collector → BTCUSDT.kucoin_futures
[2026-08-04T17:55:04.843Z] [ERROR] CollectorLoader error → BTCUSDT.kucoin_futures: Cannot find module '../orderbook/depth_5.cjs'
Require stack:
- /root/TraderBOT/collector/realtime/futures/exchanges/kucoin_futures-realtime.cjs
- /root/TraderBOT/orchestrator/utils/collector-loader.cjs
- /root/TraderBOT/orchestrator/utils/module-manager.cjs
- /root/TraderBOT/orchestrator/core/orchestrator.cjs
- /root/TraderBOT/run.cjs
[2026-08-04T17:55:04.843Z] [SUCCESS] Collector enabled → BTCUSDT.kucoin_futures
[2026-08-04T17:55:04.843Z] [INFO] Collector enabled → BTCUSDT.kucoin_futures
[2026-08-04T17:55:04.844Z] [INFO] Enabling collector → BTCUSDT.bitget_spot
[2026-08-04T17:55:04.844Z] [ERROR] CollectorLoader error → BTCUSDT.bitget_spot: Cannot find module '../market/price_delta.cjs'
Require stack:
- /root/TraderBOT/collector/realtime/spot/exchanges/bitget_spot-realtime.cjs
- /root/TraderBOT/orchestrator/utils/collector-loader.cjs
- /root/TraderBOT/orchestrator/utils/module-manager.cjs
- /root/TraderBOT/orchestrator/core/orchestrator.cjs
- /root/TraderBOT/run.cjs
[2026-08-04T17:55:04.845Z] [SUCCESS] Collector enabled → BTCUSDT.bitget_spot
[2026-08-04T17:55:04.845Z] [INFO] Collector enabled → BTCUSDT.bitget_spot
[2026-08-04T17:55:04.845Z] [INFO] Enabling collector → BTCUSDT.bitget_futures
[2026-08-04T17:55:04.846Z] [INFO] Connecting Bitget Futures WS → wss://ws.bitget.com/v2/ws/public
[2026-08-04T17:55:04.849Z] [SUCCESS] Bitget Futures Enterprise Collector Started → BTCUSDT
[2026-08-04T17:55:04.849Z] [SUCCESS] Collector started → BTCUSDT.bitget_futures
[2026-08-04T17:55:04.849Z] [SUCCESS] Collector enabled → BTCUSDT.bitget_futures
[2026-08-04T17:55:04.850Z] [INFO] Collector enabled → BTCUSDT.bitget_futures
[2026-08-04T17:55:04.850Z] [INFO] Enabling collector → ETHUSDT.binance_spot
[2026-08-04T17:55:04.850Z] [ERROR] CollectorLoader error → ETHUSDT.binance_spot: Cannot find module '../market/price_delta.cjs'
Require stack:
- /root/TraderBOT/collector/realtime/spot/exchanges/binance_spot-realtime.cjs
- /root/TraderBOT/orchestrator/utils/collector-loader.cjs
- /root/TraderBOT/orchestrator/utils/module-manager.cjs
- /root/TraderBOT/orchestrator/core/orchestrator.cjs
- /root/TraderBOT/run.cjs
[2026-08-04T17:55:04.851Z] [SUCCESS] Collector enabled → ETHUSDT.binance_spot
[2026-08-04T17:55:04.851Z] [INFO] Collector enabled → ETHUSDT.binance_spot
[2026-08-04T17:55:04.851Z] [INFO] Enabling collector → ETHUSDT.binance_futures
[2026-08-04T17:55:04.851Z] [INFO] Connecting Binance Futures WS → wss://fstream.binance.com/stream?streams=ethusdt@trade/ethusdt@aggTrade/ethusdt@depth/ethusdt@bookTicker/ethusdt@markPrice/ethusdt@funding/ethusdt@kline_1m/ethusdt@forceOrder
[2026-08-04T17:55:04.852Z] [SUCCESS] Binance Futures Enterprise Collector Started → ETHUSDT
[2026-08-04T17:55:04.852Z] [SUCCESS] Collector started → ETHUSDT.binance_futures
[2026-08-04T17:55:04.852Z] [SUCCESS] Collector enabled → ETHUSDT.binance_futures
[2026-08-04T17:55:04.852Z] [INFO] Collector enabled → ETHUSDT.binance_futures
[2026-08-04T17:55:04.853Z] [INFO] Enabling collector → ETHUSDT.bybit_spot
[2026-08-04T17:55:04.854Z] [ERROR] CollectorLoader error → ETHUSDT.bybit_spot: Cannot find module '../market/price_delta.cjs'
Require stack:
- /root/TraderBOT/collector/realtime/spot/exchanges/bybit_spot-realtime.cjs
- /root/TraderBOT/orchestrator/utils/collector-loader.cjs
- /root/TraderBOT/orchestrator/utils/module-manager.cjs
- /root/TraderBOT/orchestrator/core/orchestrator.cjs
- /root/TraderBOT/run.cjs
[2026-08-04T17:55:04.854Z] [SUCCESS] Collector enabled → ETHUSDT.bybit_spot
[2026-08-04T17:55:04.854Z] [INFO] Collector enabled → ETHUSDT.bybit_spot
[2026-08-04T17:55:04.854Z] [INFO] Enabling collector → ETHUSDT.bybit_futures
[2026-08-04T17:55:04.854Z] [INFO] Connecting Bybit Futures WS → wss://stream.bybit.com/v5/public/linear
[2026-08-04T17:55:04.855Z] [SUCCESS] Bybit Futures Enterprise Collector Started → ETHUSDT
[2026-08-04T17:55:04.855Z] [SUCCESS] Collector started → ETHUSDT.bybit_futures
[2026-08-04T17:55:04.856Z] [SUCCESS] Collector enabled → ETHUSDT.bybit_futures
[2026-08-04T17:55:04.856Z] [INFO] Collector enabled → ETHUSDT.bybit_futures
[2026-08-04T17:55:04.856Z] [INFO] Enabling collector → ETHUSDT.okx_spot
[2026-08-04T17:55:04.857Z] [ERROR] CollectorLoader error → ETHUSDT.okx_spot: Cannot find module '../market/price_delta.cjs'
Require stack:
- /root/TraderBOT/collector/realtime/spot/exchanges/okx_spot-realtime.cjs
- /root/TraderBOT/orchestrator/utils/collector-loader.cjs
- /root/TraderBOT/orchestrator/utils/module-manager.cjs
- /root/TraderBOT/orchestrator/core/orchestrator.cjs
- /root/TraderBOT/run.cjs
[2026-08-04T17:55:04.857Z] [SUCCESS] Collector enabled → ETHUSDT.okx_spot
[2026-08-04T17:55:04.857Z] [INFO] Collector enabled → ETHUSDT.okx_spot
[2026-08-04T17:55:04.857Z] [INFO] Enabling collector → ETHUSDT.okx_futures
[2026-08-04T17:55:04.857Z] [INFO] Connecting OKX Futures WS → wss://ws.okx.com:8443/ws/v5/public
[2026-08-04T17:55:04.858Z] [SUCCESS] OKX Futures Enterprise Collector Started → ETHUSDT
[2026-08-04T17:55:04.859Z] [SUCCESS] Collector started → ETHUSDT.okx_futures
[2026-08-04T17:55:04.859Z] [SUCCESS] Collector enabled → ETHUSDT.okx_futures
[2026-08-04T17:55:04.859Z] [INFO] Collector enabled → ETHUSDT.okx_futures
[2026-08-04T17:55:04.859Z] [INFO] Enabling collector → ETHUSDT.kucoin_spot
[2026-08-04T17:55:04.860Z] [ERROR] CollectorLoader error → ETHUSDT.kucoin_spot: Cannot find module '../market/price_delta.cjs'
Require stack:
- /root/TraderBOT/collector/realtime/spot/exchanges/kucoin_spot-realtime.cjs
- /root/TraderBOT/orchestrator/utils/collector-loader.cjs
- /root/TraderBOT/orchestrator/utils/module-manager.cjs
- /root/TraderBOT/orchestrator/core/orchestrator.cjs
- /root/TraderBOT/run.cjs
[2026-08-04T17:55:04.860Z] [SUCCESS] Collector enabled → ETHUSDT.kucoin_spot
[2026-08-04T17:55:04.861Z] [INFO] Collector enabled → ETHUSDT.kucoin_spot
[2026-08-04T17:55:04.861Z] [INFO] Enabling collector → ETHUSDT.kucoin_futures
[2026-08-04T17:55:04.861Z] [ERROR] CollectorLoader error → ETHUSDT.kucoin_futures: Cannot find module '../orderbook/depth_5.cjs'
Require stack:
- /root/TraderBOT/collector/realtime/futures/exchanges/kucoin_futures-realtime.cjs
- /root/TraderBOT/orchestrator/utils/collector-loader.cjs
- /root/TraderBOT/orchestrator/utils/module-manager.cjs
- /root/TraderBOT/orchestrator/core/orchestrator.cjs
- /root/TraderBOT/run.cjs
[2026-08-04T17:55:04.862Z] [SUCCESS] Collector enabled → ETHUSDT.kucoin_futures
[2026-08-04T17:55:04.862Z] [INFO] Collector enabled → ETHUSDT.kucoin_futures
[2026-08-04T17:55:04.862Z] [INFO] Enabling collector → ETHUSDT.bitget_spot
[2026-08-04T17:55:04.863Z] [ERROR] CollectorLoader error → ETHUSDT.bitget_spot: Cannot find module '../market/price_delta.cjs'
Require stack:
- /root/TraderBOT/collector/realtime/spot/exchanges/bitget_spot-realtime.cjs
- /root/TraderBOT/orchestrator/utils/collector-loader.cjs
- /root/TraderBOT/orchestrator/utils/module-manager.cjs
- /root/TraderBOT/orchestrator/core/orchestrator.cjs
- /root/TraderBOT/run.cjs
[2026-08-04T17:55:04.863Z] [SUCCESS] Collector enabled → ETHUSDT.bitget_spot
[2026-08-04T17:55:04.863Z] [INFO] Collector enabled → ETHUSDT.bitget_spot
[2026-08-04T17:55:04.863Z] [INFO] Enabling collector → ETHUSDT.bitget_futures
[2026-08-04T17:55:04.863Z] [INFO] Connecting Bitget Futures WS → wss://ws.bitget.com/v2/ws/public
[2026-08-04T17:55:04.864Z] [SUCCESS] Bitget Futures Enterprise Collector Started → ETHUSDT
[2026-08-04T17:55:04.864Z] [SUCCESS] Collector started → ETHUSDT.bitget_futures
[2026-08-04T17:55:04.865Z] [SUCCESS] Collector enabled → ETHUSDT.bitget_futures
[2026-08-04T17:55:04.865Z] [INFO] Collector enabled → ETHUSDT.bitget_futures
[2026-08-04T17:55:05.384Z] [SUCCESS] WS Connected → Bybit Futures (ETHUSDT)
[2026-08-04T17:55:05.386Z] [SUCCESS] WS Connected → Bybit Futures (BTCUSDT)
[2026-08-04T17:55:05.566Z] [SUCCESS] WS Connected → Binance Futures (ETHUSDT)
[2026-08-04T17:55:05.588Z] [SUCCESS] WS Connected → Binance Futures (BTCUSDT)
[2026-08-04T17:55:05.591Z] [SUCCESS] WS Connected → Bitget Futures (ETHUSDT)
[2026-08-04T17:55:05.600Z] [SUCCESS] WS Connected → Bitget Futures (BTCUSDT)
[2026-08-04T17:55:05.622Z] [SUCCESS] WS Connected → OKX Futures (ETH-USDT-SWAP)
[2026-08-04T17:55:05.627Z] [SUCCESS] WS Connected → OKX Futures (BTC-USDT-SWAP)
[2026-08-04T18:02:22.471Z] [INFO] Orchestrator starting...
[2026-08-04T18:02:22.488Z] [INFO] SymbolEngine initialized.
[2026-08-04T18:02:22.489Z] [INFO] BackoffEngine initialized.
[2026-08-04T18:02:22.490Z] [INFO] KillSwitchEngine initialized.
[2026-08-04T18:02:22.490Z] [INFO] ModuleManager initialized.
[2026-08-04T18:02:22.491Z] [INFO] StateManager initialized.
[2026-08-04T18:02:22.492Z] [SUCCESS] Orchestrator fully initialized.
[2026-08-04T18:02:22.493Z] [INFO] Enabling collector → BTCUSDT.binance_spot
[2026-08-04T18:02:22.541Z] [ERROR] CollectorLoader error → BTCUSDT.binance_spot: Cannot find module '../orderbook/depth_clusters.cjs'
Require stack:
- /root/TraderBOT/collector/realtime/spot/exchanges/binance_spot-realtime.cjs
- /root/TraderBOT/orchestrator/utils/collector-loader.cjs
- /root/TraderBOT/orchestrator/utils/module-manager.cjs
- /root/TraderBOT/orchestrator/core/orchestrator.cjs
- /root/TraderBOT/run.cjs
[2026-08-04T18:02:22.542Z] [SUCCESS] Collector enabled → BTCUSDT.binance_spot
[2026-08-04T18:02:22.542Z] [INFO] Collector enabled → BTCUSDT.binance_spot
[2026-08-04T18:02:22.542Z] [INFO] Enabling collector → BTCUSDT.binance_futures
[2026-08-04T18:02:22.562Z] [INFO] Connecting Binance Futures WS → wss://fstream.binance.com/stream?streams=btcusdt@trade/btcusdt@aggTrade/btcusdt@depth/btcusdt@bookTicker/btcusdt@markPrice/btcusdt@funding/btcusdt@kline_1m/btcusdt@forceOrder
[2026-08-04T18:02:22.604Z] [SUCCESS] Binance Futures Enterprise Collector Started → BTCUSDT
[2026-08-04T18:02:22.605Z] [SUCCESS] Collector started → BTCUSDT.binance_futures
[2026-08-04T18:02:22.605Z] [SUCCESS] Collector enabled → BTCUSDT.binance_futures
[2026-08-04T18:02:22.605Z] [INFO] Collector enabled → BTCUSDT.binance_futures
[2026-08-04T18:02:22.606Z] [INFO] Enabling collector → BTCUSDT.bybit_spot
[2026-08-04T18:02:22.607Z] [ERROR] CollectorLoader error → BTCUSDT.bybit_spot: Cannot find module '../orderbook/depth_clusters.cjs'
Require stack:
- /root/TraderBOT/collector/realtime/spot/exchanges/bybit_spot-realtime.cjs
- /root/TraderBOT/orchestrator/utils/collector-loader.cjs
- /root/TraderBOT/orchestrator/utils/module-manager.cjs
- /root/TraderBOT/orchestrator/core/orchestrator.cjs
- /root/TraderBOT/run.cjs
[2026-08-04T18:02:22.607Z] [SUCCESS] Collector enabled → BTCUSDT.bybit_spot
[2026-08-04T18:02:22.607Z] [INFO] Collector enabled → BTCUSDT.bybit_spot
[2026-08-04T18:02:22.607Z] [INFO] Enabling collector → BTCUSDT.bybit_futures
[2026-08-04T18:02:22.608Z] [INFO] Connecting Bybit Futures WS → wss://stream.bybit.com/v5/public/linear
[2026-08-04T18:02:22.610Z] [SUCCESS] Bybit Futures Enterprise Collector Started → BTCUSDT
[2026-08-04T18:02:22.610Z] [SUCCESS] Collector started → BTCUSDT.bybit_futures
[2026-08-04T18:02:22.610Z] [SUCCESS] Collector enabled → BTCUSDT.bybit_futures
[2026-08-04T18:02:22.610Z] [INFO] Collector enabled → BTCUSDT.bybit_futures
[2026-08-04T18:02:22.610Z] [INFO] Enabling collector → BTCUSDT.okx_spot
[2026-08-04T18:02:22.612Z] [ERROR] CollectorLoader error → BTCUSDT.okx_spot: Cannot find module '../orderbook/depth_clusters.cjs'
Require stack:
- /root/TraderBOT/collector/realtime/spot/exchanges/okx_spot-realtime.cjs
- /root/TraderBOT/orchestrator/utils/collector-loader.cjs
- /root/TraderBOT/orchestrator/utils/module-manager.cjs
- /root/TraderBOT/orchestrator/core/orchestrator.cjs
- /root/TraderBOT/run.cjs
[2026-08-04T18:02:22.612Z] [SUCCESS] Collector enabled → BTCUSDT.okx_spot
[2026-08-04T18:02:22.612Z] [INFO] Collector enabled → BTCUSDT.okx_spot
[2026-08-04T18:02:22.613Z] [INFO] Enabling collector → BTCUSDT.okx_futures
[2026-08-04T18:02:22.614Z] [INFO] Connecting OKX Futures WS → wss://ws.okx.com:8443/ws/v5/public
[2026-08-04T18:02:22.616Z] [SUCCESS] OKX Futures Enterprise Collector Started → BTCUSDT
[2026-08-04T18:02:22.616Z] [SUCCESS] Collector started → BTCUSDT.okx_futures
[2026-08-04T18:02:22.616Z] [SUCCESS] Collector enabled → BTCUSDT.okx_futures
[2026-08-04T18:02:22.616Z] [INFO] Collector enabled → BTCUSDT.okx_futures
[2026-08-04T18:02:22.616Z] [INFO] Enabling collector → BTCUSDT.kucoin_spot
[2026-08-04T18:02:22.618Z] [ERROR] CollectorLoader error → BTCUSDT.kucoin_spot: Cannot find module '../orderbook/depth_clusters.cjs'
Require stack:
- /root/TraderBOT/collector/realtime/spot/exchanges/kucoin_spot-realtime.cjs
- /root/TraderBOT/orchestrator/utils/collector-loader.cjs
- /root/TraderBOT/orchestrator/utils/module-manager.cjs
- /root/TraderBOT/orchestrator/core/orchestrator.cjs
- /root/TraderBOT/run.cjs
[2026-08-04T18:02:22.618Z] [SUCCESS] Collector enabled → BTCUSDT.kucoin_spot
[2026-08-04T18:02:22.618Z] [INFO] Collector enabled → BTCUSDT.kucoin_spot
[2026-08-04T18:02:22.618Z] [INFO] Enabling collector → BTCUSDT.kucoin_futures
[2026-08-04T18:02:22.620Z] [ERROR] CollectorLoader error → BTCUSDT.kucoin_futures: Cannot find module '../orderbook/depth_5.cjs'
Require stack:
- /root/TraderBOT/collector/realtime/futures/exchanges/kucoin_futures-realtime.cjs
- /root/TraderBOT/orchestrator/utils/collector-loader.cjs
- /root/TraderBOT/orchestrator/utils/module-manager.cjs
- /root/TraderBOT/orchestrator/core/orchestrator.cjs
- /root/TraderBOT/run.cjs
[2026-08-04T18:02:22.621Z] [SUCCESS] Collector enabled → BTCUSDT.kucoin_futures
[2026-08-04T18:02:22.621Z] [INFO] Collector enabled → BTCUSDT.kucoin_futures
[2026-08-04T18:02:22.621Z] [INFO] Enabling collector → BTCUSDT.bitget_spot
[2026-08-04T18:02:22.623Z] [ERROR] CollectorLoader error → BTCUSDT.bitget_spot: Cannot find module '../orderbook/depth_clusters.cjs'
Require stack:
- /root/TraderBOT/collector/realtime/spot/exchanges/bitget_spot-realtime.cjs
- /root/TraderBOT/orchestrator/utils/collector-loader.cjs
- /root/TraderBOT/orchestrator/utils/module-manager.cjs
- /root/TraderBOT/orchestrator/core/orchestrator.cjs
- /root/TraderBOT/run.cjs
[2026-08-04T18:02:22.623Z] [SUCCESS] Collector enabled → BTCUSDT.bitget_spot
[2026-08-04T18:02:22.623Z] [INFO] Collector enabled → BTCUSDT.bitget_spot
[2026-08-04T18:02:22.624Z] [INFO] Enabling collector → BTCUSDT.bitget_futures
[2026-08-04T18:02:22.626Z] [INFO] Connecting Bitget Futures WS → wss://ws.bitget.com/v2/ws/public
[2026-08-04T18:02:22.628Z] [SUCCESS] Bitget Futures Enterprise Collector Started → BTCUSDT
[2026-08-04T18:02:22.629Z] [SUCCESS] Collector started → BTCUSDT.bitget_futures
[2026-08-04T18:02:22.629Z] [SUCCESS] Collector enabled → BTCUSDT.bitget_futures
[2026-08-04T18:02:22.630Z] [INFO] Collector enabled → BTCUSDT.bitget_futures
[2026-08-04T18:02:22.630Z] [INFO] Enabling collector → ETHUSDT.binance_spot
[2026-08-04T18:02:22.632Z] [ERROR] CollectorLoader error → ETHUSDT.binance_spot: Cannot find module '../orderbook/depth_clusters.cjs'
Require stack:
- /root/TraderBOT/collector/realtime/spot/exchanges/binance_spot-realtime.cjs
- /root/TraderBOT/orchestrator/utils/collector-loader.cjs
- /root/TraderBOT/orchestrator/utils/module-manager.cjs
- /root/TraderBOT/orchestrator/core/orchestrator.cjs
- /root/TraderBOT/run.cjs
[2026-08-04T18:02:22.632Z] [SUCCESS] Collector enabled → ETHUSDT.binance_spot
[2026-08-04T18:02:22.632Z] [INFO] Collector enabled → ETHUSDT.binance_spot
[2026-08-04T18:02:22.633Z] [INFO] Enabling collector → ETHUSDT.binance_futures
[2026-08-04T18:02:22.633Z] [INFO] Connecting Binance Futures WS → wss://fstream.binance.com/stream?streams=ethusdt@trade/ethusdt@aggTrade/ethusdt@depth/ethusdt@bookTicker/ethusdt@markPrice/ethusdt@funding/ethusdt@kline_1m/ethusdt@forceOrder
[2026-08-04T18:02:22.637Z] [SUCCESS] Binance Futures Enterprise Collector Started → ETHUSDT
[2026-08-04T18:02:22.637Z] [SUCCESS] Collector started → ETHUSDT.binance_futures
[2026-08-04T18:02:22.637Z] [SUCCESS] Collector enabled → ETHUSDT.binance_futures
[2026-08-04T18:02:22.637Z] [INFO] Collector enabled → ETHUSDT.binance_futures
[2026-08-04T18:02:22.638Z] [INFO] Enabling collector → ETHUSDT.bybit_spot
[2026-08-04T18:02:22.640Z] [ERROR] CollectorLoader error → ETHUSDT.bybit_spot: Cannot find module '../orderbook/depth_clusters.cjs'
Require stack:
- /root/TraderBOT/collector/realtime/spot/exchanges/bybit_spot-realtime.cjs
- /root/TraderBOT/orchestrator/utils/collector-loader.cjs
- /root/TraderBOT/orchestrator/utils/module-manager.cjs
- /root/TraderBOT/orchestrator/core/orchestrator.cjs
- /root/TraderBOT/run.cjs
[2026-08-04T18:02:22.640Z] [SUCCESS] Collector enabled → ETHUSDT.bybit_spot
[2026-08-04T18:02:22.640Z] [INFO] Collector enabled → ETHUSDT.bybit_spot
[2026-08-04T18:02:22.641Z] [INFO] Enabling collector → ETHUSDT.bybit_futures
[2026-08-04T18:02:22.641Z] [INFO] Connecting Bybit Futures WS → wss://stream.bybit.com/v5/public/linear
[2026-08-04T18:02:22.643Z] [SUCCESS] Bybit Futures Enterprise Collector Started → ETHUSDT
[2026-08-04T18:02:22.644Z] [SUCCESS] Collector started → ETHUSDT.bybit_futures
[2026-08-04T18:02:22.644Z] [SUCCESS] Collector enabled → ETHUSDT.bybit_futures
[2026-08-04T18:02:22.645Z] [INFO] Collector enabled → ETHUSDT.bybit_futures
[2026-08-04T18:02:22.645Z] [INFO] Enabling collector → ETHUSDT.okx_spot
[2026-08-04T18:02:22.646Z] [ERROR] CollectorLoader error → ETHUSDT.okx_spot: Cannot find module '../orderbook/depth_clusters.cjs'
Require stack:
- /root/TraderBOT/collector/realtime/spot/exchanges/okx_spot-realtime.cjs
- /root/TraderBOT/orchestrator/utils/collector-loader.cjs
- /root/TraderBOT/orchestrator/utils/module-manager.cjs
- /root/TraderBOT/orchestrator/core/orchestrator.cjs
- /root/TraderBOT/run.cjs
[2026-08-04T18:02:22.647Z] [SUCCESS] Collector enabled → ETHUSDT.okx_spot
[2026-08-04T18:02:22.647Z] [INFO] Collector enabled → ETHUSDT.okx_spot
[2026-08-04T18:02:22.647Z] [INFO] Enabling collector → ETHUSDT.okx_futures
[2026-08-04T18:02:22.648Z] [INFO] Connecting OKX Futures WS → wss://ws.okx.com:8443/ws/v5/public
[2026-08-04T18:02:22.649Z] [SUCCESS] OKX Futures Enterprise Collector Started → ETHUSDT
[2026-08-04T18:02:22.649Z] [SUCCESS] Collector started → ETHUSDT.okx_futures
[2026-08-04T18:02:22.650Z] [SUCCESS] Collector enabled → ETHUSDT.okx_futures
[2026-08-04T18:02:22.650Z] [INFO] Collector enabled → ETHUSDT.okx_futures
[2026-08-04T18:02:22.650Z] [INFO] Enabling collector → ETHUSDT.kucoin_spot
[2026-08-04T18:02:22.651Z] [ERROR] CollectorLoader error → ETHUSDT.kucoin_spot: Cannot find module '../orderbook/depth_clusters.cjs'
Require stack:
- /root/TraderBOT/collector/realtime/spot/exchanges/kucoin_spot-realtime.cjs
- /root/TraderBOT/orchestrator/utils/collector-loader.cjs
- /root/TraderBOT/orchestrator/utils/module-manager.cjs
- /root/TraderBOT/orchestrator/core/orchestrator.cjs
- /root/TraderBOT/run.cjs
[2026-08-04T18:02:22.651Z] [SUCCESS] Collector enabled → ETHUSDT.kucoin_spot
[2026-08-04T18:02:22.651Z] [INFO] Collector enabled → ETHUSDT.kucoin_spot
[2026-08-04T18:02:22.651Z] [INFO] Enabling collector → ETHUSDT.kucoin_futures
[2026-08-04T18:02:22.653Z] [ERROR] CollectorLoader error → ETHUSDT.kucoin_futures: Cannot find module '../orderbook/depth_5.cjs'
Require stack:
- /root/TraderBOT/collector/realtime/futures/exchanges/kucoin_futures-realtime.cjs
- /root/TraderBOT/orchestrator/utils/collector-loader.cjs
- /root/TraderBOT/orchestrator/utils/module-manager.cjs
- /root/TraderBOT/orchestrator/core/orchestrator.cjs
- /root/TraderBOT/run.cjs
[2026-08-04T18:02:22.653Z] [SUCCESS] Collector enabled → ETHUSDT.kucoin_futures
[2026-08-04T18:02:22.653Z] [INFO] Collector enabled → ETHUSDT.kucoin_futures
[2026-08-04T18:02:22.654Z] [INFO] Enabling collector → ETHUSDT.bitget_spot
[2026-08-04T18:02:22.654Z] [ERROR] CollectorLoader error → ETHUSDT.bitget_spot: Cannot find module '../orderbook/depth_clusters.cjs'
Require stack:
- /root/TraderBOT/collector/realtime/spot/exchanges/bitget_spot-realtime.cjs
- /root/TraderBOT/orchestrator/utils/collector-loader.cjs
- /root/TraderBOT/orchestrator/utils/module-manager.cjs
- /root/TraderBOT/orchestrator/core/orchestrator.cjs
- /root/TraderBOT/run.cjs
[2026-08-04T18:02:22.655Z] [SUCCESS] Collector enabled → ETHUSDT.bitget_spot
[2026-08-04T18:02:22.655Z] [INFO] Collector enabled → ETHUSDT.bitget_spot
[2026-08-04T18:02:22.655Z] [INFO] Enabling collector → ETHUSDT.bitget_futures
[2026-08-04T18:02:22.655Z] [INFO] Connecting Bitget Futures WS → wss://ws.bitget.com/v2/ws/public
[2026-08-04T18:02:22.656Z] [SUCCESS] Bitget Futures Enterprise Collector Started → ETHUSDT
[2026-08-04T18:02:22.656Z] [SUCCESS] Collector started → ETHUSDT.bitget_futures
[2026-08-04T18:02:22.656Z] [SUCCESS] Collector enabled → ETHUSDT.bitget_futures
[2026-08-04T18:02:22.657Z] [INFO] Collector enabled → ETHUSDT.bitget_futures
[2026-08-04T18:02:23.177Z] [SUCCESS] WS Connected → Bybit Futures (ETHUSDT)
[2026-08-04T18:02:23.185Z] [SUCCESS] WS Connected → Bybit Futures (BTCUSDT)
[2026-08-04T18:02:23.355Z] [SUCCESS] WS Connected → Binance Futures (BTCUSDT)
[2026-08-04T18:02:23.358Z] [SUCCESS] WS Connected → Binance Futures (ETHUSDT)
[2026-08-04T18:02:23.368Z] [SUCCESS] WS Connected → Bitget Futures (BTCUSDT)
[2026-08-04T18:02:23.371Z] [SUCCESS] WS Connected → Bitget Futures (ETHUSDT)
[2026-08-04T18:02:23.390Z] [SUCCESS] WS Connected → OKX Futures (BTC-USDT-SWAP)
[2026-08-04T18:02:23.397Z] [SUCCESS] WS Connected → OKX Futures (ETH-USDT-SWAP)
[2026-08-04T18:30:41.969Z] [INFO] Orchestrator starting...
[2026-08-04T18:30:41.981Z] [INFO] SymbolEngine initialized.
[2026-08-04T18:30:41.981Z] [INFO] BackoffEngine initialized.
[2026-08-04T18:30:41.982Z] [INFO] KillSwitchEngine initialized.
[2026-08-04T18:30:41.982Z] [INFO] ModuleManager initialized.
[2026-08-04T18:30:41.982Z] [INFO] StateManager initialized.
[2026-08-04T18:30:41.982Z] [SUCCESS] Orchestrator fully initialized.
[2026-08-04T18:30:41.983Z] [INFO] Enabling collector → BTCUSDT.binance_spot
[2026-08-04T18:30:42.032Z] [ERROR] CollectorLoader error → BTCUSDT.binance_spot: Cannot find module '../orderbook/depth_clusters.cjs'
Require stack:
- /root/TraderBOT/collector/realtime/spot/exchanges/binance_spot-realtime.cjs
- /root/TraderBOT/orchestrator/utils/collector-loader.cjs
- /root/TraderBOT/orchestrator/utils/module-manager.cjs
- /root/TraderBOT/orchestrator/core/orchestrator.cjs
- /root/TraderBOT/run.cjs
[2026-08-04T18:30:42.032Z] [SUCCESS] Collector enabled → BTCUSDT.binance_spot
[2026-08-04T18:30:42.033Z] [INFO] Collector enabled → BTCUSDT.binance_spot
[2026-08-04T18:30:42.033Z] [INFO] Enabling collector → BTCUSDT.binance_futures
[2026-08-04T18:30:42.058Z] [INFO] Connecting Binance Futures WS → wss://fstream.binance.com/stream?streams=btcusdt@trade/btcusdt@aggTrade/btcusdt@depth/btcusdt@bookTicker/btcusdt@markPrice/btcusdt@funding/btcusdt@kline_1m/btcusdt@forceOrder
[2026-08-04T18:30:42.108Z] [SUCCESS] Binance Futures Enterprise Collector Started → BTCUSDT
[2026-08-04T18:30:42.108Z] [SUCCESS] Collector started → BTCUSDT.binance_futures
[2026-08-04T18:30:42.108Z] [SUCCESS] Collector enabled → BTCUSDT.binance_futures
[2026-08-04T18:30:42.109Z] [INFO] Collector enabled → BTCUSDT.binance_futures
[2026-08-04T18:30:42.109Z] [INFO] Enabling collector → BTCUSDT.bybit_spot
[2026-08-04T18:30:42.111Z] [ERROR] CollectorLoader error → BTCUSDT.bybit_spot: Cannot find module '../orderbook/depth_clusters.cjs'
Require stack:
- /root/TraderBOT/collector/realtime/spot/exchanges/bybit_spot-realtime.cjs
- /root/TraderBOT/orchestrator/utils/collector-loader.cjs
- /root/TraderBOT/orchestrator/utils/module-manager.cjs
- /root/TraderBOT/orchestrator/core/orchestrator.cjs
- /root/TraderBOT/run.cjs
[2026-08-04T18:30:42.111Z] [SUCCESS] Collector enabled → BTCUSDT.bybit_spot
[2026-08-04T18:30:42.111Z] [INFO] Collector enabled → BTCUSDT.bybit_spot
[2026-08-04T18:30:42.111Z] [INFO] Enabling collector → BTCUSDT.bybit_futures
[2026-08-04T18:30:42.113Z] [INFO] Connecting Bybit Futures WS → wss://stream.bybit.com/v5/public/linear
[2026-08-04T18:30:42.115Z] [SUCCESS] Bybit Futures Enterprise Collector Started → BTCUSDT
[2026-08-04T18:30:42.116Z] [SUCCESS] Collector started → BTCUSDT.bybit_futures
[2026-08-04T18:30:42.116Z] [SUCCESS] Collector enabled → BTCUSDT.bybit_futures
[2026-08-04T18:30:42.116Z] [INFO] Collector enabled → BTCUSDT.bybit_futures
[2026-08-04T18:30:42.116Z] [INFO] Enabling collector → BTCUSDT.okx_spot
[2026-08-04T18:30:42.117Z] [ERROR] CollectorLoader error → BTCUSDT.okx_spot: Cannot find module '../orderbook/depth_clusters.cjs'
Require stack:
- /root/TraderBOT/collector/realtime/spot/exchanges/okx_spot-realtime.cjs
- /root/TraderBOT/orchestrator/utils/collector-loader.cjs
- /root/TraderBOT/orchestrator/utils/module-manager.cjs
- /root/TraderBOT/orchestrator/core/orchestrator.cjs
- /root/TraderBOT/run.cjs
[2026-08-04T18:30:42.118Z] [SUCCESS] Collector enabled → BTCUSDT.okx_spot
[2026-08-04T18:30:42.118Z] [INFO] Collector enabled → BTCUSDT.okx_spot
[2026-08-04T18:30:42.118Z] [INFO] Enabling collector → BTCUSDT.okx_futures
[2026-08-04T18:30:42.119Z] [INFO] Connecting OKX Futures WS → wss://ws.okx.com:8443/ws/v5/public
[2026-08-04T18:30:42.121Z] [SUCCESS] OKX Futures Enterprise Collector Started → BTCUSDT
[2026-08-04T18:30:42.121Z] [SUCCESS] Collector started → BTCUSDT.okx_futures
[2026-08-04T18:30:42.121Z] [SUCCESS] Collector enabled → BTCUSDT.okx_futures
[2026-08-04T18:30:42.121Z] [INFO] Collector enabled → BTCUSDT.okx_futures
[2026-08-04T18:30:42.121Z] [INFO] Enabling collector → BTCUSDT.kucoin_spot
[2026-08-04T18:30:42.122Z] [ERROR] CollectorLoader error → BTCUSDT.kucoin_spot: Cannot find module '../orderbook/depth_clusters.cjs'
Require stack:
- /root/TraderBOT/collector/realtime/spot/exchanges/kucoin_spot-realtime.cjs
- /root/TraderBOT/orchestrator/utils/collector-loader.cjs
- /root/TraderBOT/orchestrator/utils/module-manager.cjs
- /root/TraderBOT/orchestrator/core/orchestrator.cjs
- /root/TraderBOT/run.cjs
[2026-08-04T18:30:42.122Z] [SUCCESS] Collector enabled → BTCUSDT.kucoin_spot
[2026-08-04T18:30:42.122Z] [INFO] Collector enabled → BTCUSDT.kucoin_spot
[2026-08-04T18:30:42.122Z] [INFO] Enabling collector → BTCUSDT.kucoin_futures
[2026-08-04T18:30:42.123Z] [ERROR] CollectorLoader error → BTCUSDT.kucoin_futures: Cannot find module '../orderbook/depth_5.cjs'
Require stack:
- /root/TraderBOT/collector/realtime/futures/exchanges/kucoin_futures-realtime.cjs
- /root/TraderBOT/orchestrator/utils/collector-loader.cjs
- /root/TraderBOT/orchestrator/utils/module-manager.cjs
- /root/TraderBOT/orchestrator/core/orchestrator.cjs
- /root/TraderBOT/run.cjs
[2026-08-04T18:30:42.123Z] [SUCCESS] Collector enabled → BTCUSDT.kucoin_futures
[2026-08-04T18:30:42.123Z] [INFO] Collector enabled → BTCUSDT.kucoin_futures
[2026-08-04T18:30:42.123Z] [INFO] Enabling collector → BTCUSDT.bitget_spot
[2026-08-04T18:30:42.124Z] [ERROR] CollectorLoader error → BTCUSDT.bitget_spot: Cannot find module '../orderbook/depth_clusters.cjs'
Require stack:
- /root/TraderBOT/collector/realtime/spot/exchanges/bitget_spot-realtime.cjs
- /root/TraderBOT/orchestrator/utils/collector-loader.cjs
- /root/TraderBOT/orchestrator/utils/module-manager.cjs
- /root/TraderBOT/orchestrator/core/orchestrator.cjs
- /root/TraderBOT/run.cjs
[2026-08-04T18:30:42.124Z] [SUCCESS] Collector enabled → BTCUSDT.bitget_spot
[2026-08-04T18:30:42.124Z] [INFO] Collector enabled → BTCUSDT.bitget_spot
[2026-08-04T18:30:42.124Z] [INFO] Enabling collector → BTCUSDT.bitget_futures
[2026-08-04T18:30:42.126Z] [INFO] Connecting Bitget Futures WS → wss://ws.bitget.com/v2/ws/public
[2026-08-04T18:30:42.127Z] [SUCCESS] Bitget Futures Enterprise Collector Started → BTCUSDT
[2026-08-04T18:30:42.127Z] [SUCCESS] Collector started → BTCUSDT.bitget_futures
[2026-08-04T18:30:42.127Z] [SUCCESS] Collector enabled → BTCUSDT.bitget_futures
[2026-08-04T18:30:42.127Z] [INFO] Collector enabled → BTCUSDT.bitget_futures
[2026-08-04T18:30:42.127Z] [INFO] Enabling collector → ETHUSDT.binance_spot
[2026-08-04T18:30:42.128Z] [ERROR] CollectorLoader error → ETHUSDT.binance_spot: Cannot find module '../orderbook/depth_clusters.cjs'
Require stack:
- /root/TraderBOT/collector/realtime/spot/exchanges/binance_spot-realtime.cjs
- /root/TraderBOT/orchestrator/utils/collector-loader.cjs
- /root/TraderBOT/orchestrator/utils/module-manager.cjs
- /root/TraderBOT/orchestrator/core/orchestrator.cjs
- /root/TraderBOT/run.cjs
[2026-08-04T18:30:42.128Z] [SUCCESS] Collector enabled → ETHUSDT.binance_spot
[2026-08-04T18:30:42.128Z] [INFO] Collector enabled → ETHUSDT.binance_spot
[2026-08-04T18:30:42.128Z] [INFO] Enabling collector → ETHUSDT.binance_futures
[2026-08-04T18:30:42.128Z] [INFO] Connecting Binance Futures WS → wss://fstream.binance.com/stream?streams=ethusdt@trade/ethusdt@aggTrade/ethusdt@depth/ethusdt@bookTicker/ethusdt@markPrice/ethusdt@funding/ethusdt@kline_1m/ethusdt@forceOrder
[2026-08-04T18:30:42.129Z] [SUCCESS] Binance Futures Enterprise Collector Started → ETHUSDT
[2026-08-04T18:30:42.130Z] [SUCCESS] Collector started → ETHUSDT.binance_futures
[2026-08-04T18:30:42.130Z] [SUCCESS] Collector enabled → ETHUSDT.binance_futures
[2026-08-04T18:30:42.130Z] [INFO] Collector enabled → ETHUSDT.binance_futures
[2026-08-04T18:30:42.130Z] [INFO] Enabling collector → ETHUSDT.bybit_spot
[2026-08-04T18:30:42.133Z] [ERROR] CollectorLoader error → ETHUSDT.bybit_spot: Cannot find module '../orderbook/depth_clusters.cjs'
Require stack:
- /root/TraderBOT/collector/realtime/spot/exchanges/bybit_spot-realtime.cjs
- /root/TraderBOT/orchestrator/utils/collector-loader.cjs
- /root/TraderBOT/orchestrator/utils/module-manager.cjs
- /root/TraderBOT/orchestrator/core/orchestrator.cjs
- /root/TraderBOT/run.cjs
[2026-08-04T18:30:42.133Z] [SUCCESS] Collector enabled → ETHUSDT.bybit_spot
[2026-08-04T18:30:42.133Z] [INFO] Collector enabled → ETHUSDT.bybit_spot
[2026-08-04T18:30:42.133Z] [INFO] Enabling collector → ETHUSDT.bybit_futures
[2026-08-04T18:30:42.133Z] [INFO] Connecting Bybit Futures WS → wss://stream.bybit.com/v5/public/linear
[2026-08-04T18:30:42.134Z] [SUCCESS] Bybit Futures Enterprise Collector Started → ETHUSDT
[2026-08-04T18:30:42.134Z] [SUCCESS] Collector started → ETHUSDT.bybit_futures
[2026-08-04T18:30:42.134Z] [SUCCESS] Collector enabled → ETHUSDT.bybit_futures
[2026-08-04T18:30:42.134Z] [INFO] Collector enabled → ETHUSDT.bybit_futures
[2026-08-04T18:30:42.134Z] [INFO] Enabling collector → ETHUSDT.okx_spot
[2026-08-04T18:30:42.135Z] [ERROR] CollectorLoader error → ETHUSDT.okx_spot: Cannot find module '../orderbook/depth_clusters.cjs'
Require stack:
- /root/TraderBOT/collector/realtime/spot/exchanges/okx_spot-realtime.cjs
- /root/TraderBOT/orchestrator/utils/collector-loader.cjs
- /root/TraderBOT/orchestrator/utils/module-manager.cjs
- /root/TraderBOT/orchestrator/core/orchestrator.cjs
- /root/TraderBOT/run.cjs
[2026-08-04T18:30:42.135Z] [SUCCESS] Collector enabled → ETHUSDT.okx_spot
[2026-08-04T18:30:42.135Z] [INFO] Collector enabled → ETHUSDT.okx_spot
[2026-08-04T18:30:42.135Z] [INFO] Enabling collector → ETHUSDT.okx_futures
[2026-08-04T18:30:42.135Z] [INFO] Connecting OKX Futures WS → wss://ws.okx.com:8443/ws/v5/public
[2026-08-04T18:30:42.137Z] [SUCCESS] OKX Futures Enterprise Collector Started → ETHUSDT
[2026-08-04T18:30:42.137Z] [SUCCESS] Collector started → ETHUSDT.okx_futures
[2026-08-04T18:30:42.137Z] [SUCCESS] Collector enabled → ETHUSDT.okx_futures
[2026-08-04T18:30:42.137Z] [INFO] Collector enabled → ETHUSDT.okx_futures
[2026-08-04T18:30:42.137Z] [INFO] Enabling collector → ETHUSDT.kucoin_spot
[2026-08-04T18:30:42.138Z] [ERROR] CollectorLoader error → ETHUSDT.kucoin_spot: Cannot find module '../orderbook/depth_clusters.cjs'
Require stack:
- /root/TraderBOT/collector/realtime/spot/exchanges/kucoin_spot-realtime.cjs
- /root/TraderBOT/orchestrator/utils/collector-loader.cjs
- /root/TraderBOT/orchestrator/utils/module-manager.cjs
- /root/TraderBOT/orchestrator/core/orchestrator.cjs
- /root/TraderBOT/run.cjs
[2026-08-04T18:30:42.138Z] [SUCCESS] Collector enabled → ETHUSDT.kucoin_spot
[2026-08-04T18:30:42.138Z] [INFO] Collector enabled → ETHUSDT.kucoin_spot
[2026-08-04T18:30:42.138Z] [INFO] Enabling collector → ETHUSDT.kucoin_futures
[2026-08-04T18:30:42.140Z] [ERROR] CollectorLoader error → ETHUSDT.kucoin_futures: Cannot find module '../orderbook/depth_5.cjs'
Require stack:
- /root/TraderBOT/collector/realtime/futures/exchanges/kucoin_futures-realtime.cjs
- /root/TraderBOT/orchestrator/utils/collector-loader.cjs
- /root/TraderBOT/orchestrator/utils/module-manager.cjs
- /root/TraderBOT/orchestrator/core/orchestrator.cjs
- /root/TraderBOT/run.cjs
[2026-08-04T18:30:42.140Z] [SUCCESS] Collector enabled → ETHUSDT.kucoin_futures
[2026-08-04T18:30:42.140Z] [INFO] Collector enabled → ETHUSDT.kucoin_futures
[2026-08-04T18:30:42.141Z] [INFO] Enabling collector → ETHUSDT.bitget_spot
[2026-08-04T18:30:42.141Z] [ERROR] CollectorLoader error → ETHUSDT.bitget_spot: Cannot find module '../orderbook/depth_clusters.cjs'
Require stack:
- /root/TraderBOT/collector/realtime/spot/exchanges/bitget_spot-realtime.cjs
- /root/TraderBOT/orchestrator/utils/collector-loader.cjs
- /root/TraderBOT/orchestrator/utils/module-manager.cjs
- /root/TraderBOT/orchestrator/core/orchestrator.cjs
- /root/TraderBOT/run.cjs
[2026-08-04T18:30:42.141Z] [SUCCESS] Collector enabled → ETHUSDT.bitget_spot
[2026-08-04T18:30:42.141Z] [INFO] Collector enabled → ETHUSDT.bitget_spot
[2026-08-04T18:30:42.141Z] [INFO] Enabling collector → ETHUSDT.bitget_futures
[2026-08-04T18:30:42.141Z] [INFO] Connecting Bitget Futures WS → wss://ws.bitget.com/v2/ws/public
[2026-08-04T18:30:42.143Z] [SUCCESS] Bitget Futures Enterprise Collector Started → ETHUSDT
[2026-08-04T18:30:42.144Z] [SUCCESS] Collector started → ETHUSDT.bitget_futures
[2026-08-04T18:30:42.144Z] [SUCCESS] Collector enabled → ETHUSDT.bitget_futures
[2026-08-04T18:30:42.144Z] [INFO] Collector enabled → ETHUSDT.bitget_futures
[2026-08-04T18:30:42.667Z] [SUCCESS] WS Connected → Bybit Futures (BTCUSDT)
[2026-08-04T18:30:42.669Z] [SUCCESS] WS Connected → Bybit Futures (ETHUSDT)
[2026-08-04T18:30:42.842Z] [SUCCESS] WS Connected → Binance Futures (BTCUSDT)
[2026-08-04T18:30:42.847Z] [SUCCESS] WS Connected → Binance Futures (ETHUSDT)
[2026-08-04T18:30:42.865Z] [SUCCESS] WS Connected → Bitget Futures (ETHUSDT)
[2026-08-04T18:30:42.870Z] [SUCCESS] WS Connected → Bitget Futures (BTCUSDT)
[2026-08-04T18:30:42.896Z] [SUCCESS] WS Connected → OKX Futures (ETH-USDT-SWAP)
[2026-08-04T18:30:42.925Z] [SUCCESS] WS Connected → OKX Futures (BTC-USDT-SWAP)
[2026-08-04T18:39:52.993Z] [INFO] Orchestrator starting...
[2026-08-04T18:39:53.004Z] [INFO] SymbolEngine initialized.
[2026-08-04T18:39:53.005Z] [INFO] BackoffEngine initialized.
[2026-08-04T18:39:53.005Z] [INFO] KillSwitchEngine initialized.
[2026-08-04T18:39:53.005Z] [INFO] ModuleManager initialized.
[2026-08-04T18:39:53.006Z] [INFO] StateManager initialized.
[2026-08-04T18:39:53.007Z] [SUCCESS] Orchestrator fully initialized.
[2026-08-04T18:39:53.007Z] [INFO] Enabling collector → BTCUSDT.binance_spot
[2026-08-04T18:39:53.058Z] [ERROR] CollectorLoader error → BTCUSDT.binance_spot: Cannot find module '../orderbook/depth_clusters.cjs'
Require stack:
- /root/TraderBOT/collector/realtime/spot/exchanges/binance_spot-realtime.cjs
- /root/TraderBOT/orchestrator/utils/collector-loader.cjs
- /root/TraderBOT/orchestrator/utils/module-manager.cjs
- /root/TraderBOT/orchestrator/core/orchestrator.cjs
- /root/TraderBOT/run.cjs
[2026-08-04T18:39:53.059Z] [SUCCESS] Collector enabled → BTCUSDT.binance_spot
[2026-08-04T18:39:53.059Z] [INFO] Collector enabled → BTCUSDT.binance_spot
[2026-08-04T18:39:53.059Z] [INFO] Enabling collector → BTCUSDT.binance_futures
[2026-08-04T18:39:53.086Z] [INFO] Connecting Binance Futures WS → wss://fstream.binance.com/stream?streams=btcusdt@trade/btcusdt@aggTrade/btcusdt@depth/btcusdt@bookTicker/btcusdt@markPrice/btcusdt@funding/btcusdt@kline_1m/btcusdt@forceOrder
[2026-08-04T18:39:53.124Z] [SUCCESS] Binance Futures Enterprise Collector Started → BTCUSDT
[2026-08-04T18:39:53.124Z] [SUCCESS] Collector started → BTCUSDT.binance_futures
[2026-08-04T18:39:53.124Z] [SUCCESS] Collector enabled → BTCUSDT.binance_futures
[2026-08-04T18:39:53.124Z] [INFO] Collector enabled → BTCUSDT.binance_futures
[2026-08-04T18:39:53.124Z] [INFO] Enabling collector → BTCUSDT.bybit_spot
[2026-08-04T18:39:53.125Z] [ERROR] CollectorLoader error → BTCUSDT.bybit_spot: Cannot find module '../orderbook/depth_clusters.cjs'
Require stack:
- /root/TraderBOT/collector/realtime/spot/exchanges/bybit_spot-realtime.cjs
- /root/TraderBOT/orchestrator/utils/collector-loader.cjs
- /root/TraderBOT/orchestrator/utils/module-manager.cjs
- /root/TraderBOT/orchestrator/core/orchestrator.cjs
- /root/TraderBOT/run.cjs
[2026-08-04T18:39:53.126Z] [SUCCESS] Collector enabled → BTCUSDT.bybit_spot
[2026-08-04T18:39:53.126Z] [INFO] Collector enabled → BTCUSDT.bybit_spot
[2026-08-04T18:39:53.127Z] [INFO] Enabling collector → BTCUSDT.bybit_futures
[2026-08-04T18:39:53.128Z] [INFO] Connecting Bybit Futures WS → wss://stream.bybit.com/v5/public/linear
[2026-08-04T18:39:53.129Z] [SUCCESS] Bybit Futures Enterprise Collector Started → BTCUSDT
[2026-08-04T18:39:53.130Z] [SUCCESS] Collector started → BTCUSDT.bybit_futures
[2026-08-04T18:39:53.130Z] [SUCCESS] Collector enabled → BTCUSDT.bybit_futures
[2026-08-04T18:39:53.130Z] [INFO] Collector enabled → BTCUSDT.bybit_futures
[2026-08-04T18:39:53.130Z] [INFO] Enabling collector → BTCUSDT.okx_spot
[2026-08-04T18:39:53.131Z] [ERROR] CollectorLoader error → BTCUSDT.okx_spot: Cannot find module '../orderbook/depth_clusters.cjs'
Require stack:
- /root/TraderBOT/collector/realtime/spot/exchanges/okx_spot-realtime.cjs
- /root/TraderBOT/orchestrator/utils/collector-loader.cjs
- /root/TraderBOT/orchestrator/utils/module-manager.cjs
- /root/TraderBOT/orchestrator/core/orchestrator.cjs
- /root/TraderBOT/run.cjs
[2026-08-04T18:39:53.131Z] [SUCCESS] Collector enabled → BTCUSDT.okx_spot
[2026-08-04T18:39:53.131Z] [INFO] Collector enabled → BTCUSDT.okx_spot
[2026-08-04T18:39:53.131Z] [INFO] Enabling collector → BTCUSDT.okx_futures
[2026-08-04T18:39:53.133Z] [INFO] Connecting OKX Futures WS → wss://ws.okx.com:8443/ws/v5/public
[2026-08-04T18:39:53.134Z] [SUCCESS] OKX Futures Enterprise Collector Started → BTCUSDT
[2026-08-04T18:39:53.134Z] [SUCCESS] Collector started → BTCUSDT.okx_futures
[2026-08-04T18:39:53.134Z] [SUCCESS] Collector enabled → BTCUSDT.okx_futures
[2026-08-04T18:39:53.134Z] [INFO] Collector enabled → BTCUSDT.okx_futures
[2026-08-04T18:39:53.134Z] [INFO] Enabling collector → BTCUSDT.kucoin_spot
[2026-08-04T18:39:53.135Z] [ERROR] CollectorLoader error → BTCUSDT.kucoin_spot: Cannot find module '../orderbook/depth_clusters.cjs'
Require stack:
- /root/TraderBOT/collector/realtime/spot/exchanges/kucoin_spot-realtime.cjs
- /root/TraderBOT/orchestrator/utils/collector-loader.cjs
- /root/TraderBOT/orchestrator/utils/module-manager.cjs
- /root/TraderBOT/orchestrator/core/orchestrator.cjs
- /root/TraderBOT/run.cjs
[2026-08-04T18:39:53.135Z] [SUCCESS] Collector enabled → BTCUSDT.kucoin_spot
[2026-08-04T18:39:53.135Z] [INFO] Collector enabled → BTCUSDT.kucoin_spot
[2026-08-04T18:39:53.136Z] [INFO] Enabling collector → BTCUSDT.kucoin_futures
[2026-08-04T18:39:53.137Z] [ERROR] CollectorLoader error → BTCUSDT.kucoin_futures: Cannot find module '../orderbook/depth_5.cjs'
Require stack:
- /root/TraderBOT/collector/realtime/futures/exchanges/kucoin_futures-realtime.cjs
- /root/TraderBOT/orchestrator/utils/collector-loader.cjs
- /root/TraderBOT/orchestrator/utils/module-manager.cjs
- /root/TraderBOT/orchestrator/core/orchestrator.cjs
- /root/TraderBOT/run.cjs
[2026-08-04T18:39:53.137Z] [SUCCESS] Collector enabled → BTCUSDT.kucoin_futures
[2026-08-04T18:39:53.137Z] [INFO] Collector enabled → BTCUSDT.kucoin_futures
[2026-08-04T18:39:53.137Z] [INFO] Enabling collector → BTCUSDT.bitget_spot
[2026-08-04T18:39:53.138Z] [ERROR] CollectorLoader error → BTCUSDT.bitget_spot: Cannot find module '../orderbook/depth_clusters.cjs'
Require stack:
- /root/TraderBOT/collector/realtime/spot/exchanges/bitget_spot-realtime.cjs
- /root/TraderBOT/orchestrator/utils/collector-loader.cjs
- /root/TraderBOT/orchestrator/utils/module-manager.cjs
- /root/TraderBOT/orchestrator/core/orchestrator.cjs
- /root/TraderBOT/run.cjs
[2026-08-04T18:39:53.138Z] [SUCCESS] Collector enabled → BTCUSDT.bitget_spot
[2026-08-04T18:39:53.138Z] [INFO] Collector enabled → BTCUSDT.bitget_spot
[2026-08-04T18:39:53.138Z] [INFO] Enabling collector → BTCUSDT.bitget_futures
[2026-08-04T18:39:53.140Z] [INFO] Connecting Bitget Futures WS → wss://ws.bitget.com/v2/ws/public
[2026-08-04T18:39:53.141Z] [SUCCESS] Bitget Futures Enterprise Collector Started → BTCUSDT
[2026-08-04T18:39:53.141Z] [SUCCESS] Collector started → BTCUSDT.bitget_futures
[2026-08-04T18:39:53.141Z] [SUCCESS] Collector enabled → BTCUSDT.bitget_futures
[2026-08-04T18:39:53.141Z] [INFO] Collector enabled → BTCUSDT.bitget_futures
[2026-08-04T18:39:53.141Z] [INFO] Enabling collector → ETHUSDT.binance_spot
[2026-08-04T18:39:53.142Z] [ERROR] CollectorLoader error → ETHUSDT.binance_spot: Cannot find module '../orderbook/depth_clusters.cjs'
Require stack:
- /root/TraderBOT/collector/realtime/spot/exchanges/binance_spot-realtime.cjs
- /root/TraderBOT/orchestrator/utils/collector-loader.cjs
- /root/TraderBOT/orchestrator/utils/module-manager.cjs
- /root/TraderBOT/orchestrator/core/orchestrator.cjs
- /root/TraderBOT/run.cjs
[2026-08-04T18:39:53.142Z] [SUCCESS] Collector enabled → ETHUSDT.binance_spot
[2026-08-04T18:39:53.143Z] [INFO] Collector enabled → ETHUSDT.binance_spot
[2026-08-04T18:39:53.143Z] [INFO] Enabling collector → ETHUSDT.binance_futures
[2026-08-04T18:39:53.143Z] [INFO] Connecting Binance Futures WS → wss://fstream.binance.com/stream?streams=ethusdt@trade/ethusdt@aggTrade/ethusdt@depth/ethusdt@bookTicker/ethusdt@markPrice/ethusdt@funding/ethusdt@kline_1m/ethusdt@forceOrder
[2026-08-04T18:39:53.144Z] [SUCCESS] Binance Futures Enterprise Collector Started → ETHUSDT
[2026-08-04T18:39:53.144Z] [SUCCESS] Collector started → ETHUSDT.binance_futures
[2026-08-04T18:39:53.144Z] [SUCCESS] Collector enabled → ETHUSDT.binance_futures
[2026-08-04T18:39:53.144Z] [INFO] Collector enabled → ETHUSDT.binance_futures
[2026-08-04T18:39:53.145Z] [INFO] Enabling collector → ETHUSDT.bybit_spot
[2026-08-04T18:39:53.145Z] [ERROR] CollectorLoader error → ETHUSDT.bybit_spot: Cannot find module '../orderbook/depth_clusters.cjs'
Require stack:
- /root/TraderBOT/collector/realtime/spot/exchanges/bybit_spot-realtime.cjs
- /root/TraderBOT/orchestrator/utils/collector-loader.cjs
- /root/TraderBOT/orchestrator/utils/module-manager.cjs
- /root/TraderBOT/orchestrator/core/orchestrator.cjs
- /root/TraderBOT/run.cjs
[2026-08-04T18:39:53.145Z] [SUCCESS] Collector enabled → ETHUSDT.bybit_spot
[2026-08-04T18:39:53.146Z] [INFO] Collector enabled → ETHUSDT.bybit_spot
[2026-08-04T18:39:53.146Z] [INFO] Enabling collector → ETHUSDT.bybit_futures
[2026-08-04T18:39:53.146Z] [INFO] Connecting Bybit Futures WS → wss://stream.bybit.com/v5/public/linear
[2026-08-04T18:39:53.147Z] [SUCCESS] Bybit Futures Enterprise Collector Started → ETHUSDT
[2026-08-04T18:39:53.147Z] [SUCCESS] Collector started → ETHUSDT.bybit_futures
[2026-08-04T18:39:53.147Z] [SUCCESS] Collector enabled → ETHUSDT.bybit_futures
[2026-08-04T18:39:53.147Z] [INFO] Collector enabled → ETHUSDT.bybit_futures
[2026-08-04T18:39:53.147Z] [INFO] Enabling collector → ETHUSDT.okx_spot
[2026-08-04T18:39:53.148Z] [ERROR] CollectorLoader error → ETHUSDT.okx_spot: Cannot find module '../orderbook/depth_clusters.cjs'
Require stack:
- /root/TraderBOT/collector/realtime/spot/exchanges/okx_spot-realtime.cjs
- /root/TraderBOT/orchestrator/utils/collector-loader.cjs
- /root/TraderBOT/orchestrator/utils/module-manager.cjs
- /root/TraderBOT/orchestrator/core/orchestrator.cjs
- /root/TraderBOT/run.cjs
[2026-08-04T18:39:53.148Z] [SUCCESS] Collector enabled → ETHUSDT.okx_spot
[2026-08-04T18:39:53.148Z] [INFO] Collector enabled → ETHUSDT.okx_spot
[2026-08-04T18:39:53.148Z] [INFO] Enabling collector → ETHUSDT.okx_futures
[2026-08-04T18:39:53.148Z] [INFO] Connecting OKX Futures WS → wss://ws.okx.com:8443/ws/v5/public
[2026-08-04T18:39:53.150Z] [SUCCESS] OKX Futures Enterprise Collector Started → ETHUSDT
[2026-08-04T18:39:53.150Z] [SUCCESS] Collector started → ETHUSDT.okx_futures
[2026-08-04T18:39:53.150Z] [SUCCESS] Collector enabled → ETHUSDT.okx_futures
[2026-08-04T18:39:53.150Z] [INFO] Collector enabled → ETHUSDT.okx_futures
[2026-08-04T18:39:53.151Z] [INFO] Enabling collector → ETHUSDT.kucoin_spot
[2026-08-04T18:39:53.152Z] [ERROR] CollectorLoader error → ETHUSDT.kucoin_spot: Cannot find module '../orderbook/depth_clusters.cjs'
Require stack:
- /root/TraderBOT/collector/realtime/spot/exchanges/kucoin_spot-realtime.cjs
- /root/TraderBOT/orchestrator/utils/collector-loader.cjs
- /root/TraderBOT/orchestrator/utils/module-manager.cjs
- /root/TraderBOT/orchestrator/core/orchestrator.cjs
- /root/TraderBOT/run.cjs
[2026-08-04T18:39:53.152Z] [SUCCESS] Collector enabled → ETHUSDT.kucoin_spot
[2026-08-04T18:39:53.152Z] [INFO] Collector enabled → ETHUSDT.kucoin_spot
[2026-08-04T18:39:53.152Z] [INFO] Enabling collector → ETHUSDT.kucoin_futures
[2026-08-04T18:39:53.154Z] [ERROR] CollectorLoader error → ETHUSDT.kucoin_futures: Cannot find module '../orderbook/depth_5.cjs'
Require stack:
- /root/TraderBOT/collector/realtime/futures/exchanges/kucoin_futures-realtime.cjs
- /root/TraderBOT/orchestrator/utils/collector-loader.cjs
- /root/TraderBOT/orchestrator/utils/module-manager.cjs
- /root/TraderBOT/orchestrator/core/orchestrator.cjs
- /root/TraderBOT/run.cjs
[2026-08-04T18:39:53.154Z] [SUCCESS] Collector enabled → ETHUSDT.kucoin_futures
[2026-08-04T18:39:53.154Z] [INFO] Collector enabled → ETHUSDT.kucoin_futures
[2026-08-04T18:39:53.155Z] [INFO] Enabling collector → ETHUSDT.bitget_spot
[2026-08-04T18:39:53.155Z] [ERROR] CollectorLoader error → ETHUSDT.bitget_spot: Cannot find module '../orderbook/depth_clusters.cjs'
Require stack:
- /root/TraderBOT/collector/realtime/spot/exchanges/bitget_spot-realtime.cjs
- /root/TraderBOT/orchestrator/utils/collector-loader.cjs
- /root/TraderBOT/orchestrator/utils/module-manager.cjs
- /root/TraderBOT/orchestrator/core/orchestrator.cjs
- /root/TraderBOT/run.cjs
[2026-08-04T18:39:53.155Z] [SUCCESS] Collector enabled → ETHUSDT.bitget_spot
[2026-08-04T18:39:53.155Z] [INFO] Collector enabled → ETHUSDT.bitget_spot
[2026-08-04T18:39:53.155Z] [INFO] Enabling collector → ETHUSDT.bitget_futures
[2026-08-04T18:39:53.156Z] [INFO] Connecting Bitget Futures WS → wss://ws.bitget.com/v2/ws/public
[2026-08-04T18:39:53.157Z] [SUCCESS] Bitget Futures Enterprise Collector Started → ETHUSDT
[2026-08-04T18:39:53.157Z] [SUCCESS] Collector started → ETHUSDT.bitget_futures
[2026-08-04T18:39:53.157Z] [SUCCESS] Collector enabled → ETHUSDT.bitget_futures
[2026-08-04T18:39:53.157Z] [INFO] Collector enabled → ETHUSDT.bitget_futures
[2026-08-04T18:39:53.677Z] [SUCCESS] WS Connected → Bybit Futures (BTCUSDT)
[2026-08-04T18:39:53.679Z] [SUCCESS] WS Connected → Bybit Futures (ETHUSDT)
[2026-08-04T18:39:53.864Z] [SUCCESS] WS Connected → Binance Futures (BTCUSDT)
[2026-08-04T18:39:53.864Z] [SUCCESS] WS Connected → Binance Futures (ETHUSDT)
[2026-08-04T18:39:53.866Z] [SUCCESS] WS Connected → Bitget Futures (BTCUSDT)
[2026-08-04T18:39:53.880Z] [SUCCESS] WS Connected → Bitget Futures (ETHUSDT)
[2026-08-04T18:39:53.918Z] [SUCCESS] WS Connected → OKX Futures (ETH-USDT-SWAP)
[2026-08-04T18:39:53.950Z] [SUCCESS] WS Connected → OKX Futures (BTC-USDT-SWAP)
[2026-08-04T18:41:54.506Z] [INFO] Orchestrator starting...
[2026-08-04T18:41:54.517Z] [INFO] SymbolEngine initialized.
[2026-08-04T18:41:54.518Z] [INFO] BackoffEngine initialized.
[2026-08-04T18:41:54.518Z] [INFO] KillSwitchEngine initialized.
[2026-08-04T18:41:54.518Z] [INFO] ModuleManager initialized.
[2026-08-04T18:41:54.518Z] [INFO] StateManager initialized.
[2026-08-04T18:41:54.519Z] [SUCCESS] Orchestrator fully initialized.
[2026-08-04T18:41:54.521Z] [INFO] Enabling collector → BTCUSDT.binance_spot
[2026-08-04T18:41:54.570Z] [ERROR] CollectorLoader error → BTCUSDT.binance_spot: Cannot find module '../orderbook/depth_5.cjs'
Require stack:
- /root/TraderBOT/collector/realtime/spot/exchanges/binance_spot-realtime.cjs
- /root/TraderBOT/orchestrator/utils/collector-loader.cjs
- /root/TraderBOT/orchestrator/utils/module-manager.cjs
- /root/TraderBOT/orchestrator/core/orchestrator.cjs
- /root/TraderBOT/run.cjs
[2026-08-04T18:41:54.571Z] [SUCCESS] Collector enabled → BTCUSDT.binance_spot
[2026-08-04T18:41:54.571Z] [INFO] Collector enabled → BTCUSDT.binance_spot
[2026-08-04T18:41:54.572Z] [INFO] Enabling collector → BTCUSDT.binance_futures
[2026-08-04T18:41:54.592Z] [INFO] Connecting Binance Futures WS → wss://fstream.binance.com/stream?streams=btcusdt@trade/btcusdt@aggTrade/btcusdt@depth/btcusdt@bookTicker/btcusdt@markPrice/btcusdt@funding/btcusdt@kline_1m/btcusdt@forceOrder
[2026-08-04T18:41:54.634Z] [SUCCESS] Binance Futures Enterprise Collector Started → BTCUSDT
[2026-08-04T18:41:54.635Z] [SUCCESS] Collector started → BTCUSDT.binance_futures
[2026-08-04T18:41:54.635Z] [SUCCESS] Collector enabled → BTCUSDT.binance_futures
[2026-08-04T18:41:54.635Z] [INFO] Collector enabled → BTCUSDT.binance_futures
[2026-08-04T18:41:54.636Z] [INFO] Enabling collector → BTCUSDT.bybit_spot
[2026-08-04T18:41:54.637Z] [ERROR] CollectorLoader error → BTCUSDT.bybit_spot: Cannot find module '../orderbook/depth_50.cjs'
Require stack:
- /root/TraderBOT/collector/realtime/spot/exchanges/bybit_spot-realtime.cjs
- /root/TraderBOT/orchestrator/utils/collector-loader.cjs
- /root/TraderBOT/orchestrator/utils/module-manager.cjs
- /root/TraderBOT/orchestrator/core/orchestrator.cjs
- /root/TraderBOT/run.cjs
[2026-08-04T18:41:54.638Z] [SUCCESS] Collector enabled → BTCUSDT.bybit_spot
[2026-08-04T18:41:54.638Z] [INFO] Collector enabled → BTCUSDT.bybit_spot
[2026-08-04T18:41:54.639Z] [INFO] Enabling collector → BTCUSDT.bybit_futures
[2026-08-04T18:41:54.640Z] [INFO] Connecting Bybit Futures WS → wss://stream.bybit.com/v5/public/linear
[2026-08-04T18:41:54.641Z] [SUCCESS] Bybit Futures Enterprise Collector Started → BTCUSDT
[2026-08-04T18:41:54.642Z] [SUCCESS] Collector started → BTCUSDT.bybit_futures
[2026-08-04T18:41:54.642Z] [SUCCESS] Collector enabled → BTCUSDT.bybit_futures
[2026-08-04T18:41:54.642Z] [INFO] Collector enabled → BTCUSDT.bybit_futures
[2026-08-04T18:41:54.642Z] [INFO] Enabling collector → BTCUSDT.okx_spot
[2026-08-04T18:41:54.643Z] [ERROR] CollectorLoader error → BTCUSDT.okx_spot: Cannot find module '../orderbook/depth_50.cjs'
Require stack:
- /root/TraderBOT/collector/realtime/spot/exchanges/okx_spot-realtime.cjs
- /root/TraderBOT/orchestrator/utils/collector-loader.cjs
- /root/TraderBOT/orchestrator/utils/module-manager.cjs
- /root/TraderBOT/orchestrator/core/orchestrator.cjs
- /root/TraderBOT/run.cjs
[2026-08-04T18:41:54.643Z] [SUCCESS] Collector enabled → BTCUSDT.okx_spot
[2026-08-04T18:41:54.643Z] [INFO] Collector enabled → BTCUSDT.okx_spot
[2026-08-04T18:41:54.644Z] [INFO] Enabling collector → BTCUSDT.okx_futures
[2026-08-04T18:41:54.645Z] [INFO] Connecting OKX Futures WS → wss://ws.okx.com:8443/ws/v5/public
[2026-08-04T18:41:54.647Z] [SUCCESS] OKX Futures Enterprise Collector Started → BTCUSDT
[2026-08-04T18:41:54.647Z] [SUCCESS] Collector started → BTCUSDT.okx_futures
[2026-08-04T18:41:54.648Z] [SUCCESS] Collector enabled → BTCUSDT.okx_futures
[2026-08-04T18:41:54.648Z] [INFO] Collector enabled → BTCUSDT.okx_futures
[2026-08-04T18:41:54.648Z] [INFO] Enabling collector → BTCUSDT.kucoin_spot
[2026-08-04T18:41:54.649Z] [ERROR] CollectorLoader error → BTCUSDT.kucoin_spot: Cannot find module '../orderbook/depth_5.cjs'
Require stack:
- /root/TraderBOT/collector/realtime/spot/exchanges/kucoin_spot-realtime.cjs
- /root/TraderBOT/orchestrator/utils/collector-loader.cjs
- /root/TraderBOT/orchestrator/utils/module-manager.cjs
- /root/TraderBOT/orchestrator/core/orchestrator.cjs
- /root/TraderBOT/run.cjs
[2026-08-04T18:41:54.649Z] [SUCCESS] Collector enabled → BTCUSDT.kucoin_spot
[2026-08-04T18:41:54.649Z] [INFO] Collector enabled → BTCUSDT.kucoin_spot
[2026-08-04T18:41:54.649Z] [INFO] Enabling collector → BTCUSDT.kucoin_futures
[2026-08-04T18:41:54.651Z] [ERROR] CollectorLoader error → BTCUSDT.kucoin_futures: Cannot find module '../orderbook/depth_5.cjs'
Require stack:
- /root/TraderBOT/collector/realtime/futures/exchanges/kucoin_futures-realtime.cjs
- /root/TraderBOT/orchestrator/utils/collector-loader.cjs
- /root/TraderBOT/orchestrator/utils/module-manager.cjs
- /root/TraderBOT/orchestrator/core/orchestrator.cjs
- /root/TraderBOT/run.cjs
[2026-08-04T18:41:54.651Z] [SUCCESS] Collector enabled → BTCUSDT.kucoin_futures
[2026-08-04T18:41:54.651Z] [INFO] Collector enabled → BTCUSDT.kucoin_futures
[2026-08-04T18:41:54.651Z] [INFO] Enabling collector → BTCUSDT.bitget_spot
[2026-08-04T18:41:54.652Z] [ERROR] CollectorLoader error → BTCUSDT.bitget_spot: Cannot find module '../orderbook/depth_50.cjs'
Require stack:
- /root/TraderBOT/collector/realtime/spot/exchanges/bitget_spot-realtime.cjs
- /root/TraderBOT/orchestrator/utils/collector-loader.cjs
- /root/TraderBOT/orchestrator/utils/module-manager.cjs
- /root/TraderBOT/orchestrator/core/orchestrator.cjs
- /root/TraderBOT/run.cjs
[2026-08-04T18:41:54.653Z] [SUCCESS] Collector enabled → BTCUSDT.bitget_spot
[2026-08-04T18:41:54.653Z] [INFO] Collector enabled → BTCUSDT.bitget_spot
[2026-08-04T18:41:54.653Z] [INFO] Enabling collector → BTCUSDT.bitget_futures
[2026-08-04T18:41:54.655Z] [INFO] Connecting Bitget Futures WS → wss://ws.bitget.com/v2/ws/public
[2026-08-04T18:41:54.657Z] [SUCCESS] Bitget Futures Enterprise Collector Started → BTCUSDT
[2026-08-04T18:41:54.657Z] [SUCCESS] Collector started → BTCUSDT.bitget_futures
[2026-08-04T18:41:54.657Z] [SUCCESS] Collector enabled → BTCUSDT.bitget_futures
[2026-08-04T18:41:54.657Z] [INFO] Collector enabled → BTCUSDT.bitget_futures
[2026-08-04T18:41:54.657Z] [INFO] Enabling collector → ETHUSDT.binance_spot
[2026-08-04T18:41:54.659Z] [ERROR] CollectorLoader error → ETHUSDT.binance_spot: Cannot find module '../orderbook/depth_5.cjs'
Require stack:
- /root/TraderBOT/collector/realtime/spot/exchanges/binance_spot-realtime.cjs
- /root/TraderBOT/orchestrator/utils/collector-loader.cjs
- /root/TraderBOT/orchestrator/utils/module-manager.cjs
- /root/TraderBOT/orchestrator/core/orchestrator.cjs
- /root/TraderBOT/run.cjs
[2026-08-04T18:41:54.659Z] [SUCCESS] Collector enabled → ETHUSDT.binance_spot
[2026-08-04T18:41:54.659Z] [INFO] Collector enabled → ETHUSDT.binance_spot
[2026-08-04T18:41:54.659Z] [INFO] Enabling collector → ETHUSDT.binance_futures
[2026-08-04T18:41:54.659Z] [INFO] Connecting Binance Futures WS → wss://fstream.binance.com/stream?streams=ethusdt@trade/ethusdt@aggTrade/ethusdt@depth/ethusdt@bookTicker/ethusdt@markPrice/ethusdt@funding/ethusdt@kline_1m/ethusdt@forceOrder
[2026-08-04T18:41:54.661Z] [SUCCESS] Binance Futures Enterprise Collector Started → ETHUSDT
[2026-08-04T18:41:54.661Z] [SUCCESS] Collector started → ETHUSDT.binance_futures
[2026-08-04T18:41:54.661Z] [SUCCESS] Collector enabled → ETHUSDT.binance_futures
[2026-08-04T18:41:54.661Z] [INFO] Collector enabled → ETHUSDT.binance_futures
[2026-08-04T18:41:54.661Z] [INFO] Enabling collector → ETHUSDT.bybit_spot
[2026-08-04T18:41:54.662Z] [ERROR] CollectorLoader error → ETHUSDT.bybit_spot: Cannot find module '../orderbook/depth_50.cjs'
Require stack:
- /root/TraderBOT/collector/realtime/spot/exchanges/bybit_spot-realtime.cjs
- /root/TraderBOT/orchestrator/utils/collector-loader.cjs
- /root/TraderBOT/orchestrator/utils/module-manager.cjs
- /root/TraderBOT/orchestrator/core/orchestrator.cjs
- /root/TraderBOT/run.cjs
[2026-08-04T18:41:54.663Z] [SUCCESS] Collector enabled → ETHUSDT.bybit_spot
[2026-08-04T18:41:54.663Z] [INFO] Collector enabled → ETHUSDT.bybit_spot
[2026-08-04T18:41:54.663Z] [INFO] Enabling collector → ETHUSDT.bybit_futures
[2026-08-04T18:41:54.663Z] [INFO] Connecting Bybit Futures WS → wss://stream.bybit.com/v5/public/linear
[2026-08-04T18:41:54.665Z] [SUCCESS] Bybit Futures Enterprise Collector Started → ETHUSDT
[2026-08-04T18:41:54.665Z] [SUCCESS] Collector started → ETHUSDT.bybit_futures
[2026-08-04T18:41:54.665Z] [SUCCESS] Collector enabled → ETHUSDT.bybit_futures
[2026-08-04T18:41:54.665Z] [INFO] Collector enabled → ETHUSDT.bybit_futures
[2026-08-04T18:41:54.665Z] [INFO] Enabling collector → ETHUSDT.okx_spot
[2026-08-04T18:41:54.666Z] [ERROR] CollectorLoader error → ETHUSDT.okx_spot: Cannot find module '../orderbook/depth_50.cjs'
Require stack:
- /root/TraderBOT/collector/realtime/spot/exchanges/okx_spot-realtime.cjs
- /root/TraderBOT/orchestrator/utils/collector-loader.cjs
- /root/TraderBOT/orchestrator/utils/module-manager.cjs
- /root/TraderBOT/orchestrator/core/orchestrator.cjs
- /root/TraderBOT/run.cjs
[2026-08-04T18:41:54.666Z] [SUCCESS] Collector enabled → ETHUSDT.okx_spot
[2026-08-04T18:41:54.666Z] [INFO] Collector enabled → ETHUSDT.okx_spot
[2026-08-04T18:41:54.666Z] [INFO] Enabling collector → ETHUSDT.okx_futures
[2026-08-04T18:41:54.666Z] [INFO] Connecting OKX Futures WS → wss://ws.okx.com:8443/ws/v5/public
[2026-08-04T18:41:54.667Z] [SUCCESS] OKX Futures Enterprise Collector Started → ETHUSDT
[2026-08-04T18:41:54.668Z] [SUCCESS] Collector started → ETHUSDT.okx_futures
[2026-08-04T18:41:54.668Z] [SUCCESS] Collector enabled → ETHUSDT.okx_futures
[2026-08-04T18:41:54.668Z] [INFO] Collector enabled → ETHUSDT.okx_futures
[2026-08-04T18:41:54.668Z] [INFO] Enabling collector → ETHUSDT.kucoin_spot
[2026-08-04T18:41:54.669Z] [ERROR] CollectorLoader error → ETHUSDT.kucoin_spot: Cannot find module '../orderbook/depth_5.cjs'
Require stack:
- /root/TraderBOT/collector/realtime/spot/exchanges/kucoin_spot-realtime.cjs
- /root/TraderBOT/orchestrator/utils/collector-loader.cjs
- /root/TraderBOT/orchestrator/utils/module-manager.cjs
- /root/TraderBOT/orchestrator/core/orchestrator.cjs
- /root/TraderBOT/run.cjs
[2026-08-04T18:41:54.669Z] [SUCCESS] Collector enabled → ETHUSDT.kucoin_spot
[2026-08-04T18:41:54.669Z] [INFO] Collector enabled → ETHUSDT.kucoin_spot
[2026-08-04T18:41:54.669Z] [INFO] Enabling collector → ETHUSDT.kucoin_futures
[2026-08-04T18:41:54.670Z] [ERROR] CollectorLoader error → ETHUSDT.kucoin_futures: Cannot find module '../orderbook/depth_5.cjs'
Require stack:
- /root/TraderBOT/collector/realtime/futures/exchanges/kucoin_futures-realtime.cjs
- /root/TraderBOT/orchestrator/utils/collector-loader.cjs
- /root/TraderBOT/orchestrator/utils/module-manager.cjs
- /root/TraderBOT/orchestrator/core/orchestrator.cjs
- /root/TraderBOT/run.cjs
[2026-08-04T18:41:54.670Z] [SUCCESS] Collector enabled → ETHUSDT.kucoin_futures
[2026-08-04T18:41:54.670Z] [INFO] Collector enabled → ETHUSDT.kucoin_futures
[2026-08-04T18:41:54.670Z] [INFO] Enabling collector → ETHUSDT.bitget_spot
[2026-08-04T18:41:54.671Z] [ERROR] CollectorLoader error → ETHUSDT.bitget_spot: Cannot find module '../orderbook/depth_50.cjs'
Require stack:
- /root/TraderBOT/collector/realtime/spot/exchanges/bitget_spot-realtime.cjs
- /root/TraderBOT/orchestrator/utils/collector-loader.cjs
- /root/TraderBOT/orchestrator/utils/module-manager.cjs
- /root/TraderBOT/orchestrator/core/orchestrator.cjs
- /root/TraderBOT/run.cjs
[2026-08-04T18:41:54.671Z] [SUCCESS] Collector enabled → ETHUSDT.bitget_spot
[2026-08-04T18:41:54.671Z] [INFO] Collector enabled → ETHUSDT.bitget_spot
[2026-08-04T18:41:54.671Z] [INFO] Enabling collector → ETHUSDT.bitget_futures
[2026-08-04T18:41:54.671Z] [INFO] Connecting Bitget Futures WS → wss://ws.bitget.com/v2/ws/public
[2026-08-04T18:41:54.672Z] [SUCCESS] Bitget Futures Enterprise Collector Started → ETHUSDT
[2026-08-04T18:41:54.672Z] [SUCCESS] Collector started → ETHUSDT.bitget_futures
[2026-08-04T18:41:54.672Z] [SUCCESS] Collector enabled → ETHUSDT.bitget_futures
[2026-08-04T18:41:54.672Z] [INFO] Collector enabled → ETHUSDT.bitget_futures
[2026-08-04T18:41:55.197Z] [SUCCESS] WS Connected → Bybit Futures (BTCUSDT)
[2026-08-04T18:41:55.199Z] [SUCCESS] WS Connected → Bybit Futures (ETHUSDT)
[2026-08-04T18:41:55.371Z] [SUCCESS] WS Connected → Binance Futures (BTCUSDT)
[2026-08-04T18:41:55.374Z] [SUCCESS] WS Connected → Binance Futures (ETHUSDT)
[2026-08-04T18:41:55.383Z] [SUCCESS] WS Connected → Bitget Futures (BTCUSDT)
[2026-08-04T18:41:55.390Z] [SUCCESS] WS Connected → Bitget Futures (ETHUSDT)
[2026-08-04T18:41:55.416Z] [SUCCESS] WS Connected → OKX Futures (BTC-USDT-SWAP)
[2026-08-04T18:41:55.432Z] [SUCCESS] WS Connected → OKX Futures (ETH-USDT-SWAP)
[2026-08-04T18:44:00.226Z] [INFO] Orchestrator starting...
[2026-08-04T18:44:00.238Z] [INFO] SymbolEngine initialized.
[2026-08-04T18:44:00.239Z] [INFO] BackoffEngine initialized.
[2026-08-04T18:44:00.239Z] [INFO] KillSwitchEngine initialized.
[2026-08-04T18:44:00.239Z] [INFO] ModuleManager initialized.
[2026-08-04T18:44:00.239Z] [INFO] StateManager initialized.
[2026-08-04T18:44:00.240Z] [SUCCESS] Orchestrator fully initialized.
[2026-08-04T18:44:00.241Z] [INFO] Enabling collector → BTCUSDT.binance_spot
[2026-08-04T18:44:00.277Z] [ERROR] CollectorLoader error → BTCUSDT.binance_spot: Cannot find module '../orderbook/depth_200.cjs'
Require stack:
- /root/TraderBOT/collector/realtime/spot/exchanges/binance_spot-realtime.cjs
- /root/TraderBOT/orchestrator/utils/collector-loader.cjs
- /root/TraderBOT/orchestrator/utils/module-manager.cjs
- /root/TraderBOT/orchestrator/core/orchestrator.cjs
- /root/TraderBOT/run.cjs
[2026-08-04T18:44:00.278Z] [SUCCESS] Collector enabled → BTCUSDT.binance_spot
[2026-08-04T18:44:00.279Z] [INFO] Collector enabled → BTCUSDT.binance_spot
[2026-08-04T18:44:00.279Z] [INFO] Enabling collector → BTCUSDT.binance_futures
[2026-08-04T18:44:00.297Z] [INFO] Connecting Binance Futures WS → wss://fstream.binance.com/stream?streams=btcusdt@trade/btcusdt@aggTrade/btcusdt@depth/btcusdt@bookTicker/btcusdt@markPrice/btcusdt@funding/btcusdt@kline_1m/btcusdt@forceOrder
[2026-08-04T18:44:00.337Z] [SUCCESS] Binance Futures Enterprise Collector Started → BTCUSDT
[2026-08-04T18:44:00.337Z] [SUCCESS] Collector started → BTCUSDT.binance_futures
[2026-08-04T18:44:00.338Z] [SUCCESS] Collector enabled → BTCUSDT.binance_futures
[2026-08-04T18:44:00.338Z] [INFO] Collector enabled → BTCUSDT.binance_futures
[2026-08-04T18:44:00.338Z] [INFO] Enabling collector → BTCUSDT.bybit_spot
[2026-08-04T18:44:00.339Z] [ERROR] CollectorLoader error → BTCUSDT.bybit_spot: Cannot find module '../orderbook/depth_200.cjs'
Require stack:
- /root/TraderBOT/collector/realtime/spot/exchanges/bybit_spot-realtime.cjs
- /root/TraderBOT/orchestrator/utils/collector-loader.cjs
- /root/TraderBOT/orchestrator/utils/module-manager.cjs
- /root/TraderBOT/orchestrator/core/orchestrator.cjs
- /root/TraderBOT/run.cjs
[2026-08-04T18:44:00.340Z] [SUCCESS] Collector enabled → BTCUSDT.bybit_spot
[2026-08-04T18:44:00.340Z] [INFO] Collector enabled → BTCUSDT.bybit_spot
[2026-08-04T18:44:00.340Z] [INFO] Enabling collector → BTCUSDT.bybit_futures
[2026-08-04T18:44:00.342Z] [INFO] Connecting Bybit Futures WS → wss://stream.bybit.com/v5/public/linear
[2026-08-04T18:44:00.344Z] [SUCCESS] Bybit Futures Enterprise Collector Started → BTCUSDT
[2026-08-04T18:44:00.344Z] [SUCCESS] Collector started → BTCUSDT.bybit_futures
[2026-08-04T18:44:00.344Z] [SUCCESS] Collector enabled → BTCUSDT.bybit_futures
[2026-08-04T18:44:00.345Z] [INFO] Collector enabled → BTCUSDT.bybit_futures
[2026-08-04T18:44:00.345Z] [INFO] Enabling collector → BTCUSDT.okx_spot
[2026-08-04T18:44:00.346Z] [ERROR] CollectorLoader error → BTCUSDT.okx_spot: Cannot find module '../orderbook/depth_200.cjs'
Require stack:
- /root/TraderBOT/collector/realtime/spot/exchanges/okx_spot-realtime.cjs
- /root/TraderBOT/orchestrator/utils/collector-loader.cjs
- /root/TraderBOT/orchestrator/utils/module-manager.cjs
- /root/TraderBOT/orchestrator/core/orchestrator.cjs
- /root/TraderBOT/run.cjs
[2026-08-04T18:44:00.347Z] [SUCCESS] Collector enabled → BTCUSDT.okx_spot
[2026-08-04T18:44:00.347Z] [INFO] Collector enabled → BTCUSDT.okx_spot
[2026-08-04T18:44:00.347Z] [INFO] Enabling collector → BTCUSDT.okx_futures
[2026-08-04T18:44:00.348Z] [INFO] Connecting OKX Futures WS → wss://ws.okx.com:8443/ws/v5/public
[2026-08-04T18:44:00.350Z] [SUCCESS] OKX Futures Enterprise Collector Started → BTCUSDT
[2026-08-04T18:44:00.350Z] [SUCCESS] Collector started → BTCUSDT.okx_futures
[2026-08-04T18:44:00.351Z] [SUCCESS] Collector enabled → BTCUSDT.okx_futures
[2026-08-04T18:44:00.351Z] [INFO] Collector enabled → BTCUSDT.okx_futures
[2026-08-04T18:44:00.351Z] [INFO] Enabling collector → BTCUSDT.kucoin_spot
[2026-08-04T18:44:00.352Z] [ERROR] CollectorLoader error → BTCUSDT.kucoin_spot: Cannot find module '../orderbook/depth_20.cjs'
Require stack:
- /root/TraderBOT/collector/realtime/spot/exchanges/kucoin_spot-realtime.cjs
- /root/TraderBOT/orchestrator/utils/collector-loader.cjs
- /root/TraderBOT/orchestrator/utils/module-manager.cjs
- /root/TraderBOT/orchestrator/core/orchestrator.cjs
- /root/TraderBOT/run.cjs
[2026-08-04T18:44:00.352Z] [SUCCESS] Collector enabled → BTCUSDT.kucoin_spot
[2026-08-04T18:44:00.352Z] [INFO] Collector enabled → BTCUSDT.kucoin_spot
[2026-08-04T18:44:00.353Z] [INFO] Enabling collector → BTCUSDT.kucoin_futures
[2026-08-04T18:44:00.355Z] [ERROR] CollectorLoader error → BTCUSDT.kucoin_futures: Cannot find module '../orderbook/depth_5.cjs'
Require stack:
- /root/TraderBOT/collector/realtime/futures/exchanges/kucoin_futures-realtime.cjs
- /root/TraderBOT/orchestrator/utils/collector-loader.cjs
- /root/TraderBOT/orchestrator/utils/module-manager.cjs
- /root/TraderBOT/orchestrator/core/orchestrator.cjs
- /root/TraderBOT/run.cjs
[2026-08-04T18:44:00.355Z] [SUCCESS] Collector enabled → BTCUSDT.kucoin_futures
[2026-08-04T18:44:00.355Z] [INFO] Collector enabled → BTCUSDT.kucoin_futures
[2026-08-04T18:44:00.355Z] [INFO] Enabling collector → BTCUSDT.bitget_spot
[2026-08-04T18:44:00.356Z] [ERROR] CollectorLoader error → BTCUSDT.bitget_spot: Cannot find module '../orderbook/depth_200.cjs'
Require stack:
- /root/TraderBOT/collector/realtime/spot/exchanges/bitget_spot-realtime.cjs
- /root/TraderBOT/orchestrator/utils/collector-loader.cjs
- /root/TraderBOT/orchestrator/utils/module-manager.cjs
- /root/TraderBOT/orchestrator/core/orchestrator.cjs
- /root/TraderBOT/run.cjs
[2026-08-04T18:44:00.357Z] [SUCCESS] Collector enabled → BTCUSDT.bitget_spot
[2026-08-04T18:44:00.357Z] [INFO] Collector enabled → BTCUSDT.bitget_spot
[2026-08-04T18:44:00.357Z] [INFO] Enabling collector → BTCUSDT.bitget_futures
[2026-08-04T18:44:00.361Z] [INFO] Connecting Bitget Futures WS → wss://ws.bitget.com/v2/ws/public
[2026-08-04T18:44:00.365Z] [SUCCESS] Bitget Futures Enterprise Collector Started → BTCUSDT
[2026-08-04T18:44:00.366Z] [SUCCESS] Collector started → BTCUSDT.bitget_futures
[2026-08-04T18:44:00.366Z] [SUCCESS] Collector enabled → BTCUSDT.bitget_futures
[2026-08-04T18:44:00.366Z] [INFO] Collector enabled → BTCUSDT.bitget_futures
[2026-08-04T18:44:00.366Z] [INFO] Enabling collector → ETHUSDT.binance_spot
[2026-08-04T18:44:00.367Z] [ERROR] CollectorLoader error → ETHUSDT.binance_spot: Cannot find module '../orderbook/depth_200.cjs'
Require stack:
- /root/TraderBOT/collector/realtime/spot/exchanges/binance_spot-realtime.cjs
- /root/TraderBOT/orchestrator/utils/collector-loader.cjs
- /root/TraderBOT/orchestrator/utils/module-manager.cjs
- /root/TraderBOT/orchestrator/core/orchestrator.cjs
- /root/TraderBOT/run.cjs
[2026-08-04T18:44:00.367Z] [SUCCESS] Collector enabled → ETHUSDT.binance_spot
[2026-08-04T18:44:00.367Z] [INFO] Collector enabled → ETHUSDT.binance_spot
[2026-08-04T18:44:00.367Z] [INFO] Enabling collector → ETHUSDT.binance_futures
[2026-08-04T18:44:00.368Z] [INFO] Connecting Binance Futures WS → wss://fstream.binance.com/stream?streams=ethusdt@trade/ethusdt@aggTrade/ethusdt@depth/ethusdt@bookTicker/ethusdt@markPrice/ethusdt@funding/ethusdt@kline_1m/ethusdt@forceOrder
[2026-08-04T18:44:00.369Z] [SUCCESS] Binance Futures Enterprise Collector Started → ETHUSDT
[2026-08-04T18:44:00.369Z] [SUCCESS] Collector started → ETHUSDT.binance_futures
[2026-08-04T18:44:00.369Z] [SUCCESS] Collector enabled → ETHUSDT.binance_futures
[2026-08-04T18:44:00.369Z] [INFO] Collector enabled → ETHUSDT.binance_futures
[2026-08-04T18:44:00.370Z] [INFO] Enabling collector → ETHUSDT.bybit_spot
[2026-08-04T18:44:00.370Z] [ERROR] CollectorLoader error → ETHUSDT.bybit_spot: Cannot find module '../orderbook/depth_200.cjs'
Require stack:
- /root/TraderBOT/collector/realtime/spot/exchanges/bybit_spot-realtime.cjs
- /root/TraderBOT/orchestrator/utils/collector-loader.cjs
- /root/TraderBOT/orchestrator/utils/module-manager.cjs
- /root/TraderBOT/orchestrator/core/orchestrator.cjs
- /root/TraderBOT/run.cjs
[2026-08-04T18:44:00.371Z] [SUCCESS] Collector enabled → ETHUSDT.bybit_spot
[2026-08-04T18:44:00.371Z] [INFO] Collector enabled → ETHUSDT.bybit_spot
[2026-08-04T18:44:00.371Z] [INFO] Enabling collector → ETHUSDT.bybit_futures
[2026-08-04T18:44:00.371Z] [INFO] Connecting Bybit Futures WS → wss://stream.bybit.com/v5/public/linear
[2026-08-04T18:44:00.372Z] [SUCCESS] Bybit Futures Enterprise Collector Started → ETHUSDT
[2026-08-04T18:44:00.372Z] [SUCCESS] Collector started → ETHUSDT.bybit_futures
[2026-08-04T18:44:00.372Z] [SUCCESS] Collector enabled → ETHUSDT.bybit_futures
[2026-08-04T18:44:00.373Z] [INFO] Collector enabled → ETHUSDT.bybit_futures
[2026-08-04T18:44:00.373Z] [INFO] Enabling collector → ETHUSDT.okx_spot
[2026-08-04T18:44:00.374Z] [ERROR] CollectorLoader error → ETHUSDT.okx_spot: Cannot find module '../orderbook/depth_200.cjs'
Require stack:
- /root/TraderBOT/collector/realtime/spot/exchanges/okx_spot-realtime.cjs
- /root/TraderBOT/orchestrator/utils/collector-loader.cjs
- /root/TraderBOT/orchestrator/utils/module-manager.cjs
- /root/TraderBOT/orchestrator/core/orchestrator.cjs
- /root/TraderBOT/run.cjs
[2026-08-04T18:44:00.374Z] [SUCCESS] Collector enabled → ETHUSDT.okx_spot
[2026-08-04T18:44:00.374Z] [INFO] Collector enabled → ETHUSDT.okx_spot
[2026-08-04T18:44:00.374Z] [INFO] Enabling collector → ETHUSDT.okx_futures
[2026-08-04T18:44:00.374Z] [INFO] Connecting OKX Futures WS → wss://ws.okx.com:8443/ws/v5/public
[2026-08-04T18:44:00.375Z] [SUCCESS] OKX Futures Enterprise Collector Started → ETHUSDT
[2026-08-04T18:44:00.376Z] [SUCCESS] Collector started → ETHUSDT.okx_futures
[2026-08-04T18:44:00.376Z] [SUCCESS] Collector enabled → ETHUSDT.okx_futures
[2026-08-04T18:44:00.376Z] [INFO] Collector enabled → ETHUSDT.okx_futures
[2026-08-04T18:44:00.376Z] [INFO] Enabling collector → ETHUSDT.kucoin_spot
[2026-08-04T18:44:00.377Z] [ERROR] CollectorLoader error → ETHUSDT.kucoin_spot: Cannot find module '../orderbook/depth_20.cjs'
Require stack:
- /root/TraderBOT/collector/realtime/spot/exchanges/kucoin_spot-realtime.cjs
- /root/TraderBOT/orchestrator/utils/collector-loader.cjs
- /root/TraderBOT/orchestrator/utils/module-manager.cjs
- /root/TraderBOT/orchestrator/core/orchestrator.cjs
- /root/TraderBOT/run.cjs
[2026-08-04T18:44:00.378Z] [SUCCESS] Collector enabled → ETHUSDT.kucoin_spot
[2026-08-04T18:44:00.378Z] [INFO] Collector enabled → ETHUSDT.kucoin_spot
[2026-08-04T18:44:00.378Z] [INFO] Enabling collector → ETHUSDT.kucoin_futures
[2026-08-04T18:44:00.379Z] [ERROR] CollectorLoader error → ETHUSDT.kucoin_futures: Cannot find module '../orderbook/depth_5.cjs'
Require stack:
- /root/TraderBOT/collector/realtime/futures/exchanges/kucoin_futures-realtime.cjs
- /root/TraderBOT/orchestrator/utils/collector-loader.cjs
- /root/TraderBOT/orchestrator/utils/module-manager.cjs
- /root/TraderBOT/orchestrator/core/orchestrator.cjs
- /root/TraderBOT/run.cjs
[2026-08-04T18:44:00.379Z] [SUCCESS] Collector enabled → ETHUSDT.kucoin_futures
[2026-08-04T18:44:00.379Z] [INFO] Collector enabled → ETHUSDT.kucoin_futures
[2026-08-04T18:44:00.379Z] [INFO] Enabling collector → ETHUSDT.bitget_spot
[2026-08-04T18:44:00.380Z] [ERROR] CollectorLoader error → ETHUSDT.bitget_spot: Cannot find module '../orderbook/depth_200.cjs'
Require stack:
- /root/TraderBOT/collector/realtime/spot/exchanges/bitget_spot-realtime.cjs
- /root/TraderBOT/orchestrator/utils/collector-loader.cjs
- /root/TraderBOT/orchestrator/utils/module-manager.cjs
- /root/TraderBOT/orchestrator/core/orchestrator.cjs
- /root/TraderBOT/run.cjs
[2026-08-04T18:44:00.380Z] [SUCCESS] Collector enabled → ETHUSDT.bitget_spot
[2026-08-04T18:44:00.380Z] [INFO] Collector enabled → ETHUSDT.bitget_spot
[2026-08-04T18:44:00.380Z] [INFO] Enabling collector → ETHUSDT.bitget_futures
[2026-08-04T18:44:00.380Z] [INFO] Connecting Bitget Futures WS → wss://ws.bitget.com/v2/ws/public
[2026-08-04T18:44:00.381Z] [SUCCESS] Bitget Futures Enterprise Collector Started → ETHUSDT
[2026-08-04T18:44:00.381Z] [SUCCESS] Collector started → ETHUSDT.bitget_futures
[2026-08-04T18:44:00.381Z] [SUCCESS] Collector enabled → ETHUSDT.bitget_futures
[2026-08-04T18:44:00.382Z] [INFO] Collector enabled → ETHUSDT.bitget_futures
[2026-08-04T18:44:00.918Z] [SUCCESS] WS Connected → Bybit Futures (BTCUSDT)
[2026-08-04T18:44:00.925Z] [SUCCESS] WS Connected → Bybit Futures (ETHUSDT)
[2026-08-04T18:44:01.081Z] [SUCCESS] WS Connected → Binance Futures (BTCUSDT)
[2026-08-04T18:44:01.101Z] [SUCCESS] WS Connected → Bitget Futures (BTCUSDT)
[2026-08-04T18:44:01.105Z] [SUCCESS] WS Connected → Bitget Futures (ETHUSDT)
[2026-08-04T18:44:01.106Z] [SUCCESS] WS Connected → Binance Futures (ETHUSDT)
[2026-08-04T18:44:01.136Z] [SUCCESS] WS Connected → OKX Futures (BTC-USDT-SWAP)
[2026-08-04T18:44:01.230Z] [SUCCESS] WS Connected → OKX Futures (ETH-USDT-SWAP)
[2026-08-04T18:48:55.288Z] [INFO] Orchestrator starting...
[2026-08-04T18:48:55.298Z] [INFO] SymbolEngine initialized.
[2026-08-04T18:48:55.298Z] [INFO] BackoffEngine initialized.
[2026-08-04T18:48:55.298Z] [INFO] KillSwitchEngine initialized.
[2026-08-04T18:48:55.298Z] [INFO] ModuleManager initialized.
[2026-08-04T18:48:55.298Z] [INFO] StateManager initialized.
[2026-08-04T18:48:55.299Z] [SUCCESS] Orchestrator fully initialized.
[2026-08-04T18:48:55.299Z] [INFO] Enabling collector → BTCUSDT.binance_spot
[2026-08-04T18:48:55.336Z] [ERROR] CollectorLoader error → BTCUSDT.binance_spot: Cannot find module '../../../orchestrator/cluster/worker-context.cjs'
Require stack:
- /root/TraderBOT/collector/realtime/spot/orderbook/depth_absorption.cjs
- /root/TraderBOT/collector/realtime/spot/exchanges/binance_spot-realtime.cjs
- /root/TraderBOT/orchestrator/utils/collector-loader.cjs
- /root/TraderBOT/orchestrator/utils/module-manager.cjs
- /root/TraderBOT/orchestrator/core/orchestrator.cjs
- /root/TraderBOT/run.cjs
[2026-08-04T18:48:55.336Z] [SUCCESS] Collector enabled → BTCUSDT.binance_spot
[2026-08-04T18:48:55.336Z] [INFO] Collector enabled → BTCUSDT.binance_spot
[2026-08-04T18:48:55.337Z] [INFO] Enabling collector → BTCUSDT.binance_futures
[2026-08-04T18:48:55.351Z] [INFO] Connecting Binance Futures WS → wss://fstream.binance.com/stream?streams=btcusdt@trade/btcusdt@aggTrade/btcusdt@depth/btcusdt@bookTicker/btcusdt@markPrice/btcusdt@funding/btcusdt@kline_1m/btcusdt@forceOrder
[2026-08-04T18:48:55.395Z] [SUCCESS] Binance Futures Enterprise Collector Started → BTCUSDT
[2026-08-04T18:48:55.396Z] [SUCCESS] Collector started → BTCUSDT.binance_futures
[2026-08-04T18:48:55.396Z] [SUCCESS] Collector enabled → BTCUSDT.binance_futures
[2026-08-04T18:48:55.396Z] [INFO] Collector enabled → BTCUSDT.binance_futures
[2026-08-04T18:48:55.396Z] [INFO] Enabling collector → BTCUSDT.bybit_spot
[2026-08-04T18:48:55.397Z] [ERROR] CollectorLoader error → BTCUSDT.bybit_spot: Cannot find module '../../../orchestrator/cluster/worker-context.cjs'
Require stack:
- /root/TraderBOT/collector/realtime/spot/orderbook/depth_absorption.cjs
- /root/TraderBOT/collector/realtime/spot/exchanges/binance_spot-realtime.cjs
- /root/TraderBOT/orchestrator/utils/collector-loader.cjs
- /root/TraderBOT/orchestrator/utils/module-manager.cjs
- /root/TraderBOT/orchestrator/core/orchestrator.cjs
- /root/TraderBOT/run.cjs
[2026-08-04T18:48:55.398Z] [SUCCESS] Collector enabled → BTCUSDT.bybit_spot
[2026-08-04T18:48:55.398Z] [INFO] Collector enabled → BTCUSDT.bybit_spot
[2026-08-04T18:48:55.398Z] [INFO] Enabling collector → BTCUSDT.bybit_futures
[2026-08-04T18:48:55.399Z] [INFO] Connecting Bybit Futures WS → wss://stream.bybit.com/v5/public/linear
[2026-08-04T18:48:55.401Z] [SUCCESS] Bybit Futures Enterprise Collector Started → BTCUSDT
[2026-08-04T18:48:55.401Z] [SUCCESS] Collector started → BTCUSDT.bybit_futures
[2026-08-04T18:48:55.401Z] [SUCCESS] Collector enabled → BTCUSDT.bybit_futures
[2026-08-04T18:48:55.401Z] [INFO] Collector enabled → BTCUSDT.bybit_futures
[2026-08-04T18:48:55.401Z] [INFO] Enabling collector → BTCUSDT.okx_spot
[2026-08-04T18:48:55.402Z] [ERROR] CollectorLoader error → BTCUSDT.okx_spot: Cannot find module '../../../orchestrator/cluster/worker-context.cjs'
Require stack:
- /root/TraderBOT/collector/realtime/spot/orderbook/depth_absorption.cjs
- /root/TraderBOT/collector/realtime/spot/exchanges/binance_spot-realtime.cjs
- /root/TraderBOT/orchestrator/utils/collector-loader.cjs
- /root/TraderBOT/orchestrator/utils/module-manager.cjs
- /root/TraderBOT/orchestrator/core/orchestrator.cjs
- /root/TraderBOT/run.cjs
[2026-08-04T18:48:55.402Z] [SUCCESS] Collector enabled → BTCUSDT.okx_spot
[2026-08-04T18:48:55.403Z] [INFO] Collector enabled → BTCUSDT.okx_spot
[2026-08-04T18:48:55.403Z] [INFO] Enabling collector → BTCUSDT.okx_futures
[2026-08-04T18:48:55.404Z] [INFO] Connecting OKX Futures WS → wss://ws.okx.com:8443/ws/v5/public
[2026-08-04T18:48:55.405Z] [SUCCESS] OKX Futures Enterprise Collector Started → BTCUSDT
[2026-08-04T18:48:55.405Z] [SUCCESS] Collector started → BTCUSDT.okx_futures
[2026-08-04T18:48:55.406Z] [SUCCESS] Collector enabled → BTCUSDT.okx_futures
[2026-08-04T18:48:55.406Z] [INFO] Collector enabled → BTCUSDT.okx_futures
[2026-08-04T18:48:55.406Z] [INFO] Enabling collector → BTCUSDT.kucoin_spot
[2026-08-04T18:48:55.410Z] [ERROR] CollectorLoader error → BTCUSDT.kucoin_spot: Cannot find module '../../../orchestrator/cluster/worker-context.cjs'
Require stack:
- /root/TraderBOT/collector/realtime/spot/orderbook/depth_absorption.cjs
- /root/TraderBOT/collector/realtime/spot/exchanges/binance_spot-realtime.cjs
- /root/TraderBOT/orchestrator/utils/collector-loader.cjs
- /root/TraderBOT/orchestrator/utils/module-manager.cjs
- /root/TraderBOT/orchestrator/core/orchestrator.cjs
- /root/TraderBOT/run.cjs
[2026-08-04T18:48:55.410Z] [SUCCESS] Collector enabled → BTCUSDT.kucoin_spot
[2026-08-04T18:48:55.410Z] [INFO] Collector enabled → BTCUSDT.kucoin_spot
[2026-08-04T18:48:55.410Z] [INFO] Enabling collector → BTCUSDT.kucoin_futures
[2026-08-04T18:48:55.411Z] [ERROR] CollectorLoader error → BTCUSDT.kucoin_futures: Cannot find module '../orderbook/depth_5.cjs'
Require stack:
- /root/TraderBOT/collector/realtime/futures/exchanges/kucoin_futures-realtime.cjs
- /root/TraderBOT/orchestrator/utils/collector-loader.cjs
- /root/TraderBOT/orchestrator/utils/module-manager.cjs
- /root/TraderBOT/orchestrator/core/orchestrator.cjs
- /root/TraderBOT/run.cjs
[2026-08-04T18:48:55.411Z] [SUCCESS] Collector enabled → BTCUSDT.kucoin_futures
[2026-08-04T18:48:55.412Z] [INFO] Collector enabled → BTCUSDT.kucoin_futures
[2026-08-04T18:48:55.412Z] [INFO] Enabling collector → BTCUSDT.bitget_spot
[2026-08-04T18:48:55.413Z] [ERROR] CollectorLoader error → BTCUSDT.bitget_spot: Cannot find module '../../../orchestrator/cluster/worker-context.cjs'
Require stack:
- /root/TraderBOT/collector/realtime/spot/orderbook/depth_absorption.cjs
- /root/TraderBOT/collector/realtime/spot/exchanges/binance_spot-realtime.cjs
- /root/TraderBOT/orchestrator/utils/collector-loader.cjs
- /root/TraderBOT/orchestrator/utils/module-manager.cjs
- /root/TraderBOT/orchestrator/core/orchestrator.cjs
- /root/TraderBOT/run.cjs
[2026-08-04T18:48:55.413Z] [SUCCESS] Collector enabled → BTCUSDT.bitget_spot
[2026-08-04T18:48:55.413Z] [INFO] Collector enabled → BTCUSDT.bitget_spot
[2026-08-04T18:48:55.413Z] [INFO] Enabling collector → BTCUSDT.bitget_futures
[2026-08-04T18:48:55.414Z] [INFO] Connecting Bitget Futures WS → wss://ws.bitget.com/v2/ws/public
[2026-08-04T18:48:55.416Z] [SUCCESS] Bitget Futures Enterprise Collector Started → BTCUSDT
[2026-08-04T18:48:55.416Z] [SUCCESS] Collector started → BTCUSDT.bitget_futures
[2026-08-04T18:48:55.416Z] [SUCCESS] Collector enabled → BTCUSDT.bitget_futures
[2026-08-04T18:48:55.416Z] [INFO] Collector enabled → BTCUSDT.bitget_futures
[2026-08-04T18:48:55.416Z] [INFO] Enabling collector → ETHUSDT.binance_spot
[2026-08-04T18:48:55.416Z] [ERROR] CollectorLoader error → ETHUSDT.binance_spot: Cannot find module '../../../orchestrator/cluster/worker-context.cjs'
Require stack:
- /root/TraderBOT/collector/realtime/spot/orderbook/depth_absorption.cjs
- /root/TraderBOT/collector/realtime/spot/exchanges/binance_spot-realtime.cjs
- /root/TraderBOT/orchestrator/utils/collector-loader.cjs
- /root/TraderBOT/orchestrator/utils/module-manager.cjs
- /root/TraderBOT/orchestrator/core/orchestrator.cjs
- /root/TraderBOT/run.cjs
[2026-08-04T18:48:55.416Z] [SUCCESS] Collector enabled → ETHUSDT.binance_spot
[2026-08-04T18:48:55.416Z] [INFO] Collector enabled → ETHUSDT.binance_spot
[2026-08-04T18:48:55.416Z] [INFO] Enabling collector → ETHUSDT.binance_futures
[2026-08-04T18:48:55.417Z] [INFO] Connecting Binance Futures WS → wss://fstream.binance.com/stream?streams=ethusdt@trade/ethusdt@aggTrade/ethusdt@depth/ethusdt@bookTicker/ethusdt@markPrice/ethusdt@funding/ethusdt@kline_1m/ethusdt@forceOrder
[2026-08-04T18:48:55.418Z] [SUCCESS] Binance Futures Enterprise Collector Started → ETHUSDT
[2026-08-04T18:48:55.418Z] [SUCCESS] Collector started → ETHUSDT.binance_futures
[2026-08-04T18:48:55.418Z] [SUCCESS] Collector enabled → ETHUSDT.binance_futures
[2026-08-04T18:48:55.418Z] [INFO] Collector enabled → ETHUSDT.binance_futures
[2026-08-04T18:48:55.418Z] [INFO] Enabling collector → ETHUSDT.bybit_spot
[2026-08-04T18:48:55.418Z] [ERROR] CollectorLoader error → ETHUSDT.bybit_spot: Cannot find module '../../../orchestrator/cluster/worker-context.cjs'
Require stack:
- /root/TraderBOT/collector/realtime/spot/orderbook/depth_absorption.cjs
- /root/TraderBOT/collector/realtime/spot/exchanges/binance_spot-realtime.cjs
- /root/TraderBOT/orchestrator/utils/collector-loader.cjs
- /root/TraderBOT/orchestrator/utils/module-manager.cjs
- /root/TraderBOT/orchestrator/core/orchestrator.cjs
- /root/TraderBOT/run.cjs
[2026-08-04T18:48:55.419Z] [SUCCESS] Collector enabled → ETHUSDT.bybit_spot
[2026-08-04T18:48:55.419Z] [INFO] Collector enabled → ETHUSDT.bybit_spot
[2026-08-04T18:48:55.419Z] [INFO] Enabling collector → ETHUSDT.bybit_futures
[2026-08-04T18:48:55.419Z] [INFO] Connecting Bybit Futures WS → wss://stream.bybit.com/v5/public/linear
[2026-08-04T18:48:55.420Z] [SUCCESS] Bybit Futures Enterprise Collector Started → ETHUSDT
[2026-08-04T18:48:55.420Z] [SUCCESS] Collector started → ETHUSDT.bybit_futures
[2026-08-04T18:48:55.420Z] [SUCCESS] Collector enabled → ETHUSDT.bybit_futures
[2026-08-04T18:48:55.420Z] [INFO] Collector enabled → ETHUSDT.bybit_futures
[2026-08-04T18:48:55.421Z] [INFO] Enabling collector → ETHUSDT.okx_spot
[2026-08-04T18:48:55.421Z] [ERROR] CollectorLoader error → ETHUSDT.okx_spot: Cannot find module '../../../orchestrator/cluster/worker-context.cjs'
Require stack:
- /root/TraderBOT/collector/realtime/spot/orderbook/depth_absorption.cjs
- /root/TraderBOT/collector/realtime/spot/exchanges/binance_spot-realtime.cjs
- /root/TraderBOT/orchestrator/utils/collector-loader.cjs
- /root/TraderBOT/orchestrator/utils/module-manager.cjs
- /root/TraderBOT/orchestrator/core/orchestrator.cjs
- /root/TraderBOT/run.cjs
[2026-08-04T18:48:55.421Z] [SUCCESS] Collector enabled → ETHUSDT.okx_spot
[2026-08-04T18:48:55.421Z] [INFO] Collector enabled → ETHUSDT.okx_spot
[2026-08-04T18:48:55.421Z] [INFO] Enabling collector → ETHUSDT.okx_futures
[2026-08-04T18:48:55.421Z] [INFO] Connecting OKX Futures WS → wss://ws.okx.com:8443/ws/v5/public
[2026-08-04T18:48:55.422Z] [SUCCESS] OKX Futures Enterprise Collector Started → ETHUSDT
[2026-08-04T18:48:55.423Z] [SUCCESS] Collector started → ETHUSDT.okx_futures
[2026-08-04T18:48:55.423Z] [SUCCESS] Collector enabled → ETHUSDT.okx_futures
[2026-08-04T18:48:55.423Z] [INFO] Collector enabled → ETHUSDT.okx_futures
[2026-08-04T18:48:55.424Z] [INFO] Enabling collector → ETHUSDT.kucoin_spot
[2026-08-04T18:48:55.424Z] [ERROR] CollectorLoader error → ETHUSDT.kucoin_spot: Cannot find module '../../../orchestrator/cluster/worker-context.cjs'
Require stack:
- /root/TraderBOT/collector/realtime/spot/orderbook/depth_absorption.cjs
- /root/TraderBOT/collector/realtime/spot/exchanges/binance_spot-realtime.cjs
- /root/TraderBOT/orchestrator/utils/collector-loader.cjs
- /root/TraderBOT/orchestrator/utils/module-manager.cjs
- /root/TraderBOT/orchestrator/core/orchestrator.cjs
- /root/TraderBOT/run.cjs
[2026-08-04T18:48:55.424Z] [SUCCESS] Collector enabled → ETHUSDT.kucoin_spot
[2026-08-04T18:48:55.424Z] [INFO] Collector enabled → ETHUSDT.kucoin_spot
[2026-08-04T18:48:55.424Z] [INFO] Enabling collector → ETHUSDT.kucoin_futures
[2026-08-04T18:48:55.425Z] [ERROR] CollectorLoader error → ETHUSDT.kucoin_futures: Cannot find module '../orderbook/depth_5.cjs'
Require stack:
- /root/TraderBOT/collector/realtime/futures/exchanges/kucoin_futures-realtime.cjs
- /root/TraderBOT/orchestrator/utils/collector-loader.cjs
- /root/TraderBOT/orchestrator/utils/module-manager.cjs
- /root/TraderBOT/orchestrator/core/orchestrator.cjs
- /root/TraderBOT/run.cjs
[2026-08-04T18:48:55.425Z] [SUCCESS] Collector enabled → ETHUSDT.kucoin_futures
[2026-08-04T18:48:55.425Z] [INFO] Collector enabled → ETHUSDT.kucoin_futures
[2026-08-04T18:48:55.425Z] [INFO] Enabling collector → ETHUSDT.bitget_spot
[2026-08-04T18:48:55.426Z] [ERROR] CollectorLoader error → ETHUSDT.bitget_spot: Cannot find module '../../../orchestrator/cluster/worker-context.cjs'
Require stack:
- /root/TraderBOT/collector/realtime/spot/orderbook/depth_absorption.cjs
- /root/TraderBOT/collector/realtime/spot/exchanges/binance_spot-realtime.cjs
- /root/TraderBOT/orchestrator/utils/collector-loader.cjs
- /root/TraderBOT/orchestrator/utils/module-manager.cjs
- /root/TraderBOT/orchestrator/core/orchestrator.cjs
- /root/TraderBOT/run.cjs
[2026-08-04T18:48:55.426Z] [SUCCESS] Collector enabled → ETHUSDT.bitget_spot
[2026-08-04T18:48:55.426Z] [INFO] Collector enabled → ETHUSDT.bitget_spot
[2026-08-04T18:48:55.426Z] [INFO] Enabling collector → ETHUSDT.bitget_futures
[2026-08-04T18:48:55.426Z] [INFO] Connecting Bitget Futures WS → wss://ws.bitget.com/v2/ws/public
[2026-08-04T18:48:55.427Z] [SUCCESS] Bitget Futures Enterprise Collector Started → ETHUSDT
[2026-08-04T18:48:55.427Z] [SUCCESS] Collector started → ETHUSDT.bitget_futures
[2026-08-04T18:48:55.427Z] [SUCCESS] Collector enabled → ETHUSDT.bitget_futures
[2026-08-04T18:48:55.427Z] [INFO] Collector enabled → ETHUSDT.bitget_futures
[2026-08-04T18:48:55.947Z] [SUCCESS] WS Connected → Bybit Futures (ETHUSDT)
[2026-08-04T18:48:55.951Z] [SUCCESS] WS Connected → Bybit Futures (BTCUSDT)
[2026-08-04T18:48:56.128Z] [SUCCESS] WS Connected → Binance Futures (ETHUSDT)
[2026-08-04T18:48:56.128Z] [SUCCESS] WS Connected → Binance Futures (BTCUSDT)
[2026-08-04T18:48:56.155Z] [SUCCESS] WS Connected → Bitget Futures (BTCUSDT)
[2026-08-04T18:48:56.156Z] [SUCCESS] WS Connected → Bitget Futures (ETHUSDT)
[2026-08-04T18:48:56.163Z] [SUCCESS] WS Connected → OKX Futures (ETH-USDT-SWAP)
[2026-08-04T18:48:56.206Z] [SUCCESS] WS Connected → OKX Futures (BTC-USDT-SWAP)
[2026-08-04T18:56:29.782Z] [INFO] Orchestrator starting...
[2026-08-04T18:56:29.795Z] [INFO] SymbolEngine initialized.
[2026-08-04T18:56:29.796Z] [INFO] BackoffEngine initialized.
[2026-08-04T18:56:29.796Z] [INFO] KillSwitchEngine initialized.
[2026-08-04T18:56:29.796Z] [INFO] ModuleManager initialized.
[2026-08-04T18:56:29.796Z] [INFO] StateManager initialized.
[2026-08-04T18:56:29.797Z] [SUCCESS] Orchestrator fully initialized.
[2026-08-04T18:56:29.797Z] [INFO] Enabling collector → BTCUSDT.binance_spot
[2026-08-04T18:56:29.839Z] [ERROR] CollectorLoader error → BTCUSDT.binance_spot: Cannot read properties of undefined (reading 'router')
[2026-08-04T18:56:29.839Z] [SUCCESS] Collector enabled → BTCUSDT.binance_spot
[2026-08-04T18:56:29.839Z] [INFO] Collector enabled → BTCUSDT.binance_spot
[2026-08-04T18:56:29.839Z] [INFO] Enabling collector → BTCUSDT.binance_futures
[2026-08-04T18:56:29.856Z] [INFO] Connecting Binance Futures WS → wss://fstream.binance.com/stream?streams=btcusdt@trade/btcusdt@aggTrade/btcusdt@depth/btcusdt@bookTicker/btcusdt@markPrice/btcusdt@funding/btcusdt@kline_1m/btcusdt@forceOrder
[2026-08-04T18:56:29.892Z] [SUCCESS] Binance Futures Enterprise Collector Started → BTCUSDT
[2026-08-04T18:56:29.892Z] [SUCCESS] Collector started → BTCUSDT.binance_futures
[2026-08-04T18:56:29.892Z] [SUCCESS] Collector enabled → BTCUSDT.binance_futures
[2026-08-04T18:56:29.892Z] [INFO] Collector enabled → BTCUSDT.binance_futures
[2026-08-04T18:56:29.893Z] [INFO] Enabling collector → BTCUSDT.bybit_spot
[2026-08-04T18:56:29.894Z] [ERROR] CollectorLoader error → BTCUSDT.bybit_spot: Cannot read properties of undefined (reading 'router')
[2026-08-04T18:56:29.894Z] [SUCCESS] Collector enabled → BTCUSDT.bybit_spot
[2026-08-04T18:56:29.894Z] [INFO] Collector enabled → BTCUSDT.bybit_spot
[2026-08-04T18:56:29.894Z] [INFO] Enabling collector → BTCUSDT.bybit_futures
[2026-08-04T18:56:29.896Z] [INFO] Connecting Bybit Futures WS → wss://stream.bybit.com/v5/public/linear
[2026-08-04T18:56:29.897Z] [SUCCESS] Bybit Futures Enterprise Collector Started → BTCUSDT
[2026-08-04T18:56:29.901Z] [SUCCESS] Collector started → BTCUSDT.bybit_futures
[2026-08-04T18:56:29.902Z] [SUCCESS] Collector enabled → BTCUSDT.bybit_futures
[2026-08-04T18:56:29.902Z] [INFO] Collector enabled → BTCUSDT.bybit_futures
[2026-08-04T18:56:29.902Z] [INFO] Enabling collector → BTCUSDT.okx_spot
[2026-08-04T18:56:29.903Z] [ERROR] CollectorLoader error → BTCUSDT.okx_spot: Cannot read properties of undefined (reading 'router')
[2026-08-04T18:56:29.903Z] [SUCCESS] Collector enabled → BTCUSDT.okx_spot
[2026-08-04T18:56:29.903Z] [INFO] Collector enabled → BTCUSDT.okx_spot
[2026-08-04T18:56:29.904Z] [INFO] Enabling collector → BTCUSDT.okx_futures
[2026-08-04T18:56:29.905Z] [INFO] Connecting OKX Futures WS → wss://ws.okx.com:8443/ws/v5/public
[2026-08-04T18:56:29.906Z] [SUCCESS] OKX Futures Enterprise Collector Started → BTCUSDT
[2026-08-04T18:56:29.906Z] [SUCCESS] Collector started → BTCUSDT.okx_futures
[2026-08-04T18:56:29.906Z] [SUCCESS] Collector enabled → BTCUSDT.okx_futures
[2026-08-04T18:56:29.906Z] [INFO] Collector enabled → BTCUSDT.okx_futures
[2026-08-04T18:56:29.906Z] [INFO] Enabling collector → BTCUSDT.kucoin_spot
[2026-08-04T18:56:29.908Z] [ERROR] CollectorLoader error → BTCUSDT.kucoin_spot: Cannot read properties of undefined (reading 'router')
[2026-08-04T18:56:29.908Z] [SUCCESS] Collector enabled → BTCUSDT.kucoin_spot
[2026-08-04T18:56:29.908Z] [INFO] Collector enabled → BTCUSDT.kucoin_spot
[2026-08-04T18:56:29.908Z] [INFO] Enabling collector → BTCUSDT.kucoin_futures
[2026-08-04T18:56:29.910Z] [ERROR] CollectorLoader error → BTCUSDT.kucoin_futures: Cannot find module '../orderbook/depth_5.cjs'
Require stack:
- /root/TraderBOT/collector/realtime/futures/exchanges/kucoin_futures-realtime.cjs
- /root/TraderBOT/orchestrator/utils/collector-loader.cjs
- /root/TraderBOT/orchestrator/utils/module-manager.cjs
- /root/TraderBOT/orchestrator/core/orchestrator.cjs
- /root/TraderBOT/run.cjs
[2026-08-04T18:56:29.910Z] [SUCCESS] Collector enabled → BTCUSDT.kucoin_futures
[2026-08-04T18:56:29.910Z] [INFO] Collector enabled → BTCUSDT.kucoin_futures
[2026-08-04T18:56:29.911Z] [INFO] Enabling collector → BTCUSDT.bitget_spot
[2026-08-04T18:56:29.912Z] [ERROR] CollectorLoader error → BTCUSDT.bitget_spot: Cannot read properties of undefined (reading 'router')
[2026-08-04T18:56:29.912Z] [SUCCESS] Collector enabled → BTCUSDT.bitget_spot
[2026-08-04T18:56:29.912Z] [INFO] Collector enabled → BTCUSDT.bitget_spot
[2026-08-04T18:56:29.912Z] [INFO] Enabling collector → BTCUSDT.bitget_futures
[2026-08-04T18:56:29.913Z] [INFO] Connecting Bitget Futures WS → wss://ws.bitget.com/v2/ws/public
[2026-08-04T18:56:29.916Z] [SUCCESS] Bitget Futures Enterprise Collector Started → BTCUSDT
[2026-08-04T18:56:29.916Z] [SUCCESS] Collector started → BTCUSDT.bitget_futures
[2026-08-04T18:56:29.916Z] [SUCCESS] Collector enabled → BTCUSDT.bitget_futures
[2026-08-04T18:56:29.916Z] [INFO] Collector enabled → BTCUSDT.bitget_futures
[2026-08-04T18:56:29.916Z] [INFO] Enabling collector → ETHUSDT.binance_spot
[2026-08-04T18:56:29.916Z] [ERROR] CollectorLoader error → ETHUSDT.binance_spot: Cannot read properties of undefined (reading 'router')
[2026-08-04T18:56:29.917Z] [SUCCESS] Collector enabled → ETHUSDT.binance_spot
[2026-08-04T18:56:29.917Z] [INFO] Collector enabled → ETHUSDT.binance_spot
[2026-08-04T18:56:29.917Z] [INFO] Enabling collector → ETHUSDT.binance_futures
[2026-08-04T18:56:29.917Z] [INFO] Connecting Binance Futures WS → wss://fstream.binance.com/stream?streams=ethusdt@trade/ethusdt@aggTrade/ethusdt@depth/ethusdt@bookTicker/ethusdt@markPrice/ethusdt@funding/ethusdt@kline_1m/ethusdt@forceOrder
[2026-08-04T18:56:29.918Z] [SUCCESS] Binance Futures Enterprise Collector Started → ETHUSDT
[2026-08-04T18:56:29.918Z] [SUCCESS] Collector started → ETHUSDT.binance_futures
[2026-08-04T18:56:29.919Z] [SUCCESS] Collector enabled → ETHUSDT.binance_futures
[2026-08-04T18:56:29.920Z] [INFO] Collector enabled → ETHUSDT.binance_futures
[2026-08-04T18:56:29.920Z] [INFO] Enabling collector → ETHUSDT.bybit_spot
[2026-08-04T18:56:29.920Z] [ERROR] CollectorLoader error → ETHUSDT.bybit_spot: Cannot read properties of undefined (reading 'router')
[2026-08-04T18:56:29.920Z] [SUCCESS] Collector enabled → ETHUSDT.bybit_spot
[2026-08-04T18:56:29.920Z] [INFO] Collector enabled → ETHUSDT.bybit_spot
[2026-08-04T18:56:29.921Z] [INFO] Enabling collector → ETHUSDT.bybit_futures
[2026-08-04T18:56:29.921Z] [INFO] Connecting Bybit Futures WS → wss://stream.bybit.com/v5/public/linear
[2026-08-04T18:56:29.922Z] [SUCCESS] Bybit Futures Enterprise Collector Started → ETHUSDT
[2026-08-04T18:56:29.923Z] [SUCCESS] Collector started → ETHUSDT.bybit_futures
[2026-08-04T18:56:29.923Z] [SUCCESS] Collector enabled → ETHUSDT.bybit_futures
[2026-08-04T18:56:29.923Z] [INFO] Collector enabled → ETHUSDT.bybit_futures
[2026-08-04T18:56:29.923Z] [INFO] Enabling collector → ETHUSDT.okx_spot
[2026-08-04T18:56:29.923Z] [ERROR] CollectorLoader error → ETHUSDT.okx_spot: Cannot read properties of undefined (reading 'router')
[2026-08-04T18:56:29.923Z] [SUCCESS] Collector enabled → ETHUSDT.okx_spot
[2026-08-04T18:56:29.923Z] [INFO] Collector enabled → ETHUSDT.okx_spot
[2026-08-04T18:56:29.923Z] [INFO] Enabling collector → ETHUSDT.okx_futures
[2026-08-04T18:56:29.923Z] [INFO] Connecting OKX Futures WS → wss://ws.okx.com:8443/ws/v5/public
[2026-08-04T18:56:29.926Z] [SUCCESS] OKX Futures Enterprise Collector Started → ETHUSDT
[2026-08-04T18:56:29.926Z] [SUCCESS] Collector started → ETHUSDT.okx_futures
[2026-08-04T18:56:29.926Z] [SUCCESS] Collector enabled → ETHUSDT.okx_futures
[2026-08-04T18:56:29.926Z] [INFO] Collector enabled → ETHUSDT.okx_futures
[2026-08-04T18:56:29.926Z] [INFO] Enabling collector → ETHUSDT.kucoin_spot
[2026-08-04T18:56:29.926Z] [ERROR] CollectorLoader error → ETHUSDT.kucoin_spot: Cannot read properties of undefined (reading 'router')
[2026-08-04T18:56:29.926Z] [SUCCESS] Collector enabled → ETHUSDT.kucoin_spot
[2026-08-04T18:56:29.926Z] [INFO] Collector enabled → ETHUSDT.kucoin_spot
[2026-08-04T18:56:29.926Z] [INFO] Enabling collector → ETHUSDT.kucoin_futures
[2026-08-04T18:56:29.927Z] [ERROR] CollectorLoader error → ETHUSDT.kucoin_futures: Cannot find module '../orderbook/depth_5.cjs'
Require stack:
- /root/TraderBOT/collector/realtime/futures/exchanges/kucoin_futures-realtime.cjs
- /root/TraderBOT/orchestrator/utils/collector-loader.cjs
- /root/TraderBOT/orchestrator/utils/module-manager.cjs
- /root/TraderBOT/orchestrator/core/orchestrator.cjs
- /root/TraderBOT/run.cjs
[2026-08-04T18:56:29.927Z] [SUCCESS] Collector enabled → ETHUSDT.kucoin_futures
[2026-08-04T18:56:29.927Z] [INFO] Collector enabled → ETHUSDT.kucoin_futures
[2026-08-04T18:56:29.927Z] [INFO] Enabling collector → ETHUSDT.bitget_spot
[2026-08-04T18:56:29.927Z] [ERROR] CollectorLoader error → ETHUSDT.bitget_spot: Cannot read properties of undefined (reading 'router')
[2026-08-04T18:56:29.928Z] [SUCCESS] Collector enabled → ETHUSDT.bitget_spot
[2026-08-04T18:56:29.928Z] [INFO] Collector enabled → ETHUSDT.bitget_spot
[2026-08-04T18:56:29.928Z] [INFO] Enabling collector → ETHUSDT.bitget_futures
[2026-08-04T18:56:29.928Z] [INFO] Connecting Bitget Futures WS → wss://ws.bitget.com/v2/ws/public
[2026-08-04T18:56:29.930Z] [SUCCESS] Bitget Futures Enterprise Collector Started → ETHUSDT
[2026-08-04T18:56:29.931Z] [SUCCESS] Collector started → ETHUSDT.bitget_futures
[2026-08-04T18:56:29.931Z] [SUCCESS] Collector enabled → ETHUSDT.bitget_futures
[2026-08-04T18:56:29.931Z] [INFO] Collector enabled → ETHUSDT.bitget_futures
[2026-08-04T18:56:30.451Z] [SUCCESS] WS Connected → Bybit Futures (BTCUSDT)
[2026-08-04T18:56:30.452Z] [SUCCESS] WS Connected → Bybit Futures (ETHUSDT)
[2026-08-04T18:56:30.627Z] [SUCCESS] WS Connected → Binance Futures (BTCUSDT)
[2026-08-04T18:56:30.634Z] [SUCCESS] WS Connected → Binance Futures (ETHUSDT)
[2026-08-04T18:56:30.638Z] [SUCCESS] WS Connected → Bitget Futures (ETHUSDT)
[2026-08-04T18:56:30.652Z] [SUCCESS] WS Connected → OKX Futures (ETH-USDT-SWAP)
[2026-08-04T18:56:30.653Z] [SUCCESS] WS Connected → Bitget Futures (BTCUSDT)
[2026-08-04T18:56:30.696Z] [SUCCESS] WS Connected → OKX Futures (BTC-USDT-SWAP)
[2026-08-04T18:57:04.614Z] [INFO] Orchestrator starting...
[2026-08-04T18:57:04.623Z] [INFO] SymbolEngine initialized.
[2026-08-04T18:57:04.624Z] [INFO] BackoffEngine initialized.
[2026-08-04T18:57:04.624Z] [INFO] KillSwitchEngine initialized.
[2026-08-04T18:57:04.624Z] [INFO] ModuleManager initialized.
[2026-08-04T18:57:04.625Z] [INFO] StateManager initialized.
[2026-08-04T18:57:04.625Z] [SUCCESS] Orchestrator fully initialized.
[2026-08-04T18:57:04.625Z] [INFO] Enabling collector → BTCUSDT.binance_spot
[2026-08-04T18:57:04.674Z] [ERROR] CollectorLoader error → BTCUSDT.binance_spot: Cannot read properties of undefined (reading 'router')
[2026-08-04T18:57:04.675Z] [SUCCESS] Collector enabled → BTCUSDT.binance_spot
[2026-08-04T18:57:04.675Z] [INFO] Collector enabled → BTCUSDT.binance_spot
[2026-08-04T18:57:04.675Z] [INFO] Enabling collector → BTCUSDT.binance_futures
[2026-08-04T18:57:04.691Z] [INFO] Connecting Binance Futures WS → wss://fstream.binance.com/stream?streams=btcusdt@trade/btcusdt@aggTrade/btcusdt@depth/btcusdt@bookTicker/btcusdt@markPrice/btcusdt@funding/btcusdt@kline_1m/btcusdt@forceOrder
[2026-08-04T18:57:04.728Z] [SUCCESS] Binance Futures Enterprise Collector Started → BTCUSDT
[2026-08-04T18:57:04.728Z] [SUCCESS] Collector started → BTCUSDT.binance_futures
[2026-08-04T18:57:04.728Z] [SUCCESS] Collector enabled → BTCUSDT.binance_futures
[2026-08-04T18:57:04.728Z] [INFO] Collector enabled → BTCUSDT.binance_futures
[2026-08-04T18:57:04.728Z] [INFO] Enabling collector → BTCUSDT.bybit_spot
[2026-08-04T18:57:04.730Z] [ERROR] CollectorLoader error → BTCUSDT.bybit_spot: Cannot read properties of undefined (reading 'router')
[2026-08-04T18:57:04.730Z] [SUCCESS] Collector enabled → BTCUSDT.bybit_spot
[2026-08-04T18:57:04.730Z] [INFO] Collector enabled → BTCUSDT.bybit_spot
[2026-08-04T18:57:04.730Z] [INFO] Enabling collector → BTCUSDT.bybit_futures
[2026-08-04T18:57:04.731Z] [INFO] Connecting Bybit Futures WS → wss://stream.bybit.com/v5/public/linear
[2026-08-04T18:57:04.733Z] [SUCCESS] Bybit Futures Enterprise Collector Started → BTCUSDT
[2026-08-04T18:57:04.733Z] [SUCCESS] Collector started → BTCUSDT.bybit_futures
[2026-08-04T18:57:04.733Z] [SUCCESS] Collector enabled → BTCUSDT.bybit_futures
[2026-08-04T18:57:04.733Z] [INFO] Collector enabled → BTCUSDT.bybit_futures
[2026-08-04T18:57:04.734Z] [INFO] Enabling collector → BTCUSDT.okx_spot
[2026-08-04T18:57:04.735Z] [ERROR] CollectorLoader error → BTCUSDT.okx_spot: Cannot read properties of undefined (reading 'router')
[2026-08-04T18:57:04.735Z] [SUCCESS] Collector enabled → BTCUSDT.okx_spot
[2026-08-04T18:57:04.735Z] [INFO] Collector enabled → BTCUSDT.okx_spot
[2026-08-04T18:57:04.735Z] [INFO] Enabling collector → BTCUSDT.okx_futures
[2026-08-04T18:57:04.736Z] [INFO] Connecting OKX Futures WS → wss://ws.okx.com:8443/ws/v5/public
[2026-08-04T18:57:04.738Z] [SUCCESS] OKX Futures Enterprise Collector Started → BTCUSDT
[2026-08-04T18:57:04.738Z] [SUCCESS] Collector started → BTCUSDT.okx_futures
[2026-08-04T18:57:04.738Z] [SUCCESS] Collector enabled → BTCUSDT.okx_futures
[2026-08-04T18:57:04.738Z] [INFO] Collector enabled → BTCUSDT.okx_futures
[2026-08-04T18:57:04.738Z] [INFO] Enabling collector → BTCUSDT.kucoin_spot
[2026-08-04T18:57:04.742Z] [ERROR] CollectorLoader error → BTCUSDT.kucoin_spot: Cannot read properties of undefined (reading 'router')
[2026-08-04T18:57:04.742Z] [SUCCESS] Collector enabled → BTCUSDT.kucoin_spot
[2026-08-04T18:57:04.742Z] [INFO] Collector enabled → BTCUSDT.kucoin_spot
[2026-08-04T18:57:04.743Z] [INFO] Enabling collector → BTCUSDT.kucoin_futures
[2026-08-04T18:57:04.744Z] [ERROR] CollectorLoader error → BTCUSDT.kucoin_futures: Cannot find module '../orderbook/depth_5.cjs'
Require stack:
- /root/TraderBOT/collector/realtime/futures/exchanges/kucoin_futures-realtime.cjs
- /root/TraderBOT/orchestrator/utils/collector-loader.cjs
- /root/TraderBOT/orchestrator/utils/module-manager.cjs
- /root/TraderBOT/orchestrator/core/orchestrator.cjs
- /root/TraderBOT/run.cjs
[2026-08-04T18:57:04.744Z] [SUCCESS] Collector enabled → BTCUSDT.kucoin_futures
[2026-08-04T18:57:04.744Z] [INFO] Collector enabled → BTCUSDT.kucoin_futures
[2026-08-04T18:57:04.744Z] [INFO] Enabling collector → BTCUSDT.bitget_spot
[2026-08-04T18:57:04.745Z] [ERROR] CollectorLoader error → BTCUSDT.bitget_spot: Cannot read properties of undefined (reading 'router')
[2026-08-04T18:57:04.746Z] [SUCCESS] Collector enabled → BTCUSDT.bitget_spot
[2026-08-04T18:57:04.746Z] [INFO] Collector enabled → BTCUSDT.bitget_spot
[2026-08-04T18:57:04.746Z] [INFO] Enabling collector → BTCUSDT.bitget_futures
[2026-08-04T18:57:04.748Z] [INFO] Connecting Bitget Futures WS → wss://ws.bitget.com/v2/ws/public
[2026-08-04T18:57:04.749Z] [SUCCESS] Bitget Futures Enterprise Collector Started → BTCUSDT
[2026-08-04T18:57:04.749Z] [SUCCESS] Collector started → BTCUSDT.bitget_futures
[2026-08-04T18:57:04.749Z] [SUCCESS] Collector enabled → BTCUSDT.bitget_futures
[2026-08-04T18:57:04.749Z] [INFO] Collector enabled → BTCUSDT.bitget_futures
[2026-08-04T18:57:04.749Z] [INFO] Enabling collector → ETHUSDT.binance_spot
[2026-08-04T18:57:04.750Z] [ERROR] CollectorLoader error → ETHUSDT.binance_spot: Cannot read properties of undefined (reading 'router')
[2026-08-04T18:57:04.750Z] [SUCCESS] Collector enabled → ETHUSDT.binance_spot
[2026-08-04T18:57:04.750Z] [INFO] Collector enabled → ETHUSDT.binance_spot
[2026-08-04T18:57:04.750Z] [INFO] Enabling collector → ETHUSDT.binance_futures
[2026-08-04T18:57:04.750Z] [INFO] Connecting Binance Futures WS → wss://fstream.binance.com/stream?streams=ethusdt@trade/ethusdt@aggTrade/ethusdt@depth/ethusdt@bookTicker/ethusdt@markPrice/ethusdt@funding/ethusdt@kline_1m/ethusdt@forceOrder
[2026-08-04T18:57:04.751Z] [SUCCESS] Binance Futures Enterprise Collector Started → ETHUSDT
[2026-08-04T18:57:04.751Z] [SUCCESS] Collector started → ETHUSDT.binance_futures
[2026-08-04T18:57:04.751Z] [SUCCESS] Collector enabled → ETHUSDT.binance_futures
[2026-08-04T18:57:04.751Z] [INFO] Collector enabled → ETHUSDT.binance_futures
[2026-08-04T18:57:04.751Z] [INFO] Enabling collector → ETHUSDT.bybit_spot
[2026-08-04T18:57:04.751Z] [ERROR] CollectorLoader error → ETHUSDT.bybit_spot: Cannot read properties of undefined (reading 'router')
[2026-08-04T18:57:04.752Z] [SUCCESS] Collector enabled → ETHUSDT.bybit_spot
[2026-08-04T18:57:04.752Z] [INFO] Collector enabled → ETHUSDT.bybit_spot
[2026-08-04T18:57:04.752Z] [INFO] Enabling collector → ETHUSDT.bybit_futures
[2026-08-04T18:57:04.752Z] [INFO] Connecting Bybit Futures WS → wss://stream.bybit.com/v5/public/linear
[2026-08-04T18:57:04.753Z] [SUCCESS] Bybit Futures Enterprise Collector Started → ETHUSDT
[2026-08-04T18:57:04.753Z] [SUCCESS] Collector started → ETHUSDT.bybit_futures
[2026-08-04T18:57:04.753Z] [SUCCESS] Collector enabled → ETHUSDT.bybit_futures
[2026-08-04T18:57:04.754Z] [INFO] Collector enabled → ETHUSDT.bybit_futures
[2026-08-04T18:57:04.754Z] [INFO] Enabling collector → ETHUSDT.okx_spot
[2026-08-04T18:57:04.754Z] [ERROR] CollectorLoader error → ETHUSDT.okx_spot: Cannot read properties of undefined (reading 'router')
[2026-08-04T18:57:04.754Z] [SUCCESS] Collector enabled → ETHUSDT.okx_spot
[2026-08-04T18:57:04.754Z] [INFO] Collector enabled → ETHUSDT.okx_spot
[2026-08-04T18:57:04.754Z] [INFO] Enabling collector → ETHUSDT.okx_futures
[2026-08-04T18:57:04.754Z] [INFO] Connecting OKX Futures WS → wss://ws.okx.com:8443/ws/v5/public
[2026-08-04T18:57:04.756Z] [SUCCESS] OKX Futures Enterprise Collector Started → ETHUSDT
[2026-08-04T18:57:04.757Z] [SUCCESS] Collector started → ETHUSDT.okx_futures
[2026-08-04T18:57:04.757Z] [SUCCESS] Collector enabled → ETHUSDT.okx_futures
[2026-08-04T18:57:04.757Z] [INFO] Collector enabled → ETHUSDT.okx_futures
[2026-08-04T18:57:04.757Z] [INFO] Enabling collector → ETHUSDT.kucoin_spot
[2026-08-04T18:57:04.757Z] [ERROR] CollectorLoader error → ETHUSDT.kucoin_spot: Cannot read properties of undefined (reading 'router')
[2026-08-04T18:57:04.757Z] [SUCCESS] Collector enabled → ETHUSDT.kucoin_spot
[2026-08-04T18:57:04.757Z] [INFO] Collector enabled → ETHUSDT.kucoin_spot
[2026-08-04T18:57:04.757Z] [INFO] Enabling collector → ETHUSDT.kucoin_futures
[2026-08-04T18:57:04.759Z] [ERROR] CollectorLoader error → ETHUSDT.kucoin_futures: Cannot find module '../orderbook/depth_5.cjs'
Require stack:
- /root/TraderBOT/collector/realtime/futures/exchanges/kucoin_futures-realtime.cjs
- /root/TraderBOT/orchestrator/utils/collector-loader.cjs
- /root/TraderBOT/orchestrator/utils/module-manager.cjs
- /root/TraderBOT/orchestrator/core/orchestrator.cjs
- /root/TraderBOT/run.cjs
[2026-08-04T18:57:04.759Z] [SUCCESS] Collector enabled → ETHUSDT.kucoin_futures
[2026-08-04T18:57:04.759Z] [INFO] Collector enabled → ETHUSDT.kucoin_futures
[2026-08-04T18:57:04.759Z] [INFO] Enabling collector → ETHUSDT.bitget_spot
[2026-08-04T18:57:04.759Z] [ERROR] CollectorLoader error → ETHUSDT.bitget_spot: Cannot read properties of undefined (reading 'router')
[2026-08-04T18:57:04.759Z] [SUCCESS] Collector enabled → ETHUSDT.bitget_spot
[2026-08-04T18:57:04.759Z] [INFO] Collector enabled → ETHUSDT.bitget_spot
[2026-08-04T18:57:04.759Z] [INFO] Enabling collector → ETHUSDT.bitget_futures
[2026-08-04T18:57:04.760Z] [INFO] Connecting Bitget Futures WS → wss://ws.bitget.com/v2/ws/public
[2026-08-04T18:57:04.761Z] [SUCCESS] Bitget Futures Enterprise Collector Started → ETHUSDT
[2026-08-04T18:57:04.761Z] [SUCCESS] Collector started → ETHUSDT.bitget_futures
[2026-08-04T18:57:04.763Z] [SUCCESS] Collector enabled → ETHUSDT.bitget_futures
[2026-08-04T18:57:04.763Z] [INFO] Collector enabled → ETHUSDT.bitget_futures
[2026-08-04T18:57:05.283Z] [SUCCESS] WS Connected → Bybit Futures (BTCUSDT)
[2026-08-04T18:57:05.285Z] [SUCCESS] WS Connected → Bybit Futures (ETHUSDT)
[2026-08-04T18:57:05.459Z] [SUCCESS] WS Connected → Bitget Futures (BTCUSDT)
[2026-08-04T18:57:05.466Z] [SUCCESS] WS Connected → Binance Futures (BTCUSDT)
[2026-08-04T18:57:05.467Z] [SUCCESS] WS Connected → Binance Futures (ETHUSDT)
[2026-08-04T18:57:05.488Z] [SUCCESS] WS Connected → Bitget Futures (ETHUSDT)
[2026-08-04T18:57:05.495Z] [SUCCESS] WS Connected → OKX Futures (BTC-USDT-SWAP)
[2026-08-04T18:57:05.498Z] [SUCCESS] WS Connected → OKX Futures (ETH-USDT-SWAP)
[2026-08-04T20:38:22.947Z] [INFO] Orchestrator starting...
[2026-08-04T20:38:22.956Z] [INFO] SymbolEngine initialized.
[2026-08-04T20:38:22.957Z] [INFO] BackoffEngine initialized.
[2026-08-04T20:38:22.957Z] [INFO] KillSwitchEngine initialized.
[2026-08-04T20:38:22.957Z] [INFO] ModuleManager initialized.
[2026-08-04T20:38:22.957Z] [INFO] StateManager initialized.
[2026-08-04T20:43:04.545Z] [INFO] Orchestrator starting...
[2026-08-04T20:43:04.546Z] [INFO] SymbolEngine initialized.
[2026-08-04T20:43:04.547Z] [INFO] BackoffEngine initialized.
[2026-08-04T20:43:04.547Z] [INFO] KillSwitchEngine initialized.
[2026-08-04T20:43:04.547Z] [INFO] ModuleManager initialized.
[2026-08-04T20:43:04.547Z] [INFO] StateManager initialized.
[2026-08-04T20:43:52.552Z] [INFO] Orchestrator starting...
[2026-08-04T20:43:52.555Z] [INFO] SymbolEngine initialized.
[2026-08-04T20:43:52.556Z] [INFO] BackoffEngine initialized.
[2026-08-04T20:43:52.556Z] [INFO] KillSwitchEngine initialized.
[2026-08-04T20:43:52.556Z] [INFO] ModuleManager initialized.
[2026-08-04T20:43:52.556Z] [INFO] StateManager initialized.
